[2025-05-11 13:36:30] local.ERROR: SQLSTATE[HY000]: General error: 1 no such table: personal_access_tokens (Connection: sqlite, SQL: select * from "personal_access_tokens" where "personal_access_tokens"."id" = 1 limit 1) {"exception":"[object] (Illuminate\\Database\\QueryException(code: HY000): SQLSTATE[HY000]: General error: 1 no such table: personal_access_tokens (Connection: sqlite, SQL: select * from \"personal_access_tokens\" where \"personal_access_tokens\".\"id\" = 1 limit 1) at D:\\BraineBase - Knowledge base management system\\my-project\\vendor\\laravel\\framework\\src\\Illuminate\\Database\\Connection.php:825)
[stacktrace]
#0 D:\\BraineBase - Knowledge base management system\\my-project\\vendor\\laravel\\framework\\src\\Illuminate\\Database\\Connection.php(779): Illuminate\\Database\\Connection->runQueryCallback('select * from \"...', Array, Object(Closure))
#1 D:\\BraineBase - Knowledge base management system\\my-project\\vendor\\laravel\\framework\\src\\Illuminate\\Database\\Connection.php(398): Illuminate\\Database\\Connection->run('select * from \"...', Array, Object(Closure))
#2 D:\\BraineBase - Knowledge base management system\\my-project\\vendor\\laravel\\framework\\src\\Illuminate\\Database\\Query\\Builder.php(3106): Illuminate\\Database\\Connection->select('select * from \"...', Array, true)
#3 D:\\BraineBase - Knowledge base management system\\my-project\\vendor\\laravel\\framework\\src\\Illuminate\\Database\\Query\\Builder.php(3091): Illuminate\\Database\\Query\\Builder->runSelect()
#4 D:\\BraineBase - Knowledge base management system\\my-project\\vendor\\laravel\\framework\\src\\Illuminate\\Database\\Query\\Builder.php(3676): Illuminate\\Database\\Query\\Builder->Illuminate\\Database\\Query\\{closure}()
#5 D:\\BraineBase - Knowledge base management system\\my-project\\vendor\\laravel\\framework\\src\\Illuminate\\Database\\Query\\Builder.php(3090): Illuminate\\Database\\Query\\Builder->onceWithColumns(Array, Object(Closure))
#6 D:\\BraineBase - Knowledge base management system\\my-project\\vendor\\laravel\\framework\\src\\Illuminate\\Database\\Eloquent\\Builder.php(811): Illuminate\\Database\\Query\\Builder->get(Array)
#7 D:\\BraineBase - Knowledge base management system\\my-project\\vendor\\laravel\\framework\\src\\Illuminate\\Database\\Eloquent\\Builder.php(793): Illuminate\\Database\\Eloquent\\Builder->getModels(Array)
#8 D:\\BraineBase - Knowledge base management system\\my-project\\vendor\\laravel\\framework\\src\\Illuminate\\Database\\Concerns\\BuildsQueries.php(343): Illuminate\\Database\\Eloquent\\Builder->get(Array)
#9 D:\\BraineBase - Knowledge base management system\\my-project\\vendor\\laravel\\framework\\src\\Illuminate\\Database\\Eloquent\\Builder.php(477): Illuminate\\Database\\Eloquent\\Builder->first(Array)
#10 D:\\BraineBase - Knowledge base management system\\my-project\\vendor\\laravel\\framework\\src\\Illuminate\\Support\\Traits\\ForwardsCalls.php(23): Illuminate\\Database\\Eloquent\\Builder->find('1')
#11 D:\\BraineBase - Knowledge base management system\\my-project\\vendor\\laravel\\framework\\src\\Illuminate\\Database\\Eloquent\\Model.php(2372): Illuminate\\Database\\Eloquent\\Model->forwardCallTo(Object(Illuminate\\Database\\Eloquent\\Builder), 'find', Array)
#12 D:\\BraineBase - Knowledge base management system\\my-project\\vendor\\laravel\\framework\\src\\Illuminate\\Database\\Eloquent\\Model.php(2384): Illuminate\\Database\\Eloquent\\Model->__call('find', Array)
#13 D:\\BraineBase - Knowledge base management system\\my-project\\vendor\\laravel\\sanctum\\src\\PersonalAccessToken.php(66): Illuminate\\Database\\Eloquent\\Model::__callStatic('find', Array)
#14 D:\\BraineBase - Knowledge base management system\\my-project\\vendor\\laravel\\sanctum\\src\\Guard.php(67): Laravel\\Sanctum\\PersonalAccessToken::findToken('sf6ZNnPUIeNkU1d...')
#15 [internal function]: Laravel\\Sanctum\\Guard->__invoke(Object(Illuminate\\Http\\Request), NULL)
#16 D:\\BraineBase - Knowledge base management system\\my-project\\vendor\\laravel\\framework\\src\\Illuminate\\Auth\\RequestGuard.php(57): call_user_func(Object(Laravel\\Sanctum\\Guard), Object(Illuminate\\Http\\Request), NULL)
#17 D:\\BraineBase - Knowledge base management system\\my-project\\vendor\\laravel\\framework\\src\\Illuminate\\Auth\\GuardHelpers.php(56): Illuminate\\Auth\\RequestGuard->user()
#18 D:\\BraineBase - Knowledge base management system\\my-project\\vendor\\laravel\\framework\\src\\Illuminate\\Auth\\Middleware\\Authenticate.php(83): Illuminate\\Auth\\RequestGuard->check()
#19 D:\\BraineBase - Knowledge base management system\\my-project\\vendor\\laravel\\framework\\src\\Illuminate\\Auth\\Middleware\\Authenticate.php(62): Illuminate\\Auth\\Middleware\\Authenticate->authenticate(Object(Illuminate\\Http\\Request), Array)
#20 D:\\BraineBase - Knowledge base management system\\my-project\\vendor\\laravel\\framework\\src\\Illuminate\\Pipeline\\Pipeline.php(209): Illuminate\\Auth\\Middleware\\Authenticate->handle(Object(Illuminate\\Http\\Request), Object(Closure), 'sanctum')
#21 D:\\BraineBase - Knowledge base management system\\my-project\\vendor\\laravel\\framework\\src\\Illuminate\\Pipeline\\Pipeline.php(127): Illuminate\\Pipeline\\Pipeline->Illuminate\\Pipeline\\{closure}(Object(Illuminate\\Http\\Request))
#22 D:\\BraineBase - Knowledge base management system\\my-project\\vendor\\laravel\\framework\\src\\Illuminate\\Routing\\Router.php(807): Illuminate\\Pipeline\\Pipeline->then(Object(Closure))
#23 D:\\BraineBase - Knowledge base management system\\my-project\\vendor\\laravel\\framework\\src\\Illuminate\\Routing\\Router.php(786): Illuminate\\Routing\\Router->runRouteWithinStack(Object(Illuminate\\Routing\\Route), Object(Illuminate\\Http\\Request))
#24 D:\\BraineBase - Knowledge base management system\\my-project\\vendor\\laravel\\framework\\src\\Illuminate\\Routing\\Router.php(750): Illuminate\\Routing\\Router->runRoute(Object(Illuminate\\Http\\Request), Object(Illuminate\\Routing\\Route))
#25 D:\\BraineBase - Knowledge base management system\\my-project\\vendor\\laravel\\framework\\src\\Illuminate\\Routing\\Router.php(739): Illuminate\\Routing\\Router->dispatchToRoute(Object(Illuminate\\Http\\Request))
#26 D:\\BraineBase - Knowledge base management system\\my-project\\vendor\\laravel\\framework\\src\\Illuminate\\Foundation\\Http\\Kernel.php(201): Illuminate\\Routing\\Router->dispatch(Object(Illuminate\\Http\\Request))
#27 D:\\BraineBase - Knowledge base management system\\my-project\\vendor\\laravel\\framework\\src\\Illuminate\\Pipeline\\Pipeline.php(170): Illuminate\\Foundation\\Http\\Kernel->Illuminate\\Foundation\\Http\\{closure}(Object(Illuminate\\Http\\Request))
#28 D:\\BraineBase - Knowledge base management system\\my-project\\vendor\\laravel\\framework\\src\\Illuminate\\Foundation\\Http\\Middleware\\TransformsRequest.php(21): Illuminate\\Pipeline\\Pipeline->Illuminate\\Pipeline\\{closure}(Object(Illuminate\\Http\\Request))
#29 D:\\BraineBase - Knowledge base management system\\my-project\\vendor\\laravel\\framework\\src\\Illuminate\\Foundation\\Http\\Middleware\\ConvertEmptyStringsToNull.php(31): Illuminate\\Foundation\\Http\\Middleware\\TransformsRequest->handle(Object(Illuminate\\Http\\Request), Object(Closure))
#30 D:\\BraineBase - Knowledge base management system\\my-project\\vendor\\laravel\\framework\\src\\Illuminate\\Pipeline\\Pipeline.php(209): Illuminate\\Foundation\\Http\\Middleware\\ConvertEmptyStringsToNull->handle(Object(Illuminate\\Http\\Request), Object(Closure))
#31 D:\\BraineBase - Knowledge base management system\\my-project\\vendor\\laravel\\framework\\src\\Illuminate\\Foundation\\Http\\Middleware\\TransformsRequest.php(21): Illuminate\\Pipeline\\Pipeline->Illuminate\\Pipeline\\{closure}(Object(Illuminate\\Http\\Request))
#32 D:\\BraineBase - Knowledge base management system\\my-project\\vendor\\laravel\\framework\\src\\Illuminate\\Foundation\\Http\\Middleware\\TrimStrings.php(51): Illuminate\\Foundation\\Http\\Middleware\\TransformsRequest->handle(Object(Illuminate\\Http\\Request), Object(Closure))
#33 D:\\BraineBase - Knowledge base management system\\my-project\\vendor\\laravel\\framework\\src\\Illuminate\\Pipeline\\Pipeline.php(209): Illuminate\\Foundation\\Http\\Middleware\\TrimStrings->handle(Object(Illuminate\\Http\\Request), Object(Closure))
#34 D:\\BraineBase - Knowledge base management system\\my-project\\vendor\\laravel\\framework\\src\\Illuminate\\Http\\Middleware\\ValidatePostSize.php(27): Illuminate\\Pipeline\\Pipeline->Illuminate\\Pipeline\\{closure}(Object(Illuminate\\Http\\Request))
#35 D:\\BraineBase - Knowledge base management system\\my-project\\vendor\\laravel\\framework\\src\\Illuminate\\Pipeline\\Pipeline.php(209): Illuminate\\Http\\Middleware\\ValidatePostSize->handle(Object(Illuminate\\Http\\Request), Object(Closure))
#36 D:\\BraineBase - Knowledge base management system\\my-project\\vendor\\laravel\\framework\\src\\Illuminate\\Foundation\\Http\\Middleware\\PreventRequestsDuringMaintenance.php(110): Illuminate\\Pipeline\\Pipeline->Illuminate\\Pipeline\\{closure}(Object(Illuminate\\Http\\Request))
#37 D:\\BraineBase - Knowledge base management system\\my-project\\vendor\\laravel\\framework\\src\\Illuminate\\Pipeline\\Pipeline.php(209): Illuminate\\Foundation\\Http\\Middleware\\PreventRequestsDuringMaintenance->handle(Object(Illuminate\\Http\\Request), Object(Closure))
#38 D:\\BraineBase - Knowledge base management system\\my-project\\vendor\\laravel\\framework\\src\\Illuminate\\Http\\Middleware\\HandleCors.php(62): Illuminate\\Pipeline\\Pipeline->Illuminate\\Pipeline\\{closure}(Object(Illuminate\\Http\\Request))
#39 D:\\BraineBase - Knowledge base management system\\my-project\\vendor\\laravel\\framework\\src\\Illuminate\\Pipeline\\Pipeline.php(209): Illuminate\\Http\\Middleware\\HandleCors->handle(Object(Illuminate\\Http\\Request), Object(Closure))
#40 D:\\BraineBase - Knowledge base management system\\my-project\\vendor\\laravel\\framework\\src\\Illuminate\\Http\\Middleware\\TrustProxies.php(58): Illuminate\\Pipeline\\Pipeline->Illuminate\\Pipeline\\{closure}(Object(Illuminate\\Http\\Request))
#41 D:\\BraineBase - Knowledge base management system\\my-project\\vendor\\laravel\\framework\\src\\Illuminate\\Pipeline\\Pipeline.php(209): Illuminate\\Http\\Middleware\\TrustProxies->handle(Object(Illuminate\\Http\\Request), Object(Closure))
#42 D:\\BraineBase - Knowledge base management system\\my-project\\vendor\\laravel\\framework\\src\\Illuminate\\Foundation\\Http\\Middleware\\InvokeDeferredCallbacks.php(22): Illuminate\\Pipeline\\Pipeline->Illuminate\\Pipeline\\{closure}(Object(Illuminate\\Http\\Request))
#43 D:\\BraineBase - Knowledge base management system\\my-project\\vendor\\laravel\\framework\\src\\Illuminate\\Pipeline\\Pipeline.php(209): Illuminate\\Foundation\\Http\\Middleware\\InvokeDeferredCallbacks->handle(Object(Illuminate\\Http\\Request), Object(Closure))
#44 D:\\BraineBase - Knowledge base management system\\my-project\\vendor\\laravel\\framework\\src\\Illuminate\\Pipeline\\Pipeline.php(127): Illuminate\\Pipeline\\Pipeline->Illuminate\\Pipeline\\{closure}(Object(Illuminate\\Http\\Request))
#45 D:\\BraineBase - Knowledge base management system\\my-project\\vendor\\laravel\\framework\\src\\Illuminate\\Foundation\\Http\\Kernel.php(176): Illuminate\\Pipeline\\Pipeline->then(Object(Closure))
#46 D:\\BraineBase - Knowledge base management system\\my-project\\vendor\\laravel\\framework\\src\\Illuminate\\Foundation\\Http\\Kernel.php(145): Illuminate\\Foundation\\Http\\Kernel->sendRequestThroughRouter(Object(Illuminate\\Http\\Request))
#47 D:\\BraineBase - Knowledge base management system\\my-project\\vendor\\laravel\\framework\\src\\Illuminate\\Foundation\\Application.php(1220): Illuminate\\Foundation\\Http\\Kernel->handle(Object(Illuminate\\Http\\Request))
#48 D:\\BraineBase - Knowledge base management system\\my-project\\public\\index.php(17): Illuminate\\Foundation\\Application->handleRequest(Object(Illuminate\\Http\\Request))
#49 D:\\BraineBase - Knowledge base management system\\my-project\\vendor\\laravel\\framework\\src\\Illuminate\\Foundation\\resources\\server.php(23): require_once('D:\\\\BraineBase -...')
#50 {main}

[previous exception] [object] (PDOException(code: HY000): SQLSTATE[HY000]: General error: 1 no such table: personal_access_tokens at D:\\BraineBase - Knowledge base management system\\my-project\\vendor\\laravel\\framework\\src\\Illuminate\\Database\\Connection.php:407)
[stacktrace]
#0 D:\\BraineBase - Knowledge base management system\\my-project\\vendor\\laravel\\framework\\src\\Illuminate\\Database\\Connection.php(407): PDO->prepare('select * from \"...')
#1 D:\\BraineBase - Knowledge base management system\\my-project\\vendor\\laravel\\framework\\src\\Illuminate\\Database\\Connection.php(812): Illuminate\\Database\\Connection->Illuminate\\Database\\{closure}('select * from \"...', Array)
#2 D:\\BraineBase - Knowledge base management system\\my-project\\vendor\\laravel\\framework\\src\\Illuminate\\Database\\Connection.php(779): Illuminate\\Database\\Connection->runQueryCallback('select * from \"...', Array, Object(Closure))
#3 D:\\BraineBase - Knowledge base management system\\my-project\\vendor\\laravel\\framework\\src\\Illuminate\\Database\\Connection.php(398): Illuminate\\Database\\Connection->run('select * from \"...', Array, Object(Closure))
#4 D:\\BraineBase - Knowledge base management system\\my-project\\vendor\\laravel\\framework\\src\\Illuminate\\Database\\Query\\Builder.php(3106): Illuminate\\Database\\Connection->select('select * from \"...', Array, true)
#5 D:\\BraineBase - Knowledge base management system\\my-project\\vendor\\laravel\\framework\\src\\Illuminate\\Database\\Query\\Builder.php(3091): Illuminate\\Database\\Query\\Builder->runSelect()
#6 D:\\BraineBase - Knowledge base management system\\my-project\\vendor\\laravel\\framework\\src\\Illuminate\\Database\\Query\\Builder.php(3676): Illuminate\\Database\\Query\\Builder->Illuminate\\Database\\Query\\{closure}()
#7 D:\\BraineBase - Knowledge base management system\\my-project\\vendor\\laravel\\framework\\src\\Illuminate\\Database\\Query\\Builder.php(3090): Illuminate\\Database\\Query\\Builder->onceWithColumns(Array, Object(Closure))
#8 D:\\BraineBase - Knowledge base management system\\my-project\\vendor\\laravel\\framework\\src\\Illuminate\\Database\\Eloquent\\Builder.php(811): Illuminate\\Database\\Query\\Builder->get(Array)
#9 D:\\BraineBase - Knowledge base management system\\my-project\\vendor\\laravel\\framework\\src\\Illuminate\\Database\\Eloquent\\Builder.php(793): Illuminate\\Database\\Eloquent\\Builder->getModels(Array)
#10 D:\\BraineBase - Knowledge base management system\\my-project\\vendor\\laravel\\framework\\src\\Illuminate\\Database\\Concerns\\BuildsQueries.php(343): Illuminate\\Database\\Eloquent\\Builder->get(Array)
#11 D:\\BraineBase - Knowledge base management system\\my-project\\vendor\\laravel\\framework\\src\\Illuminate\\Database\\Eloquent\\Builder.php(477): Illuminate\\Database\\Eloquent\\Builder->first(Array)
#12 D:\\BraineBase - Knowledge base management system\\my-project\\vendor\\laravel\\framework\\src\\Illuminate\\Support\\Traits\\ForwardsCalls.php(23): Illuminate\\Database\\Eloquent\\Builder->find('1')
#13 D:\\BraineBase - Knowledge base management system\\my-project\\vendor\\laravel\\framework\\src\\Illuminate\\Database\\Eloquent\\Model.php(2372): Illuminate\\Database\\Eloquent\\Model->forwardCallTo(Object(Illuminate\\Database\\Eloquent\\Builder), 'find', Array)
#14 D:\\BraineBase - Knowledge base management system\\my-project\\vendor\\laravel\\framework\\src\\Illuminate\\Database\\Eloquent\\Model.php(2384): Illuminate\\Database\\Eloquent\\Model->__call('find', Array)
#15 D:\\BraineBase - Knowledge base management system\\my-project\\vendor\\laravel\\sanctum\\src\\PersonalAccessToken.php(66): Illuminate\\Database\\Eloquent\\Model::__callStatic('find', Array)
#16 D:\\BraineBase - Knowledge base management system\\my-project\\vendor\\laravel\\sanctum\\src\\Guard.php(67): Laravel\\Sanctum\\PersonalAccessToken::findToken('sf6ZNnPUIeNkU1d...')
#17 [internal function]: Laravel\\Sanctum\\Guard->__invoke(Object(Illuminate\\Http\\Request), NULL)
#18 D:\\BraineBase - Knowledge base management system\\my-project\\vendor\\laravel\\framework\\src\\Illuminate\\Auth\\RequestGuard.php(57): call_user_func(Object(Laravel\\Sanctum\\Guard), Object(Illuminate\\Http\\Request), NULL)
#19 D:\\BraineBase - Knowledge base management system\\my-project\\vendor\\laravel\\framework\\src\\Illuminate\\Auth\\GuardHelpers.php(56): Illuminate\\Auth\\RequestGuard->user()
#20 D:\\BraineBase - Knowledge base management system\\my-project\\vendor\\laravel\\framework\\src\\Illuminate\\Auth\\Middleware\\Authenticate.php(83): Illuminate\\Auth\\RequestGuard->check()
#21 D:\\BraineBase - Knowledge base management system\\my-project\\vendor\\laravel\\framework\\src\\Illuminate\\Auth\\Middleware\\Authenticate.php(62): Illuminate\\Auth\\Middleware\\Authenticate->authenticate(Object(Illuminate\\Http\\Request), Array)
#22 D:\\BraineBase - Knowledge base management system\\my-project\\vendor\\laravel\\framework\\src\\Illuminate\\Pipeline\\Pipeline.php(209): Illuminate\\Auth\\Middleware\\Authenticate->handle(Object(Illuminate\\Http\\Request), Object(Closure), 'sanctum')
#23 D:\\BraineBase - Knowledge base management system\\my-project\\vendor\\laravel\\framework\\src\\Illuminate\\Pipeline\\Pipeline.php(127): Illuminate\\Pipeline\\Pipeline->Illuminate\\Pipeline\\{closure}(Object(Illuminate\\Http\\Request))
#24 D:\\BraineBase - Knowledge base management system\\my-project\\vendor\\laravel\\framework\\src\\Illuminate\\Routing\\Router.php(807): Illuminate\\Pipeline\\Pipeline->then(Object(Closure))
#25 D:\\BraineBase - Knowledge base management system\\my-project\\vendor\\laravel\\framework\\src\\Illuminate\\Routing\\Router.php(786): Illuminate\\Routing\\Router->runRouteWithinStack(Object(Illuminate\\Routing\\Route), Object(Illuminate\\Http\\Request))
#26 D:\\BraineBase - Knowledge base management system\\my-project\\vendor\\laravel\\framework\\src\\Illuminate\\Routing\\Router.php(750): Illuminate\\Routing\\Router->runRoute(Object(Illuminate\\Http\\Request), Object(Illuminate\\Routing\\Route))
#27 D:\\BraineBase - Knowledge base management system\\my-project\\vendor\\laravel\\framework\\src\\Illuminate\\Routing\\Router.php(739): Illuminate\\Routing\\Router->dispatchToRoute(Object(Illuminate\\Http\\Request))
#28 D:\\BraineBase - Knowledge base management system\\my-project\\vendor\\laravel\\framework\\src\\Illuminate\\Foundation\\Http\\Kernel.php(201): Illuminate\\Routing\\Router->dispatch(Object(Illuminate\\Http\\Request))
#29 D:\\BraineBase - Knowledge base management system\\my-project\\vendor\\laravel\\framework\\src\\Illuminate\\Pipeline\\Pipeline.php(170): Illuminate\\Foundation\\Http\\Kernel->Illuminate\\Foundation\\Http\\{closure}(Object(Illuminate\\Http\\Request))
#30 D:\\BraineBase - Knowledge base management system\\my-project\\vendor\\laravel\\framework\\src\\Illuminate\\Foundation\\Http\\Middleware\\TransformsRequest.php(21): Illuminate\\Pipeline\\Pipeline->Illuminate\\Pipeline\\{closure}(Object(Illuminate\\Http\\Request))
#31 D:\\BraineBase - Knowledge base management system\\my-project\\vendor\\laravel\\framework\\src\\Illuminate\\Foundation\\Http\\Middleware\\ConvertEmptyStringsToNull.php(31): Illuminate\\Foundation\\Http\\Middleware\\TransformsRequest->handle(Object(Illuminate\\Http\\Request), Object(Closure))
#32 D:\\BraineBase - Knowledge base management system\\my-project\\vendor\\laravel\\framework\\src\\Illuminate\\Pipeline\\Pipeline.php(209): Illuminate\\Foundation\\Http\\Middleware\\ConvertEmptyStringsToNull->handle(Object(Illuminate\\Http\\Request), Object(Closure))
#33 D:\\BraineBase - Knowledge base management system\\my-project\\vendor\\laravel\\framework\\src\\Illuminate\\Foundation\\Http\\Middleware\\TransformsRequest.php(21): Illuminate\\Pipeline\\Pipeline->Illuminate\\Pipeline\\{closure}(Object(Illuminate\\Http\\Request))
#34 D:\\BraineBase - Knowledge base management system\\my-project\\vendor\\laravel\\framework\\src\\Illuminate\\Foundation\\Http\\Middleware\\TrimStrings.php(51): Illuminate\\Foundation\\Http\\Middleware\\TransformsRequest->handle(Object(Illuminate\\Http\\Request), Object(Closure))
#35 D:\\BraineBase - Knowledge base management system\\my-project\\vendor\\laravel\\framework\\src\\Illuminate\\Pipeline\\Pipeline.php(209): Illuminate\\Foundation\\Http\\Middleware\\TrimStrings->handle(Object(Illuminate\\Http\\Request), Object(Closure))
#36 D:\\BraineBase - Knowledge base management system\\my-project\\vendor\\laravel\\framework\\src\\Illuminate\\Http\\Middleware\\ValidatePostSize.php(27): Illuminate\\Pipeline\\Pipeline->Illuminate\\Pipeline\\{closure}(Object(Illuminate\\Http\\Request))
#37 D:\\BraineBase - Knowledge base management system\\my-project\\vendor\\laravel\\framework\\src\\Illuminate\\Pipeline\\Pipeline.php(209): Illuminate\\Http\\Middleware\\ValidatePostSize->handle(Object(Illuminate\\Http\\Request), Object(Closure))
#38 D:\\BraineBase - Knowledge base management system\\my-project\\vendor\\laravel\\framework\\src\\Illuminate\\Foundation\\Http\\Middleware\\PreventRequestsDuringMaintenance.php(110): Illuminate\\Pipeline\\Pipeline->Illuminate\\Pipeline\\{closure}(Object(Illuminate\\Http\\Request))
#39 D:\\BraineBase - Knowledge base management system\\my-project\\vendor\\laravel\\framework\\src\\Illuminate\\Pipeline\\Pipeline.php(209): Illuminate\\Foundation\\Http\\Middleware\\PreventRequestsDuringMaintenance->handle(Object(Illuminate\\Http\\Request), Object(Closure))
#40 D:\\BraineBase - Knowledge base management system\\my-project\\vendor\\laravel\\framework\\src\\Illuminate\\Http\\Middleware\\HandleCors.php(62): Illuminate\\Pipeline\\Pipeline->Illuminate\\Pipeline\\{closure}(Object(Illuminate\\Http\\Request))
#41 D:\\BraineBase - Knowledge base management system\\my-project\\vendor\\laravel\\framework\\src\\Illuminate\\Pipeline\\Pipeline.php(209): Illuminate\\Http\\Middleware\\HandleCors->handle(Object(Illuminate\\Http\\Request), Object(Closure))
#42 D:\\BraineBase - Knowledge base management system\\my-project\\vendor\\laravel\\framework\\src\\Illuminate\\Http\\Middleware\\TrustProxies.php(58): Illuminate\\Pipeline\\Pipeline->Illuminate\\Pipeline\\{closure}(Object(Illuminate\\Http\\Request))
#43 D:\\BraineBase - Knowledge base management system\\my-project\\vendor\\laravel\\framework\\src\\Illuminate\\Pipeline\\Pipeline.php(209): Illuminate\\Http\\Middleware\\TrustProxies->handle(Object(Illuminate\\Http\\Request), Object(Closure))
#44 D:\\BraineBase - Knowledge base management system\\my-project\\vendor\\laravel\\framework\\src\\Illuminate\\Foundation\\Http\\Middleware\\InvokeDeferredCallbacks.php(22): Illuminate\\Pipeline\\Pipeline->Illuminate\\Pipeline\\{closure}(Object(Illuminate\\Http\\Request))
#45 D:\\BraineBase - Knowledge base management system\\my-project\\vendor\\laravel\\framework\\src\\Illuminate\\Pipeline\\Pipeline.php(209): Illuminate\\Foundation\\Http\\Middleware\\InvokeDeferredCallbacks->handle(Object(Illuminate\\Http\\Request), Object(Closure))
#46 D:\\BraineBase - Knowledge base management system\\my-project\\vendor\\laravel\\framework\\src\\Illuminate\\Pipeline\\Pipeline.php(127): Illuminate\\Pipeline\\Pipeline->Illuminate\\Pipeline\\{closure}(Object(Illuminate\\Http\\Request))
#47 D:\\BraineBase - Knowledge base management system\\my-project\\vendor\\laravel\\framework\\src\\Illuminate\\Foundation\\Http\\Kernel.php(176): Illuminate\\Pipeline\\Pipeline->then(Object(Closure))
#48 D:\\BraineBase - Knowledge base management system\\my-project\\vendor\\laravel\\framework\\src\\Illuminate\\Foundation\\Http\\Kernel.php(145): Illuminate\\Foundation\\Http\\Kernel->sendRequestThroughRouter(Object(Illuminate\\Http\\Request))
#49 D:\\BraineBase - Knowledge base management system\\my-project\\vendor\\laravel\\framework\\src\\Illuminate\\Foundation\\Application.php(1220): Illuminate\\Foundation\\Http\\Kernel->handle(Object(Illuminate\\Http\\Request))
#50 D:\\BraineBase - Knowledge base management system\\my-project\\public\\index.php(17): Illuminate\\Foundation\\Application->handleRequest(Object(Illuminate\\Http\\Request))
#51 D:\\BraineBase - Knowledge base management system\\my-project\\vendor\\laravel\\framework\\src\\Illuminate\\Foundation\\resources\\server.php(23): require_once('D:\\\\BraineBase -...')
#52 {main}
"} 
[2025-05-11 13:36:31] local.ERROR: SQLSTATE[HY000]: General error: 1 no such table: personal_access_tokens (Connection: sqlite, SQL: select * from "personal_access_tokens" where "personal_access_tokens"."id" = 1 limit 1) {"exception":"[object] (Illuminate\\Database\\QueryException(code: HY000): SQLSTATE[HY000]: General error: 1 no such table: personal_access_tokens (Connection: sqlite, SQL: select * from \"personal_access_tokens\" where \"personal_access_tokens\".\"id\" = 1 limit 1) at D:\\BraineBase - Knowledge base management system\\my-project\\vendor\\laravel\\framework\\src\\Illuminate\\Database\\Connection.php:825)
[stacktrace]
#0 D:\\BraineBase - Knowledge base management system\\my-project\\vendor\\laravel\\framework\\src\\Illuminate\\Database\\Connection.php(779): Illuminate\\Database\\Connection->runQueryCallback('select * from \"...', Array, Object(Closure))
#1 D:\\BraineBase - Knowledge base management system\\my-project\\vendor\\laravel\\framework\\src\\Illuminate\\Database\\Connection.php(398): Illuminate\\Database\\Connection->run('select * from \"...', Array, Object(Closure))
#2 D:\\BraineBase - Knowledge base management system\\my-project\\vendor\\laravel\\framework\\src\\Illuminate\\Database\\Query\\Builder.php(3106): Illuminate\\Database\\Connection->select('select * from \"...', Array, true)
#3 D:\\BraineBase - Knowledge base management system\\my-project\\vendor\\laravel\\framework\\src\\Illuminate\\Database\\Query\\Builder.php(3091): Illuminate\\Database\\Query\\Builder->runSelect()
#4 D:\\BraineBase - Knowledge base management system\\my-project\\vendor\\laravel\\framework\\src\\Illuminate\\Database\\Query\\Builder.php(3676): Illuminate\\Database\\Query\\Builder->Illuminate\\Database\\Query\\{closure}()
#5 D:\\BraineBase - Knowledge base management system\\my-project\\vendor\\laravel\\framework\\src\\Illuminate\\Database\\Query\\Builder.php(3090): Illuminate\\Database\\Query\\Builder->onceWithColumns(Array, Object(Closure))
#6 D:\\BraineBase - Knowledge base management system\\my-project\\vendor\\laravel\\framework\\src\\Illuminate\\Database\\Eloquent\\Builder.php(811): Illuminate\\Database\\Query\\Builder->get(Array)
#7 D:\\BraineBase - Knowledge base management system\\my-project\\vendor\\laravel\\framework\\src\\Illuminate\\Database\\Eloquent\\Builder.php(793): Illuminate\\Database\\Eloquent\\Builder->getModels(Array)
#8 D:\\BraineBase - Knowledge base management system\\my-project\\vendor\\laravel\\framework\\src\\Illuminate\\Database\\Concerns\\BuildsQueries.php(343): Illuminate\\Database\\Eloquent\\Builder->get(Array)
#9 D:\\BraineBase - Knowledge base management system\\my-project\\vendor\\laravel\\framework\\src\\Illuminate\\Database\\Eloquent\\Builder.php(477): Illuminate\\Database\\Eloquent\\Builder->first(Array)
#10 D:\\BraineBase - Knowledge base management system\\my-project\\vendor\\laravel\\framework\\src\\Illuminate\\Support\\Traits\\ForwardsCalls.php(23): Illuminate\\Database\\Eloquent\\Builder->find('1')
#11 D:\\BraineBase - Knowledge base management system\\my-project\\vendor\\laravel\\framework\\src\\Illuminate\\Database\\Eloquent\\Model.php(2372): Illuminate\\Database\\Eloquent\\Model->forwardCallTo(Object(Illuminate\\Database\\Eloquent\\Builder), 'find', Array)
#12 D:\\BraineBase - Knowledge base management system\\my-project\\vendor\\laravel\\framework\\src\\Illuminate\\Database\\Eloquent\\Model.php(2384): Illuminate\\Database\\Eloquent\\Model->__call('find', Array)
#13 D:\\BraineBase - Knowledge base management system\\my-project\\vendor\\laravel\\sanctum\\src\\PersonalAccessToken.php(66): Illuminate\\Database\\Eloquent\\Model::__callStatic('find', Array)
#14 D:\\BraineBase - Knowledge base management system\\my-project\\vendor\\laravel\\sanctum\\src\\Guard.php(67): Laravel\\Sanctum\\PersonalAccessToken::findToken('sf6ZNnPUIeNkU1d...')
#15 [internal function]: Laravel\\Sanctum\\Guard->__invoke(Object(Illuminate\\Http\\Request), NULL)
#16 D:\\BraineBase - Knowledge base management system\\my-project\\vendor\\laravel\\framework\\src\\Illuminate\\Auth\\RequestGuard.php(57): call_user_func(Object(Laravel\\Sanctum\\Guard), Object(Illuminate\\Http\\Request), NULL)
#17 D:\\BraineBase - Knowledge base management system\\my-project\\vendor\\laravel\\framework\\src\\Illuminate\\Auth\\GuardHelpers.php(56): Illuminate\\Auth\\RequestGuard->user()
#18 D:\\BraineBase - Knowledge base management system\\my-project\\vendor\\laravel\\framework\\src\\Illuminate\\Auth\\Middleware\\Authenticate.php(83): Illuminate\\Auth\\RequestGuard->check()
#19 D:\\BraineBase - Knowledge base management system\\my-project\\vendor\\laravel\\framework\\src\\Illuminate\\Auth\\Middleware\\Authenticate.php(62): Illuminate\\Auth\\Middleware\\Authenticate->authenticate(Object(Illuminate\\Http\\Request), Array)
#20 D:\\BraineBase - Knowledge base management system\\my-project\\vendor\\laravel\\framework\\src\\Illuminate\\Pipeline\\Pipeline.php(209): Illuminate\\Auth\\Middleware\\Authenticate->handle(Object(Illuminate\\Http\\Request), Object(Closure), 'sanctum')
#21 D:\\BraineBase - Knowledge base management system\\my-project\\vendor\\laravel\\framework\\src\\Illuminate\\Pipeline\\Pipeline.php(127): Illuminate\\Pipeline\\Pipeline->Illuminate\\Pipeline\\{closure}(Object(Illuminate\\Http\\Request))
#22 D:\\BraineBase - Knowledge base management system\\my-project\\vendor\\laravel\\framework\\src\\Illuminate\\Routing\\Router.php(807): Illuminate\\Pipeline\\Pipeline->then(Object(Closure))
#23 D:\\BraineBase - Knowledge base management system\\my-project\\vendor\\laravel\\framework\\src\\Illuminate\\Routing\\Router.php(786): Illuminate\\Routing\\Router->runRouteWithinStack(Object(Illuminate\\Routing\\Route), Object(Illuminate\\Http\\Request))
#24 D:\\BraineBase - Knowledge base management system\\my-project\\vendor\\laravel\\framework\\src\\Illuminate\\Routing\\Router.php(750): Illuminate\\Routing\\Router->runRoute(Object(Illuminate\\Http\\Request), Object(Illuminate\\Routing\\Route))
#25 D:\\BraineBase - Knowledge base management system\\my-project\\vendor\\laravel\\framework\\src\\Illuminate\\Routing\\Router.php(739): Illuminate\\Routing\\Router->dispatchToRoute(Object(Illuminate\\Http\\Request))
#26 D:\\BraineBase - Knowledge base management system\\my-project\\vendor\\laravel\\framework\\src\\Illuminate\\Foundation\\Http\\Kernel.php(201): Illuminate\\Routing\\Router->dispatch(Object(Illuminate\\Http\\Request))
#27 D:\\BraineBase - Knowledge base management system\\my-project\\vendor\\laravel\\framework\\src\\Illuminate\\Pipeline\\Pipeline.php(170): Illuminate\\Foundation\\Http\\Kernel->Illuminate\\Foundation\\Http\\{closure}(Object(Illuminate\\Http\\Request))
#28 D:\\BraineBase - Knowledge base management system\\my-project\\vendor\\laravel\\framework\\src\\Illuminate\\Foundation\\Http\\Middleware\\TransformsRequest.php(21): Illuminate\\Pipeline\\Pipeline->Illuminate\\Pipeline\\{closure}(Object(Illuminate\\Http\\Request))
#29 D:\\BraineBase - Knowledge base management system\\my-project\\vendor\\laravel\\framework\\src\\Illuminate\\Foundation\\Http\\Middleware\\ConvertEmptyStringsToNull.php(31): Illuminate\\Foundation\\Http\\Middleware\\TransformsRequest->handle(Object(Illuminate\\Http\\Request), Object(Closure))
#30 D:\\BraineBase - Knowledge base management system\\my-project\\vendor\\laravel\\framework\\src\\Illuminate\\Pipeline\\Pipeline.php(209): Illuminate\\Foundation\\Http\\Middleware\\ConvertEmptyStringsToNull->handle(Object(Illuminate\\Http\\Request), Object(Closure))
#31 D:\\BraineBase - Knowledge base management system\\my-project\\vendor\\laravel\\framework\\src\\Illuminate\\Foundation\\Http\\Middleware\\TransformsRequest.php(21): Illuminate\\Pipeline\\Pipeline->Illuminate\\Pipeline\\{closure}(Object(Illuminate\\Http\\Request))
#32 D:\\BraineBase - Knowledge base management system\\my-project\\vendor\\laravel\\framework\\src\\Illuminate\\Foundation\\Http\\Middleware\\TrimStrings.php(51): Illuminate\\Foundation\\Http\\Middleware\\TransformsRequest->handle(Object(Illuminate\\Http\\Request), Object(Closure))
#33 D:\\BraineBase - Knowledge base management system\\my-project\\vendor\\laravel\\framework\\src\\Illuminate\\Pipeline\\Pipeline.php(209): Illuminate\\Foundation\\Http\\Middleware\\TrimStrings->handle(Object(Illuminate\\Http\\Request), Object(Closure))
#34 D:\\BraineBase - Knowledge base management system\\my-project\\vendor\\laravel\\framework\\src\\Illuminate\\Http\\Middleware\\ValidatePostSize.php(27): Illuminate\\Pipeline\\Pipeline->Illuminate\\Pipeline\\{closure}(Object(Illuminate\\Http\\Request))
#35 D:\\BraineBase - Knowledge base management system\\my-project\\vendor\\laravel\\framework\\src\\Illuminate\\Pipeline\\Pipeline.php(209): Illuminate\\Http\\Middleware\\ValidatePostSize->handle(Object(Illuminate\\Http\\Request), Object(Closure))
#36 D:\\BraineBase - Knowledge base management system\\my-project\\vendor\\laravel\\framework\\src\\Illuminate\\Foundation\\Http\\Middleware\\PreventRequestsDuringMaintenance.php(110): Illuminate\\Pipeline\\Pipeline->Illuminate\\Pipeline\\{closure}(Object(Illuminate\\Http\\Request))
#37 D:\\BraineBase - Knowledge base management system\\my-project\\vendor\\laravel\\framework\\src\\Illuminate\\Pipeline\\Pipeline.php(209): Illuminate\\Foundation\\Http\\Middleware\\PreventRequestsDuringMaintenance->handle(Object(Illuminate\\Http\\Request), Object(Closure))
#38 D:\\BraineBase - Knowledge base management system\\my-project\\vendor\\laravel\\framework\\src\\Illuminate\\Http\\Middleware\\HandleCors.php(62): Illuminate\\Pipeline\\Pipeline->Illuminate\\Pipeline\\{closure}(Object(Illuminate\\Http\\Request))
#39 D:\\BraineBase - Knowledge base management system\\my-project\\vendor\\laravel\\framework\\src\\Illuminate\\Pipeline\\Pipeline.php(209): Illuminate\\Http\\Middleware\\HandleCors->handle(Object(Illuminate\\Http\\Request), Object(Closure))
#40 D:\\BraineBase - Knowledge base management system\\my-project\\vendor\\laravel\\framework\\src\\Illuminate\\Http\\Middleware\\TrustProxies.php(58): Illuminate\\Pipeline\\Pipeline->Illuminate\\Pipeline\\{closure}(Object(Illuminate\\Http\\Request))
#41 D:\\BraineBase - Knowledge base management system\\my-project\\vendor\\laravel\\framework\\src\\Illuminate\\Pipeline\\Pipeline.php(209): Illuminate\\Http\\Middleware\\TrustProxies->handle(Object(Illuminate\\Http\\Request), Object(Closure))
#42 D:\\BraineBase - Knowledge base management system\\my-project\\vendor\\laravel\\framework\\src\\Illuminate\\Foundation\\Http\\Middleware\\InvokeDeferredCallbacks.php(22): Illuminate\\Pipeline\\Pipeline->Illuminate\\Pipeline\\{closure}(Object(Illuminate\\Http\\Request))
#43 D:\\BraineBase - Knowledge base management system\\my-project\\vendor\\laravel\\framework\\src\\Illuminate\\Pipeline\\Pipeline.php(209): Illuminate\\Foundation\\Http\\Middleware\\InvokeDeferredCallbacks->handle(Object(Illuminate\\Http\\Request), Object(Closure))
#44 D:\\BraineBase - Knowledge base management system\\my-project\\vendor\\laravel\\framework\\src\\Illuminate\\Pipeline\\Pipeline.php(127): Illuminate\\Pipeline\\Pipeline->Illuminate\\Pipeline\\{closure}(Object(Illuminate\\Http\\Request))
#45 D:\\BraineBase - Knowledge base management system\\my-project\\vendor\\laravel\\framework\\src\\Illuminate\\Foundation\\Http\\Kernel.php(176): Illuminate\\Pipeline\\Pipeline->then(Object(Closure))
#46 D:\\BraineBase - Knowledge base management system\\my-project\\vendor\\laravel\\framework\\src\\Illuminate\\Foundation\\Http\\Kernel.php(145): Illuminate\\Foundation\\Http\\Kernel->sendRequestThroughRouter(Object(Illuminate\\Http\\Request))
#47 D:\\BraineBase - Knowledge base management system\\my-project\\vendor\\laravel\\framework\\src\\Illuminate\\Foundation\\Application.php(1220): Illuminate\\Foundation\\Http\\Kernel->handle(Object(Illuminate\\Http\\Request))
#48 D:\\BraineBase - Knowledge base management system\\my-project\\public\\index.php(17): Illuminate\\Foundation\\Application->handleRequest(Object(Illuminate\\Http\\Request))
#49 D:\\BraineBase - Knowledge base management system\\my-project\\vendor\\laravel\\framework\\src\\Illuminate\\Foundation\\resources\\server.php(23): require_once('D:\\\\BraineBase -...')
#50 {main}

[previous exception] [object] (PDOException(code: HY000): SQLSTATE[HY000]: General error: 1 no such table: personal_access_tokens at D:\\BraineBase - Knowledge base management system\\my-project\\vendor\\laravel\\framework\\src\\Illuminate\\Database\\Connection.php:407)
[stacktrace]
#0 D:\\BraineBase - Knowledge base management system\\my-project\\vendor\\laravel\\framework\\src\\Illuminate\\Database\\Connection.php(407): PDO->prepare('select * from \"...')
#1 D:\\BraineBase - Knowledge base management system\\my-project\\vendor\\laravel\\framework\\src\\Illuminate\\Database\\Connection.php(812): Illuminate\\Database\\Connection->Illuminate\\Database\\{closure}('select * from \"...', Array)
#2 D:\\BraineBase - Knowledge base management system\\my-project\\vendor\\laravel\\framework\\src\\Illuminate\\Database\\Connection.php(779): Illuminate\\Database\\Connection->runQueryCallback('select * from \"...', Array, Object(Closure))
#3 D:\\BraineBase - Knowledge base management system\\my-project\\vendor\\laravel\\framework\\src\\Illuminate\\Database\\Connection.php(398): Illuminate\\Database\\Connection->run('select * from \"...', Array, Object(Closure))
#4 D:\\BraineBase - Knowledge base management system\\my-project\\vendor\\laravel\\framework\\src\\Illuminate\\Database\\Query\\Builder.php(3106): Illuminate\\Database\\Connection->select('select * from \"...', Array, true)
#5 D:\\BraineBase - Knowledge base management system\\my-project\\vendor\\laravel\\framework\\src\\Illuminate\\Database\\Query\\Builder.php(3091): Illuminate\\Database\\Query\\Builder->runSelect()
#6 D:\\BraineBase - Knowledge base management system\\my-project\\vendor\\laravel\\framework\\src\\Illuminate\\Database\\Query\\Builder.php(3676): Illuminate\\Database\\Query\\Builder->Illuminate\\Database\\Query\\{closure}()
#7 D:\\BraineBase - Knowledge base management system\\my-project\\vendor\\laravel\\framework\\src\\Illuminate\\Database\\Query\\Builder.php(3090): Illuminate\\Database\\Query\\Builder->onceWithColumns(Array, Object(Closure))
#8 D:\\BraineBase - Knowledge base management system\\my-project\\vendor\\laravel\\framework\\src\\Illuminate\\Database\\Eloquent\\Builder.php(811): Illuminate\\Database\\Query\\Builder->get(Array)
#9 D:\\BraineBase - Knowledge base management system\\my-project\\vendor\\laravel\\framework\\src\\Illuminate\\Database\\Eloquent\\Builder.php(793): Illuminate\\Database\\Eloquent\\Builder->getModels(Array)
#10 D:\\BraineBase - Knowledge base management system\\my-project\\vendor\\laravel\\framework\\src\\Illuminate\\Database\\Concerns\\BuildsQueries.php(343): Illuminate\\Database\\Eloquent\\Builder->get(Array)
#11 D:\\BraineBase - Knowledge base management system\\my-project\\vendor\\laravel\\framework\\src\\Illuminate\\Database\\Eloquent\\Builder.php(477): Illuminate\\Database\\Eloquent\\Builder->first(Array)
#12 D:\\BraineBase - Knowledge base management system\\my-project\\vendor\\laravel\\framework\\src\\Illuminate\\Support\\Traits\\ForwardsCalls.php(23): Illuminate\\Database\\Eloquent\\Builder->find('1')
#13 D:\\BraineBase - Knowledge base management system\\my-project\\vendor\\laravel\\framework\\src\\Illuminate\\Database\\Eloquent\\Model.php(2372): Illuminate\\Database\\Eloquent\\Model->forwardCallTo(Object(Illuminate\\Database\\Eloquent\\Builder), 'find', Array)
#14 D:\\BraineBase - Knowledge base management system\\my-project\\vendor\\laravel\\framework\\src\\Illuminate\\Database\\Eloquent\\Model.php(2384): Illuminate\\Database\\Eloquent\\Model->__call('find', Array)
#15 D:\\BraineBase - Knowledge base management system\\my-project\\vendor\\laravel\\sanctum\\src\\PersonalAccessToken.php(66): Illuminate\\Database\\Eloquent\\Model::__callStatic('find', Array)
#16 D:\\BraineBase - Knowledge base management system\\my-project\\vendor\\laravel\\sanctum\\src\\Guard.php(67): Laravel\\Sanctum\\PersonalAccessToken::findToken('sf6ZNnPUIeNkU1d...')
#17 [internal function]: Laravel\\Sanctum\\Guard->__invoke(Object(Illuminate\\Http\\Request), NULL)
#18 D:\\BraineBase - Knowledge base management system\\my-project\\vendor\\laravel\\framework\\src\\Illuminate\\Auth\\RequestGuard.php(57): call_user_func(Object(Laravel\\Sanctum\\Guard), Object(Illuminate\\Http\\Request), NULL)
#19 D:\\BraineBase - Knowledge base management system\\my-project\\vendor\\laravel\\framework\\src\\Illuminate\\Auth\\GuardHelpers.php(56): Illuminate\\Auth\\RequestGuard->user()
#20 D:\\BraineBase - Knowledge base management system\\my-project\\vendor\\laravel\\framework\\src\\Illuminate\\Auth\\Middleware\\Authenticate.php(83): Illuminate\\Auth\\RequestGuard->check()
#21 D:\\BraineBase - Knowledge base management system\\my-project\\vendor\\laravel\\framework\\src\\Illuminate\\Auth\\Middleware\\Authenticate.php(62): Illuminate\\Auth\\Middleware\\Authenticate->authenticate(Object(Illuminate\\Http\\Request), Array)
#22 D:\\BraineBase - Knowledge base management system\\my-project\\vendor\\laravel\\framework\\src\\Illuminate\\Pipeline\\Pipeline.php(209): Illuminate\\Auth\\Middleware\\Authenticate->handle(Object(Illuminate\\Http\\Request), Object(Closure), 'sanctum')
#23 D:\\BraineBase - Knowledge base management system\\my-project\\vendor\\laravel\\framework\\src\\Illuminate\\Pipeline\\Pipeline.php(127): Illuminate\\Pipeline\\Pipeline->Illuminate\\Pipeline\\{closure}(Object(Illuminate\\Http\\Request))
#24 D:\\BraineBase - Knowledge base management system\\my-project\\vendor\\laravel\\framework\\src\\Illuminate\\Routing\\Router.php(807): Illuminate\\Pipeline\\Pipeline->then(Object(Closure))
#25 D:\\BraineBase - Knowledge base management system\\my-project\\vendor\\laravel\\framework\\src\\Illuminate\\Routing\\Router.php(786): Illuminate\\Routing\\Router->runRouteWithinStack(Object(Illuminate\\Routing\\Route), Object(Illuminate\\Http\\Request))
#26 D:\\BraineBase - Knowledge base management system\\my-project\\vendor\\laravel\\framework\\src\\Illuminate\\Routing\\Router.php(750): Illuminate\\Routing\\Router->runRoute(Object(Illuminate\\Http\\Request), Object(Illuminate\\Routing\\Route))
#27 D:\\BraineBase - Knowledge base management system\\my-project\\vendor\\laravel\\framework\\src\\Illuminate\\Routing\\Router.php(739): Illuminate\\Routing\\Router->dispatchToRoute(Object(Illuminate\\Http\\Request))
#28 D:\\BraineBase - Knowledge base management system\\my-project\\vendor\\laravel\\framework\\src\\Illuminate\\Foundation\\Http\\Kernel.php(201): Illuminate\\Routing\\Router->dispatch(Object(Illuminate\\Http\\Request))
#29 D:\\BraineBase - Knowledge base management system\\my-project\\vendor\\laravel\\framework\\src\\Illuminate\\Pipeline\\Pipeline.php(170): Illuminate\\Foundation\\Http\\Kernel->Illuminate\\Foundation\\Http\\{closure}(Object(Illuminate\\Http\\Request))
#30 D:\\BraineBase - Knowledge base management system\\my-project\\vendor\\laravel\\framework\\src\\Illuminate\\Foundation\\Http\\Middleware\\TransformsRequest.php(21): Illuminate\\Pipeline\\Pipeline->Illuminate\\Pipeline\\{closure}(Object(Illuminate\\Http\\Request))
#31 D:\\BraineBase - Knowledge base management system\\my-project\\vendor\\laravel\\framework\\src\\Illuminate\\Foundation\\Http\\Middleware\\ConvertEmptyStringsToNull.php(31): Illuminate\\Foundation\\Http\\Middleware\\TransformsRequest->handle(Object(Illuminate\\Http\\Request), Object(Closure))
#32 D:\\BraineBase - Knowledge base management system\\my-project\\vendor\\laravel\\framework\\src\\Illuminate\\Pipeline\\Pipeline.php(209): Illuminate\\Foundation\\Http\\Middleware\\ConvertEmptyStringsToNull->handle(Object(Illuminate\\Http\\Request), Object(Closure))
#33 D:\\BraineBase - Knowledge base management system\\my-project\\vendor\\laravel\\framework\\src\\Illuminate\\Foundation\\Http\\Middleware\\TransformsRequest.php(21): Illuminate\\Pipeline\\Pipeline->Illuminate\\Pipeline\\{closure}(Object(Illuminate\\Http\\Request))
#34 D:\\BraineBase - Knowledge base management system\\my-project\\vendor\\laravel\\framework\\src\\Illuminate\\Foundation\\Http\\Middleware\\TrimStrings.php(51): Illuminate\\Foundation\\Http\\Middleware\\TransformsRequest->handle(Object(Illuminate\\Http\\Request), Object(Closure))
#35 D:\\BraineBase - Knowledge base management system\\my-project\\vendor\\laravel\\framework\\src\\Illuminate\\Pipeline\\Pipeline.php(209): Illuminate\\Foundation\\Http\\Middleware\\TrimStrings->handle(Object(Illuminate\\Http\\Request), Object(Closure))
#36 D:\\BraineBase - Knowledge base management system\\my-project\\vendor\\laravel\\framework\\src\\Illuminate\\Http\\Middleware\\ValidatePostSize.php(27): Illuminate\\Pipeline\\Pipeline->Illuminate\\Pipeline\\{closure}(Object(Illuminate\\Http\\Request))
#37 D:\\BraineBase - Knowledge base management system\\my-project\\vendor\\laravel\\framework\\src\\Illuminate\\Pipeline\\Pipeline.php(209): Illuminate\\Http\\Middleware\\ValidatePostSize->handle(Object(Illuminate\\Http\\Request), Object(Closure))
#38 D:\\BraineBase - Knowledge base management system\\my-project\\vendor\\laravel\\framework\\src\\Illuminate\\Foundation\\Http\\Middleware\\PreventRequestsDuringMaintenance.php(110): Illuminate\\Pipeline\\Pipeline->Illuminate\\Pipeline\\{closure}(Object(Illuminate\\Http\\Request))
#39 D:\\BraineBase - Knowledge base management system\\my-project\\vendor\\laravel\\framework\\src\\Illuminate\\Pipeline\\Pipeline.php(209): Illuminate\\Foundation\\Http\\Middleware\\PreventRequestsDuringMaintenance->handle(Object(Illuminate\\Http\\Request), Object(Closure))
#40 D:\\BraineBase - Knowledge base management system\\my-project\\vendor\\laravel\\framework\\src\\Illuminate\\Http\\Middleware\\HandleCors.php(62): Illuminate\\Pipeline\\Pipeline->Illuminate\\Pipeline\\{closure}(Object(Illuminate\\Http\\Request))
#41 D:\\BraineBase - Knowledge base management system\\my-project\\vendor\\laravel\\framework\\src\\Illuminate\\Pipeline\\Pipeline.php(209): Illuminate\\Http\\Middleware\\HandleCors->handle(Object(Illuminate\\Http\\Request), Object(Closure))
#42 D:\\BraineBase - Knowledge base management system\\my-project\\vendor\\laravel\\framework\\src\\Illuminate\\Http\\Middleware\\TrustProxies.php(58): Illuminate\\Pipeline\\Pipeline->Illuminate\\Pipeline\\{closure}(Object(Illuminate\\Http\\Request))
#43 D:\\BraineBase - Knowledge base management system\\my-project\\vendor\\laravel\\framework\\src\\Illuminate\\Pipeline\\Pipeline.php(209): Illuminate\\Http\\Middleware\\TrustProxies->handle(Object(Illuminate\\Http\\Request), Object(Closure))
#44 D:\\BraineBase - Knowledge base management system\\my-project\\vendor\\laravel\\framework\\src\\Illuminate\\Foundation\\Http\\Middleware\\InvokeDeferredCallbacks.php(22): Illuminate\\Pipeline\\Pipeline->Illuminate\\Pipeline\\{closure}(Object(Illuminate\\Http\\Request))
#45 D:\\BraineBase - Knowledge base management system\\my-project\\vendor\\laravel\\framework\\src\\Illuminate\\Pipeline\\Pipeline.php(209): Illuminate\\Foundation\\Http\\Middleware\\InvokeDeferredCallbacks->handle(Object(Illuminate\\Http\\Request), Object(Closure))
#46 D:\\BraineBase - Knowledge base management system\\my-project\\vendor\\laravel\\framework\\src\\Illuminate\\Pipeline\\Pipeline.php(127): Illuminate\\Pipeline\\Pipeline->Illuminate\\Pipeline\\{closure}(Object(Illuminate\\Http\\Request))
#47 D:\\BraineBase - Knowledge base management system\\my-project\\vendor\\laravel\\framework\\src\\Illuminate\\Foundation\\Http\\Kernel.php(176): Illuminate\\Pipeline\\Pipeline->then(Object(Closure))
#48 D:\\BraineBase - Knowledge base management system\\my-project\\vendor\\laravel\\framework\\src\\Illuminate\\Foundation\\Http\\Kernel.php(145): Illuminate\\Foundation\\Http\\Kernel->sendRequestThroughRouter(Object(Illuminate\\Http\\Request))
#49 D:\\BraineBase - Knowledge base management system\\my-project\\vendor\\laravel\\framework\\src\\Illuminate\\Foundation\\Application.php(1220): Illuminate\\Foundation\\Http\\Kernel->handle(Object(Illuminate\\Http\\Request))
#50 D:\\BraineBase - Knowledge base management system\\my-project\\public\\index.php(17): Illuminate\\Foundation\\Application->handleRequest(Object(Illuminate\\Http\\Request))
#51 D:\\BraineBase - Knowledge base management system\\my-project\\vendor\\laravel\\framework\\src\\Illuminate\\Foundation\\resources\\server.php(23): require_once('D:\\\\BraineBase -...')
#52 {main}
"} 
[2025-05-11 13:38:38] local.ERROR: SQLSTATE[HY000]: General error: 1 no such table: personal_access_tokens (Connection: sqlite, SQL: select * from "personal_access_tokens" where "personal_access_tokens"."id" = 1 limit 1) {"exception":"[object] (Illuminate\\Database\\QueryException(code: HY000): SQLSTATE[HY000]: General error: 1 no such table: personal_access_tokens (Connection: sqlite, SQL: select * from \"personal_access_tokens\" where \"personal_access_tokens\".\"id\" = 1 limit 1) at D:\\BraineBase - Knowledge base management system\\my-project\\vendor\\laravel\\framework\\src\\Illuminate\\Database\\Connection.php:825)
[stacktrace]
#0 D:\\BraineBase - Knowledge base management system\\my-project\\vendor\\laravel\\framework\\src\\Illuminate\\Database\\Connection.php(779): Illuminate\\Database\\Connection->runQueryCallback('select * from \"...', Array, Object(Closure))
#1 D:\\BraineBase - Knowledge base management system\\my-project\\vendor\\laravel\\framework\\src\\Illuminate\\Database\\Connection.php(398): Illuminate\\Database\\Connection->run('select * from \"...', Array, Object(Closure))
#2 D:\\BraineBase - Knowledge base management system\\my-project\\vendor\\laravel\\framework\\src\\Illuminate\\Database\\Query\\Builder.php(3106): Illuminate\\Database\\Connection->select('select * from \"...', Array, true)
#3 D:\\BraineBase - Knowledge base management system\\my-project\\vendor\\laravel\\framework\\src\\Illuminate\\Database\\Query\\Builder.php(3091): Illuminate\\Database\\Query\\Builder->runSelect()
#4 D:\\BraineBase - Knowledge base management system\\my-project\\vendor\\laravel\\framework\\src\\Illuminate\\Database\\Query\\Builder.php(3676): Illuminate\\Database\\Query\\Builder->Illuminate\\Database\\Query\\{closure}()
#5 D:\\BraineBase - Knowledge base management system\\my-project\\vendor\\laravel\\framework\\src\\Illuminate\\Database\\Query\\Builder.php(3090): Illuminate\\Database\\Query\\Builder->onceWithColumns(Array, Object(Closure))
#6 D:\\BraineBase - Knowledge base management system\\my-project\\vendor\\laravel\\framework\\src\\Illuminate\\Database\\Eloquent\\Builder.php(811): Illuminate\\Database\\Query\\Builder->get(Array)
#7 D:\\BraineBase - Knowledge base management system\\my-project\\vendor\\laravel\\framework\\src\\Illuminate\\Database\\Eloquent\\Builder.php(793): Illuminate\\Database\\Eloquent\\Builder->getModels(Array)
#8 D:\\BraineBase - Knowledge base management system\\my-project\\vendor\\laravel\\framework\\src\\Illuminate\\Database\\Concerns\\BuildsQueries.php(343): Illuminate\\Database\\Eloquent\\Builder->get(Array)
#9 D:\\BraineBase - Knowledge base management system\\my-project\\vendor\\laravel\\framework\\src\\Illuminate\\Database\\Eloquent\\Builder.php(477): Illuminate\\Database\\Eloquent\\Builder->first(Array)
#10 D:\\BraineBase - Knowledge base management system\\my-project\\vendor\\laravel\\framework\\src\\Illuminate\\Support\\Traits\\ForwardsCalls.php(23): Illuminate\\Database\\Eloquent\\Builder->find('1')
#11 D:\\BraineBase - Knowledge base management system\\my-project\\vendor\\laravel\\framework\\src\\Illuminate\\Database\\Eloquent\\Model.php(2372): Illuminate\\Database\\Eloquent\\Model->forwardCallTo(Object(Illuminate\\Database\\Eloquent\\Builder), 'find', Array)
#12 D:\\BraineBase - Knowledge base management system\\my-project\\vendor\\laravel\\framework\\src\\Illuminate\\Database\\Eloquent\\Model.php(2384): Illuminate\\Database\\Eloquent\\Model->__call('find', Array)
#13 D:\\BraineBase - Knowledge base management system\\my-project\\vendor\\laravel\\sanctum\\src\\PersonalAccessToken.php(66): Illuminate\\Database\\Eloquent\\Model::__callStatic('find', Array)
#14 D:\\BraineBase - Knowledge base management system\\my-project\\vendor\\laravel\\sanctum\\src\\Guard.php(67): Laravel\\Sanctum\\PersonalAccessToken::findToken('sf6ZNnPUIeNkU1d...')
#15 [internal function]: Laravel\\Sanctum\\Guard->__invoke(Object(Illuminate\\Http\\Request), NULL)
#16 D:\\BraineBase - Knowledge base management system\\my-project\\vendor\\laravel\\framework\\src\\Illuminate\\Auth\\RequestGuard.php(57): call_user_func(Object(Laravel\\Sanctum\\Guard), Object(Illuminate\\Http\\Request), NULL)
#17 D:\\BraineBase - Knowledge base management system\\my-project\\vendor\\laravel\\framework\\src\\Illuminate\\Auth\\GuardHelpers.php(56): Illuminate\\Auth\\RequestGuard->user()
#18 D:\\BraineBase - Knowledge base management system\\my-project\\vendor\\laravel\\framework\\src\\Illuminate\\Auth\\Middleware\\Authenticate.php(83): Illuminate\\Auth\\RequestGuard->check()
#19 D:\\BraineBase - Knowledge base management system\\my-project\\vendor\\laravel\\framework\\src\\Illuminate\\Auth\\Middleware\\Authenticate.php(62): Illuminate\\Auth\\Middleware\\Authenticate->authenticate(Object(Illuminate\\Http\\Request), Array)
#20 D:\\BraineBase - Knowledge base management system\\my-project\\vendor\\laravel\\framework\\src\\Illuminate\\Pipeline\\Pipeline.php(209): Illuminate\\Auth\\Middleware\\Authenticate->handle(Object(Illuminate\\Http\\Request), Object(Closure), 'sanctum')
#21 D:\\BraineBase - Knowledge base management system\\my-project\\vendor\\laravel\\framework\\src\\Illuminate\\Pipeline\\Pipeline.php(127): Illuminate\\Pipeline\\Pipeline->Illuminate\\Pipeline\\{closure}(Object(Illuminate\\Http\\Request))
#22 D:\\BraineBase - Knowledge base management system\\my-project\\vendor\\laravel\\framework\\src\\Illuminate\\Routing\\Router.php(807): Illuminate\\Pipeline\\Pipeline->then(Object(Closure))
#23 D:\\BraineBase - Knowledge base management system\\my-project\\vendor\\laravel\\framework\\src\\Illuminate\\Routing\\Router.php(786): Illuminate\\Routing\\Router->runRouteWithinStack(Object(Illuminate\\Routing\\Route), Object(Illuminate\\Http\\Request))
#24 D:\\BraineBase - Knowledge base management system\\my-project\\vendor\\laravel\\framework\\src\\Illuminate\\Routing\\Router.php(750): Illuminate\\Routing\\Router->runRoute(Object(Illuminate\\Http\\Request), Object(Illuminate\\Routing\\Route))
#25 D:\\BraineBase - Knowledge base management system\\my-project\\vendor\\laravel\\framework\\src\\Illuminate\\Routing\\Router.php(739): Illuminate\\Routing\\Router->dispatchToRoute(Object(Illuminate\\Http\\Request))
#26 D:\\BraineBase - Knowledge base management system\\my-project\\vendor\\laravel\\framework\\src\\Illuminate\\Foundation\\Http\\Kernel.php(201): Illuminate\\Routing\\Router->dispatch(Object(Illuminate\\Http\\Request))
#27 D:\\BraineBase - Knowledge base management system\\my-project\\vendor\\laravel\\framework\\src\\Illuminate\\Pipeline\\Pipeline.php(170): Illuminate\\Foundation\\Http\\Kernel->Illuminate\\Foundation\\Http\\{closure}(Object(Illuminate\\Http\\Request))
#28 D:\\BraineBase - Knowledge base management system\\my-project\\vendor\\laravel\\framework\\src\\Illuminate\\Foundation\\Http\\Middleware\\TransformsRequest.php(21): Illuminate\\Pipeline\\Pipeline->Illuminate\\Pipeline\\{closure}(Object(Illuminate\\Http\\Request))
#29 D:\\BraineBase - Knowledge base management system\\my-project\\vendor\\laravel\\framework\\src\\Illuminate\\Foundation\\Http\\Middleware\\ConvertEmptyStringsToNull.php(31): Illuminate\\Foundation\\Http\\Middleware\\TransformsRequest->handle(Object(Illuminate\\Http\\Request), Object(Closure))
#30 D:\\BraineBase - Knowledge base management system\\my-project\\vendor\\laravel\\framework\\src\\Illuminate\\Pipeline\\Pipeline.php(209): Illuminate\\Foundation\\Http\\Middleware\\ConvertEmptyStringsToNull->handle(Object(Illuminate\\Http\\Request), Object(Closure))
#31 D:\\BraineBase - Knowledge base management system\\my-project\\vendor\\laravel\\framework\\src\\Illuminate\\Foundation\\Http\\Middleware\\TransformsRequest.php(21): Illuminate\\Pipeline\\Pipeline->Illuminate\\Pipeline\\{closure}(Object(Illuminate\\Http\\Request))
#32 D:\\BraineBase - Knowledge base management system\\my-project\\vendor\\laravel\\framework\\src\\Illuminate\\Foundation\\Http\\Middleware\\TrimStrings.php(51): Illuminate\\Foundation\\Http\\Middleware\\TransformsRequest->handle(Object(Illuminate\\Http\\Request), Object(Closure))
#33 D:\\BraineBase - Knowledge base management system\\my-project\\vendor\\laravel\\framework\\src\\Illuminate\\Pipeline\\Pipeline.php(209): Illuminate\\Foundation\\Http\\Middleware\\TrimStrings->handle(Object(Illuminate\\Http\\Request), Object(Closure))
#34 D:\\BraineBase - Knowledge base management system\\my-project\\vendor\\laravel\\framework\\src\\Illuminate\\Http\\Middleware\\ValidatePostSize.php(27): Illuminate\\Pipeline\\Pipeline->Illuminate\\Pipeline\\{closure}(Object(Illuminate\\Http\\Request))
#35 D:\\BraineBase - Knowledge base management system\\my-project\\vendor\\laravel\\framework\\src\\Illuminate\\Pipeline\\Pipeline.php(209): Illuminate\\Http\\Middleware\\ValidatePostSize->handle(Object(Illuminate\\Http\\Request), Object(Closure))
#36 D:\\BraineBase - Knowledge base management system\\my-project\\vendor\\laravel\\framework\\src\\Illuminate\\Foundation\\Http\\Middleware\\PreventRequestsDuringMaintenance.php(110): Illuminate\\Pipeline\\Pipeline->Illuminate\\Pipeline\\{closure}(Object(Illuminate\\Http\\Request))
#37 D:\\BraineBase - Knowledge base management system\\my-project\\vendor\\laravel\\framework\\src\\Illuminate\\Pipeline\\Pipeline.php(209): Illuminate\\Foundation\\Http\\Middleware\\PreventRequestsDuringMaintenance->handle(Object(Illuminate\\Http\\Request), Object(Closure))
#38 D:\\BraineBase - Knowledge base management system\\my-project\\vendor\\laravel\\framework\\src\\Illuminate\\Http\\Middleware\\HandleCors.php(62): Illuminate\\Pipeline\\Pipeline->Illuminate\\Pipeline\\{closure}(Object(Illuminate\\Http\\Request))
#39 D:\\BraineBase - Knowledge base management system\\my-project\\vendor\\laravel\\framework\\src\\Illuminate\\Pipeline\\Pipeline.php(209): Illuminate\\Http\\Middleware\\HandleCors->handle(Object(Illuminate\\Http\\Request), Object(Closure))
#40 D:\\BraineBase - Knowledge base management system\\my-project\\vendor\\laravel\\framework\\src\\Illuminate\\Http\\Middleware\\TrustProxies.php(58): Illuminate\\Pipeline\\Pipeline->Illuminate\\Pipeline\\{closure}(Object(Illuminate\\Http\\Request))
#41 D:\\BraineBase - Knowledge base management system\\my-project\\vendor\\laravel\\framework\\src\\Illuminate\\Pipeline\\Pipeline.php(209): Illuminate\\Http\\Middleware\\TrustProxies->handle(Object(Illuminate\\Http\\Request), Object(Closure))
#42 D:\\BraineBase - Knowledge base management system\\my-project\\vendor\\laravel\\framework\\src\\Illuminate\\Foundation\\Http\\Middleware\\InvokeDeferredCallbacks.php(22): Illuminate\\Pipeline\\Pipeline->Illuminate\\Pipeline\\{closure}(Object(Illuminate\\Http\\Request))
#43 D:\\BraineBase - Knowledge base management system\\my-project\\vendor\\laravel\\framework\\src\\Illuminate\\Pipeline\\Pipeline.php(209): Illuminate\\Foundation\\Http\\Middleware\\InvokeDeferredCallbacks->handle(Object(Illuminate\\Http\\Request), Object(Closure))
#44 D:\\BraineBase - Knowledge base management system\\my-project\\vendor\\laravel\\framework\\src\\Illuminate\\Pipeline\\Pipeline.php(127): Illuminate\\Pipeline\\Pipeline->Illuminate\\Pipeline\\{closure}(Object(Illuminate\\Http\\Request))
#45 D:\\BraineBase - Knowledge base management system\\my-project\\vendor\\laravel\\framework\\src\\Illuminate\\Foundation\\Http\\Kernel.php(176): Illuminate\\Pipeline\\Pipeline->then(Object(Closure))
#46 D:\\BraineBase - Knowledge base management system\\my-project\\vendor\\laravel\\framework\\src\\Illuminate\\Foundation\\Http\\Kernel.php(145): Illuminate\\Foundation\\Http\\Kernel->sendRequestThroughRouter(Object(Illuminate\\Http\\Request))
#47 D:\\BraineBase - Knowledge base management system\\my-project\\vendor\\laravel\\framework\\src\\Illuminate\\Foundation\\Application.php(1220): Illuminate\\Foundation\\Http\\Kernel->handle(Object(Illuminate\\Http\\Request))
#48 D:\\BraineBase - Knowledge base management system\\my-project\\public\\index.php(17): Illuminate\\Foundation\\Application->handleRequest(Object(Illuminate\\Http\\Request))
#49 D:\\BraineBase - Knowledge base management system\\my-project\\vendor\\laravel\\framework\\src\\Illuminate\\Foundation\\resources\\server.php(23): require_once('D:\\\\BraineBase -...')
#50 {main}

[previous exception] [object] (PDOException(code: HY000): SQLSTATE[HY000]: General error: 1 no such table: personal_access_tokens at D:\\BraineBase - Knowledge base management system\\my-project\\vendor\\laravel\\framework\\src\\Illuminate\\Database\\Connection.php:407)
[stacktrace]
#0 D:\\BraineBase - Knowledge base management system\\my-project\\vendor\\laravel\\framework\\src\\Illuminate\\Database\\Connection.php(407): PDO->prepare('select * from \"...')
#1 D:\\BraineBase - Knowledge base management system\\my-project\\vendor\\laravel\\framework\\src\\Illuminate\\Database\\Connection.php(812): Illuminate\\Database\\Connection->Illuminate\\Database\\{closure}('select * from \"...', Array)
#2 D:\\BraineBase - Knowledge base management system\\my-project\\vendor\\laravel\\framework\\src\\Illuminate\\Database\\Connection.php(779): Illuminate\\Database\\Connection->runQueryCallback('select * from \"...', Array, Object(Closure))
#3 D:\\BraineBase - Knowledge base management system\\my-project\\vendor\\laravel\\framework\\src\\Illuminate\\Database\\Connection.php(398): Illuminate\\Database\\Connection->run('select * from \"...', Array, Object(Closure))
#4 D:\\BraineBase - Knowledge base management system\\my-project\\vendor\\laravel\\framework\\src\\Illuminate\\Database\\Query\\Builder.php(3106): Illuminate\\Database\\Connection->select('select * from \"...', Array, true)
#5 D:\\BraineBase - Knowledge base management system\\my-project\\vendor\\laravel\\framework\\src\\Illuminate\\Database\\Query\\Builder.php(3091): Illuminate\\Database\\Query\\Builder->runSelect()
#6 D:\\BraineBase - Knowledge base management system\\my-project\\vendor\\laravel\\framework\\src\\Illuminate\\Database\\Query\\Builder.php(3676): Illuminate\\Database\\Query\\Builder->Illuminate\\Database\\Query\\{closure}()
#7 D:\\BraineBase - Knowledge base management system\\my-project\\vendor\\laravel\\framework\\src\\Illuminate\\Database\\Query\\Builder.php(3090): Illuminate\\Database\\Query\\Builder->onceWithColumns(Array, Object(Closure))
#8 D:\\BraineBase - Knowledge base management system\\my-project\\vendor\\laravel\\framework\\src\\Illuminate\\Database\\Eloquent\\Builder.php(811): Illuminate\\Database\\Query\\Builder->get(Array)
#9 D:\\BraineBase - Knowledge base management system\\my-project\\vendor\\laravel\\framework\\src\\Illuminate\\Database\\Eloquent\\Builder.php(793): Illuminate\\Database\\Eloquent\\Builder->getModels(Array)
#10 D:\\BraineBase - Knowledge base management system\\my-project\\vendor\\laravel\\framework\\src\\Illuminate\\Database\\Concerns\\BuildsQueries.php(343): Illuminate\\Database\\Eloquent\\Builder->get(Array)
#11 D:\\BraineBase - Knowledge base management system\\my-project\\vendor\\laravel\\framework\\src\\Illuminate\\Database\\Eloquent\\Builder.php(477): Illuminate\\Database\\Eloquent\\Builder->first(Array)
#12 D:\\BraineBase - Knowledge base management system\\my-project\\vendor\\laravel\\framework\\src\\Illuminate\\Support\\Traits\\ForwardsCalls.php(23): Illuminate\\Database\\Eloquent\\Builder->find('1')
#13 D:\\BraineBase - Knowledge base management system\\my-project\\vendor\\laravel\\framework\\src\\Illuminate\\Database\\Eloquent\\Model.php(2372): Illuminate\\Database\\Eloquent\\Model->forwardCallTo(Object(Illuminate\\Database\\Eloquent\\Builder), 'find', Array)
#14 D:\\BraineBase - Knowledge base management system\\my-project\\vendor\\laravel\\framework\\src\\Illuminate\\Database\\Eloquent\\Model.php(2384): Illuminate\\Database\\Eloquent\\Model->__call('find', Array)
#15 D:\\BraineBase - Knowledge base management system\\my-project\\vendor\\laravel\\sanctum\\src\\PersonalAccessToken.php(66): Illuminate\\Database\\Eloquent\\Model::__callStatic('find', Array)
#16 D:\\BraineBase - Knowledge base management system\\my-project\\vendor\\laravel\\sanctum\\src\\Guard.php(67): Laravel\\Sanctum\\PersonalAccessToken::findToken('sf6ZNnPUIeNkU1d...')
#17 [internal function]: Laravel\\Sanctum\\Guard->__invoke(Object(Illuminate\\Http\\Request), NULL)
#18 D:\\BraineBase - Knowledge base management system\\my-project\\vendor\\laravel\\framework\\src\\Illuminate\\Auth\\RequestGuard.php(57): call_user_func(Object(Laravel\\Sanctum\\Guard), Object(Illuminate\\Http\\Request), NULL)
#19 D:\\BraineBase - Knowledge base management system\\my-project\\vendor\\laravel\\framework\\src\\Illuminate\\Auth\\GuardHelpers.php(56): Illuminate\\Auth\\RequestGuard->user()
#20 D:\\BraineBase - Knowledge base management system\\my-project\\vendor\\laravel\\framework\\src\\Illuminate\\Auth\\Middleware\\Authenticate.php(83): Illuminate\\Auth\\RequestGuard->check()
#21 D:\\BraineBase - Knowledge base management system\\my-project\\vendor\\laravel\\framework\\src\\Illuminate\\Auth\\Middleware\\Authenticate.php(62): Illuminate\\Auth\\Middleware\\Authenticate->authenticate(Object(Illuminate\\Http\\Request), Array)
#22 D:\\BraineBase - Knowledge base management system\\my-project\\vendor\\laravel\\framework\\src\\Illuminate\\Pipeline\\Pipeline.php(209): Illuminate\\Auth\\Middleware\\Authenticate->handle(Object(Illuminate\\Http\\Request), Object(Closure), 'sanctum')
#23 D:\\BraineBase - Knowledge base management system\\my-project\\vendor\\laravel\\framework\\src\\Illuminate\\Pipeline\\Pipeline.php(127): Illuminate\\Pipeline\\Pipeline->Illuminate\\Pipeline\\{closure}(Object(Illuminate\\Http\\Request))
#24 D:\\BraineBase - Knowledge base management system\\my-project\\vendor\\laravel\\framework\\src\\Illuminate\\Routing\\Router.php(807): Illuminate\\Pipeline\\Pipeline->then(Object(Closure))
#25 D:\\BraineBase - Knowledge base management system\\my-project\\vendor\\laravel\\framework\\src\\Illuminate\\Routing\\Router.php(786): Illuminate\\Routing\\Router->runRouteWithinStack(Object(Illuminate\\Routing\\Route), Object(Illuminate\\Http\\Request))
#26 D:\\BraineBase - Knowledge base management system\\my-project\\vendor\\laravel\\framework\\src\\Illuminate\\Routing\\Router.php(750): Illuminate\\Routing\\Router->runRoute(Object(Illuminate\\Http\\Request), Object(Illuminate\\Routing\\Route))
#27 D:\\BraineBase - Knowledge base management system\\my-project\\vendor\\laravel\\framework\\src\\Illuminate\\Routing\\Router.php(739): Illuminate\\Routing\\Router->dispatchToRoute(Object(Illuminate\\Http\\Request))
#28 D:\\BraineBase - Knowledge base management system\\my-project\\vendor\\laravel\\framework\\src\\Illuminate\\Foundation\\Http\\Kernel.php(201): Illuminate\\Routing\\Router->dispatch(Object(Illuminate\\Http\\Request))
#29 D:\\BraineBase - Knowledge base management system\\my-project\\vendor\\laravel\\framework\\src\\Illuminate\\Pipeline\\Pipeline.php(170): Illuminate\\Foundation\\Http\\Kernel->Illuminate\\Foundation\\Http\\{closure}(Object(Illuminate\\Http\\Request))
#30 D:\\BraineBase - Knowledge base management system\\my-project\\vendor\\laravel\\framework\\src\\Illuminate\\Foundation\\Http\\Middleware\\TransformsRequest.php(21): Illuminate\\Pipeline\\Pipeline->Illuminate\\Pipeline\\{closure}(Object(Illuminate\\Http\\Request))
#31 D:\\BraineBase - Knowledge base management system\\my-project\\vendor\\laravel\\framework\\src\\Illuminate\\Foundation\\Http\\Middleware\\ConvertEmptyStringsToNull.php(31): Illuminate\\Foundation\\Http\\Middleware\\TransformsRequest->handle(Object(Illuminate\\Http\\Request), Object(Closure))
#32 D:\\BraineBase - Knowledge base management system\\my-project\\vendor\\laravel\\framework\\src\\Illuminate\\Pipeline\\Pipeline.php(209): Illuminate\\Foundation\\Http\\Middleware\\ConvertEmptyStringsToNull->handle(Object(Illuminate\\Http\\Request), Object(Closure))
#33 D:\\BraineBase - Knowledge base management system\\my-project\\vendor\\laravel\\framework\\src\\Illuminate\\Foundation\\Http\\Middleware\\TransformsRequest.php(21): Illuminate\\Pipeline\\Pipeline->Illuminate\\Pipeline\\{closure}(Object(Illuminate\\Http\\Request))
#34 D:\\BraineBase - Knowledge base management system\\my-project\\vendor\\laravel\\framework\\src\\Illuminate\\Foundation\\Http\\Middleware\\TrimStrings.php(51): Illuminate\\Foundation\\Http\\Middleware\\TransformsRequest->handle(Object(Illuminate\\Http\\Request), Object(Closure))
#35 D:\\BraineBase - Knowledge base management system\\my-project\\vendor\\laravel\\framework\\src\\Illuminate\\Pipeline\\Pipeline.php(209): Illuminate\\Foundation\\Http\\Middleware\\TrimStrings->handle(Object(Illuminate\\Http\\Request), Object(Closure))
#36 D:\\BraineBase - Knowledge base management system\\my-project\\vendor\\laravel\\framework\\src\\Illuminate\\Http\\Middleware\\ValidatePostSize.php(27): Illuminate\\Pipeline\\Pipeline->Illuminate\\Pipeline\\{closure}(Object(Illuminate\\Http\\Request))
#37 D:\\BraineBase - Knowledge base management system\\my-project\\vendor\\laravel\\framework\\src\\Illuminate\\Pipeline\\Pipeline.php(209): Illuminate\\Http\\Middleware\\ValidatePostSize->handle(Object(Illuminate\\Http\\Request), Object(Closure))
#38 D:\\BraineBase - Knowledge base management system\\my-project\\vendor\\laravel\\framework\\src\\Illuminate\\Foundation\\Http\\Middleware\\PreventRequestsDuringMaintenance.php(110): Illuminate\\Pipeline\\Pipeline->Illuminate\\Pipeline\\{closure}(Object(Illuminate\\Http\\Request))
#39 D:\\BraineBase - Knowledge base management system\\my-project\\vendor\\laravel\\framework\\src\\Illuminate\\Pipeline\\Pipeline.php(209): Illuminate\\Foundation\\Http\\Middleware\\PreventRequestsDuringMaintenance->handle(Object(Illuminate\\Http\\Request), Object(Closure))
#40 D:\\BraineBase - Knowledge base management system\\my-project\\vendor\\laravel\\framework\\src\\Illuminate\\Http\\Middleware\\HandleCors.php(62): Illuminate\\Pipeline\\Pipeline->Illuminate\\Pipeline\\{closure}(Object(Illuminate\\Http\\Request))
#41 D:\\BraineBase - Knowledge base management system\\my-project\\vendor\\laravel\\framework\\src\\Illuminate\\Pipeline\\Pipeline.php(209): Illuminate\\Http\\Middleware\\HandleCors->handle(Object(Illuminate\\Http\\Request), Object(Closure))
#42 D:\\BraineBase - Knowledge base management system\\my-project\\vendor\\laravel\\framework\\src\\Illuminate\\Http\\Middleware\\TrustProxies.php(58): Illuminate\\Pipeline\\Pipeline->Illuminate\\Pipeline\\{closure}(Object(Illuminate\\Http\\Request))
#43 D:\\BraineBase - Knowledge base management system\\my-project\\vendor\\laravel\\framework\\src\\Illuminate\\Pipeline\\Pipeline.php(209): Illuminate\\Http\\Middleware\\TrustProxies->handle(Object(Illuminate\\Http\\Request), Object(Closure))
#44 D:\\BraineBase - Knowledge base management system\\my-project\\vendor\\laravel\\framework\\src\\Illuminate\\Foundation\\Http\\Middleware\\InvokeDeferredCallbacks.php(22): Illuminate\\Pipeline\\Pipeline->Illuminate\\Pipeline\\{closure}(Object(Illuminate\\Http\\Request))
#45 D:\\BraineBase - Knowledge base management system\\my-project\\vendor\\laravel\\framework\\src\\Illuminate\\Pipeline\\Pipeline.php(209): Illuminate\\Foundation\\Http\\Middleware\\InvokeDeferredCallbacks->handle(Object(Illuminate\\Http\\Request), Object(Closure))
#46 D:\\BraineBase - Knowledge base management system\\my-project\\vendor\\laravel\\framework\\src\\Illuminate\\Pipeline\\Pipeline.php(127): Illuminate\\Pipeline\\Pipeline->Illuminate\\Pipeline\\{closure}(Object(Illuminate\\Http\\Request))
#47 D:\\BraineBase - Knowledge base management system\\my-project\\vendor\\laravel\\framework\\src\\Illuminate\\Foundation\\Http\\Kernel.php(176): Illuminate\\Pipeline\\Pipeline->then(Object(Closure))
#48 D:\\BraineBase - Knowledge base management system\\my-project\\vendor\\laravel\\framework\\src\\Illuminate\\Foundation\\Http\\Kernel.php(145): Illuminate\\Foundation\\Http\\Kernel->sendRequestThroughRouter(Object(Illuminate\\Http\\Request))
#49 D:\\BraineBase - Knowledge base management system\\my-project\\vendor\\laravel\\framework\\src\\Illuminate\\Foundation\\Application.php(1220): Illuminate\\Foundation\\Http\\Kernel->handle(Object(Illuminate\\Http\\Request))
#50 D:\\BraineBase - Knowledge base management system\\my-project\\public\\index.php(17): Illuminate\\Foundation\\Application->handleRequest(Object(Illuminate\\Http\\Request))
#51 D:\\BraineBase - Knowledge base management system\\my-project\\vendor\\laravel\\framework\\src\\Illuminate\\Foundation\\resources\\server.php(23): require_once('D:\\\\BraineBase -...')
#52 {main}
"} 
[2025-05-11 13:38:39] local.ERROR: SQLSTATE[HY000]: General error: 1 no such table: personal_access_tokens (Connection: sqlite, SQL: select * from "personal_access_tokens" where "personal_access_tokens"."id" = 1 limit 1) {"exception":"[object] (Illuminate\\Database\\QueryException(code: HY000): SQLSTATE[HY000]: General error: 1 no such table: personal_access_tokens (Connection: sqlite, SQL: select * from \"personal_access_tokens\" where \"personal_access_tokens\".\"id\" = 1 limit 1) at D:\\BraineBase - Knowledge base management system\\my-project\\vendor\\laravel\\framework\\src\\Illuminate\\Database\\Connection.php:825)
[stacktrace]
#0 D:\\BraineBase - Knowledge base management system\\my-project\\vendor\\laravel\\framework\\src\\Illuminate\\Database\\Connection.php(779): Illuminate\\Database\\Connection->runQueryCallback('select * from \"...', Array, Object(Closure))
#1 D:\\BraineBase - Knowledge base management system\\my-project\\vendor\\laravel\\framework\\src\\Illuminate\\Database\\Connection.php(398): Illuminate\\Database\\Connection->run('select * from \"...', Array, Object(Closure))
#2 D:\\BraineBase - Knowledge base management system\\my-project\\vendor\\laravel\\framework\\src\\Illuminate\\Database\\Query\\Builder.php(3106): Illuminate\\Database\\Connection->select('select * from \"...', Array, true)
#3 D:\\BraineBase - Knowledge base management system\\my-project\\vendor\\laravel\\framework\\src\\Illuminate\\Database\\Query\\Builder.php(3091): Illuminate\\Database\\Query\\Builder->runSelect()
#4 D:\\BraineBase - Knowledge base management system\\my-project\\vendor\\laravel\\framework\\src\\Illuminate\\Database\\Query\\Builder.php(3676): Illuminate\\Database\\Query\\Builder->Illuminate\\Database\\Query\\{closure}()
#5 D:\\BraineBase - Knowledge base management system\\my-project\\vendor\\laravel\\framework\\src\\Illuminate\\Database\\Query\\Builder.php(3090): Illuminate\\Database\\Query\\Builder->onceWithColumns(Array, Object(Closure))
#6 D:\\BraineBase - Knowledge base management system\\my-project\\vendor\\laravel\\framework\\src\\Illuminate\\Database\\Eloquent\\Builder.php(811): Illuminate\\Database\\Query\\Builder->get(Array)
#7 D:\\BraineBase - Knowledge base management system\\my-project\\vendor\\laravel\\framework\\src\\Illuminate\\Database\\Eloquent\\Builder.php(793): Illuminate\\Database\\Eloquent\\Builder->getModels(Array)
#8 D:\\BraineBase - Knowledge base management system\\my-project\\vendor\\laravel\\framework\\src\\Illuminate\\Database\\Concerns\\BuildsQueries.php(343): Illuminate\\Database\\Eloquent\\Builder->get(Array)
#9 D:\\BraineBase - Knowledge base management system\\my-project\\vendor\\laravel\\framework\\src\\Illuminate\\Database\\Eloquent\\Builder.php(477): Illuminate\\Database\\Eloquent\\Builder->first(Array)
#10 D:\\BraineBase - Knowledge base management system\\my-project\\vendor\\laravel\\framework\\src\\Illuminate\\Support\\Traits\\ForwardsCalls.php(23): Illuminate\\Database\\Eloquent\\Builder->find('1')
#11 D:\\BraineBase - Knowledge base management system\\my-project\\vendor\\laravel\\framework\\src\\Illuminate\\Database\\Eloquent\\Model.php(2372): Illuminate\\Database\\Eloquent\\Model->forwardCallTo(Object(Illuminate\\Database\\Eloquent\\Builder), 'find', Array)
#12 D:\\BraineBase - Knowledge base management system\\my-project\\vendor\\laravel\\framework\\src\\Illuminate\\Database\\Eloquent\\Model.php(2384): Illuminate\\Database\\Eloquent\\Model->__call('find', Array)
#13 D:\\BraineBase - Knowledge base management system\\my-project\\vendor\\laravel\\sanctum\\src\\PersonalAccessToken.php(66): Illuminate\\Database\\Eloquent\\Model::__callStatic('find', Array)
#14 D:\\BraineBase - Knowledge base management system\\my-project\\vendor\\laravel\\sanctum\\src\\Guard.php(67): Laravel\\Sanctum\\PersonalAccessToken::findToken('sf6ZNnPUIeNkU1d...')
#15 [internal function]: Laravel\\Sanctum\\Guard->__invoke(Object(Illuminate\\Http\\Request), NULL)
#16 D:\\BraineBase - Knowledge base management system\\my-project\\vendor\\laravel\\framework\\src\\Illuminate\\Auth\\RequestGuard.php(57): call_user_func(Object(Laravel\\Sanctum\\Guard), Object(Illuminate\\Http\\Request), NULL)
#17 D:\\BraineBase - Knowledge base management system\\my-project\\vendor\\laravel\\framework\\src\\Illuminate\\Auth\\GuardHelpers.php(56): Illuminate\\Auth\\RequestGuard->user()
#18 D:\\BraineBase - Knowledge base management system\\my-project\\vendor\\laravel\\framework\\src\\Illuminate\\Auth\\Middleware\\Authenticate.php(83): Illuminate\\Auth\\RequestGuard->check()
#19 D:\\BraineBase - Knowledge base management system\\my-project\\vendor\\laravel\\framework\\src\\Illuminate\\Auth\\Middleware\\Authenticate.php(62): Illuminate\\Auth\\Middleware\\Authenticate->authenticate(Object(Illuminate\\Http\\Request), Array)
#20 D:\\BraineBase - Knowledge base management system\\my-project\\vendor\\laravel\\framework\\src\\Illuminate\\Pipeline\\Pipeline.php(209): Illuminate\\Auth\\Middleware\\Authenticate->handle(Object(Illuminate\\Http\\Request), Object(Closure), 'sanctum')
#21 D:\\BraineBase - Knowledge base management system\\my-project\\vendor\\laravel\\framework\\src\\Illuminate\\Pipeline\\Pipeline.php(127): Illuminate\\Pipeline\\Pipeline->Illuminate\\Pipeline\\{closure}(Object(Illuminate\\Http\\Request))
#22 D:\\BraineBase - Knowledge base management system\\my-project\\vendor\\laravel\\framework\\src\\Illuminate\\Routing\\Router.php(807): Illuminate\\Pipeline\\Pipeline->then(Object(Closure))
#23 D:\\BraineBase - Knowledge base management system\\my-project\\vendor\\laravel\\framework\\src\\Illuminate\\Routing\\Router.php(786): Illuminate\\Routing\\Router->runRouteWithinStack(Object(Illuminate\\Routing\\Route), Object(Illuminate\\Http\\Request))
#24 D:\\BraineBase - Knowledge base management system\\my-project\\vendor\\laravel\\framework\\src\\Illuminate\\Routing\\Router.php(750): Illuminate\\Routing\\Router->runRoute(Object(Illuminate\\Http\\Request), Object(Illuminate\\Routing\\Route))
#25 D:\\BraineBase - Knowledge base management system\\my-project\\vendor\\laravel\\framework\\src\\Illuminate\\Routing\\Router.php(739): Illuminate\\Routing\\Router->dispatchToRoute(Object(Illuminate\\Http\\Request))
#26 D:\\BraineBase - Knowledge base management system\\my-project\\vendor\\laravel\\framework\\src\\Illuminate\\Foundation\\Http\\Kernel.php(201): Illuminate\\Routing\\Router->dispatch(Object(Illuminate\\Http\\Request))
#27 D:\\BraineBase - Knowledge base management system\\my-project\\vendor\\laravel\\framework\\src\\Illuminate\\Pipeline\\Pipeline.php(170): Illuminate\\Foundation\\Http\\Kernel->Illuminate\\Foundation\\Http\\{closure}(Object(Illuminate\\Http\\Request))
#28 D:\\BraineBase - Knowledge base management system\\my-project\\vendor\\laravel\\framework\\src\\Illuminate\\Foundation\\Http\\Middleware\\TransformsRequest.php(21): Illuminate\\Pipeline\\Pipeline->Illuminate\\Pipeline\\{closure}(Object(Illuminate\\Http\\Request))
#29 D:\\BraineBase - Knowledge base management system\\my-project\\vendor\\laravel\\framework\\src\\Illuminate\\Foundation\\Http\\Middleware\\ConvertEmptyStringsToNull.php(31): Illuminate\\Foundation\\Http\\Middleware\\TransformsRequest->handle(Object(Illuminate\\Http\\Request), Object(Closure))
#30 D:\\BraineBase - Knowledge base management system\\my-project\\vendor\\laravel\\framework\\src\\Illuminate\\Pipeline\\Pipeline.php(209): Illuminate\\Foundation\\Http\\Middleware\\ConvertEmptyStringsToNull->handle(Object(Illuminate\\Http\\Request), Object(Closure))
#31 D:\\BraineBase - Knowledge base management system\\my-project\\vendor\\laravel\\framework\\src\\Illuminate\\Foundation\\Http\\Middleware\\TransformsRequest.php(21): Illuminate\\Pipeline\\Pipeline->Illuminate\\Pipeline\\{closure}(Object(Illuminate\\Http\\Request))
#32 D:\\BraineBase - Knowledge base management system\\my-project\\vendor\\laravel\\framework\\src\\Illuminate\\Foundation\\Http\\Middleware\\TrimStrings.php(51): Illuminate\\Foundation\\Http\\Middleware\\TransformsRequest->handle(Object(Illuminate\\Http\\Request), Object(Closure))
#33 D:\\BraineBase - Knowledge base management system\\my-project\\vendor\\laravel\\framework\\src\\Illuminate\\Pipeline\\Pipeline.php(209): Illuminate\\Foundation\\Http\\Middleware\\TrimStrings->handle(Object(Illuminate\\Http\\Request), Object(Closure))
#34 D:\\BraineBase - Knowledge base management system\\my-project\\vendor\\laravel\\framework\\src\\Illuminate\\Http\\Middleware\\ValidatePostSize.php(27): Illuminate\\Pipeline\\Pipeline->Illuminate\\Pipeline\\{closure}(Object(Illuminate\\Http\\Request))
#35 D:\\BraineBase - Knowledge base management system\\my-project\\vendor\\laravel\\framework\\src\\Illuminate\\Pipeline\\Pipeline.php(209): Illuminate\\Http\\Middleware\\ValidatePostSize->handle(Object(Illuminate\\Http\\Request), Object(Closure))
#36 D:\\BraineBase - Knowledge base management system\\my-project\\vendor\\laravel\\framework\\src\\Illuminate\\Foundation\\Http\\Middleware\\PreventRequestsDuringMaintenance.php(110): Illuminate\\Pipeline\\Pipeline->Illuminate\\Pipeline\\{closure}(Object(Illuminate\\Http\\Request))
#37 D:\\BraineBase - Knowledge base management system\\my-project\\vendor\\laravel\\framework\\src\\Illuminate\\Pipeline\\Pipeline.php(209): Illuminate\\Foundation\\Http\\Middleware\\PreventRequestsDuringMaintenance->handle(Object(Illuminate\\Http\\Request), Object(Closure))
#38 D:\\BraineBase - Knowledge base management system\\my-project\\vendor\\laravel\\framework\\src\\Illuminate\\Http\\Middleware\\HandleCors.php(62): Illuminate\\Pipeline\\Pipeline->Illuminate\\Pipeline\\{closure}(Object(Illuminate\\Http\\Request))
#39 D:\\BraineBase - Knowledge base management system\\my-project\\vendor\\laravel\\framework\\src\\Illuminate\\Pipeline\\Pipeline.php(209): Illuminate\\Http\\Middleware\\HandleCors->handle(Object(Illuminate\\Http\\Request), Object(Closure))
#40 D:\\BraineBase - Knowledge base management system\\my-project\\vendor\\laravel\\framework\\src\\Illuminate\\Http\\Middleware\\TrustProxies.php(58): Illuminate\\Pipeline\\Pipeline->Illuminate\\Pipeline\\{closure}(Object(Illuminate\\Http\\Request))
#41 D:\\BraineBase - Knowledge base management system\\my-project\\vendor\\laravel\\framework\\src\\Illuminate\\Pipeline\\Pipeline.php(209): Illuminate\\Http\\Middleware\\TrustProxies->handle(Object(Illuminate\\Http\\Request), Object(Closure))
#42 D:\\BraineBase - Knowledge base management system\\my-project\\vendor\\laravel\\framework\\src\\Illuminate\\Foundation\\Http\\Middleware\\InvokeDeferredCallbacks.php(22): Illuminate\\Pipeline\\Pipeline->Illuminate\\Pipeline\\{closure}(Object(Illuminate\\Http\\Request))
#43 D:\\BraineBase - Knowledge base management system\\my-project\\vendor\\laravel\\framework\\src\\Illuminate\\Pipeline\\Pipeline.php(209): Illuminate\\Foundation\\Http\\Middleware\\InvokeDeferredCallbacks->handle(Object(Illuminate\\Http\\Request), Object(Closure))
#44 D:\\BraineBase - Knowledge base management system\\my-project\\vendor\\laravel\\framework\\src\\Illuminate\\Pipeline\\Pipeline.php(127): Illuminate\\Pipeline\\Pipeline->Illuminate\\Pipeline\\{closure}(Object(Illuminate\\Http\\Request))
#45 D:\\BraineBase - Knowledge base management system\\my-project\\vendor\\laravel\\framework\\src\\Illuminate\\Foundation\\Http\\Kernel.php(176): Illuminate\\Pipeline\\Pipeline->then(Object(Closure))
#46 D:\\BraineBase - Knowledge base management system\\my-project\\vendor\\laravel\\framework\\src\\Illuminate\\Foundation\\Http\\Kernel.php(145): Illuminate\\Foundation\\Http\\Kernel->sendRequestThroughRouter(Object(Illuminate\\Http\\Request))
#47 D:\\BraineBase - Knowledge base management system\\my-project\\vendor\\laravel\\framework\\src\\Illuminate\\Foundation\\Application.php(1220): Illuminate\\Foundation\\Http\\Kernel->handle(Object(Illuminate\\Http\\Request))
#48 D:\\BraineBase - Knowledge base management system\\my-project\\public\\index.php(17): Illuminate\\Foundation\\Application->handleRequest(Object(Illuminate\\Http\\Request))
#49 D:\\BraineBase - Knowledge base management system\\my-project\\vendor\\laravel\\framework\\src\\Illuminate\\Foundation\\resources\\server.php(23): require_once('D:\\\\BraineBase -...')
#50 {main}

[previous exception] [object] (PDOException(code: HY000): SQLSTATE[HY000]: General error: 1 no such table: personal_access_tokens at D:\\BraineBase - Knowledge base management system\\my-project\\vendor\\laravel\\framework\\src\\Illuminate\\Database\\Connection.php:407)
[stacktrace]
#0 D:\\BraineBase - Knowledge base management system\\my-project\\vendor\\laravel\\framework\\src\\Illuminate\\Database\\Connection.php(407): PDO->prepare('select * from \"...')
#1 D:\\BraineBase - Knowledge base management system\\my-project\\vendor\\laravel\\framework\\src\\Illuminate\\Database\\Connection.php(812): Illuminate\\Database\\Connection->Illuminate\\Database\\{closure}('select * from \"...', Array)
#2 D:\\BraineBase - Knowledge base management system\\my-project\\vendor\\laravel\\framework\\src\\Illuminate\\Database\\Connection.php(779): Illuminate\\Database\\Connection->runQueryCallback('select * from \"...', Array, Object(Closure))
#3 D:\\BraineBase - Knowledge base management system\\my-project\\vendor\\laravel\\framework\\src\\Illuminate\\Database\\Connection.php(398): Illuminate\\Database\\Connection->run('select * from \"...', Array, Object(Closure))
#4 D:\\BraineBase - Knowledge base management system\\my-project\\vendor\\laravel\\framework\\src\\Illuminate\\Database\\Query\\Builder.php(3106): Illuminate\\Database\\Connection->select('select * from \"...', Array, true)
#5 D:\\BraineBase - Knowledge base management system\\my-project\\vendor\\laravel\\framework\\src\\Illuminate\\Database\\Query\\Builder.php(3091): Illuminate\\Database\\Query\\Builder->runSelect()
#6 D:\\BraineBase - Knowledge base management system\\my-project\\vendor\\laravel\\framework\\src\\Illuminate\\Database\\Query\\Builder.php(3676): Illuminate\\Database\\Query\\Builder->Illuminate\\Database\\Query\\{closure}()
#7 D:\\BraineBase - Knowledge base management system\\my-project\\vendor\\laravel\\framework\\src\\Illuminate\\Database\\Query\\Builder.php(3090): Illuminate\\Database\\Query\\Builder->onceWithColumns(Array, Object(Closure))
#8 D:\\BraineBase - Knowledge base management system\\my-project\\vendor\\laravel\\framework\\src\\Illuminate\\Database\\Eloquent\\Builder.php(811): Illuminate\\Database\\Query\\Builder->get(Array)
#9 D:\\BraineBase - Knowledge base management system\\my-project\\vendor\\laravel\\framework\\src\\Illuminate\\Database\\Eloquent\\Builder.php(793): Illuminate\\Database\\Eloquent\\Builder->getModels(Array)
#10 D:\\BraineBase - Knowledge base management system\\my-project\\vendor\\laravel\\framework\\src\\Illuminate\\Database\\Concerns\\BuildsQueries.php(343): Illuminate\\Database\\Eloquent\\Builder->get(Array)
#11 D:\\BraineBase - Knowledge base management system\\my-project\\vendor\\laravel\\framework\\src\\Illuminate\\Database\\Eloquent\\Builder.php(477): Illuminate\\Database\\Eloquent\\Builder->first(Array)
#12 D:\\BraineBase - Knowledge base management system\\my-project\\vendor\\laravel\\framework\\src\\Illuminate\\Support\\Traits\\ForwardsCalls.php(23): Illuminate\\Database\\Eloquent\\Builder->find('1')
#13 D:\\BraineBase - Knowledge base management system\\my-project\\vendor\\laravel\\framework\\src\\Illuminate\\Database\\Eloquent\\Model.php(2372): Illuminate\\Database\\Eloquent\\Model->forwardCallTo(Object(Illuminate\\Database\\Eloquent\\Builder), 'find', Array)
#14 D:\\BraineBase - Knowledge base management system\\my-project\\vendor\\laravel\\framework\\src\\Illuminate\\Database\\Eloquent\\Model.php(2384): Illuminate\\Database\\Eloquent\\Model->__call('find', Array)
#15 D:\\BraineBase - Knowledge base management system\\my-project\\vendor\\laravel\\sanctum\\src\\PersonalAccessToken.php(66): Illuminate\\Database\\Eloquent\\Model::__callStatic('find', Array)
#16 D:\\BraineBase - Knowledge base management system\\my-project\\vendor\\laravel\\sanctum\\src\\Guard.php(67): Laravel\\Sanctum\\PersonalAccessToken::findToken('sf6ZNnPUIeNkU1d...')
#17 [internal function]: Laravel\\Sanctum\\Guard->__invoke(Object(Illuminate\\Http\\Request), NULL)
#18 D:\\BraineBase - Knowledge base management system\\my-project\\vendor\\laravel\\framework\\src\\Illuminate\\Auth\\RequestGuard.php(57): call_user_func(Object(Laravel\\Sanctum\\Guard), Object(Illuminate\\Http\\Request), NULL)
#19 D:\\BraineBase - Knowledge base management system\\my-project\\vendor\\laravel\\framework\\src\\Illuminate\\Auth\\GuardHelpers.php(56): Illuminate\\Auth\\RequestGuard->user()
#20 D:\\BraineBase - Knowledge base management system\\my-project\\vendor\\laravel\\framework\\src\\Illuminate\\Auth\\Middleware\\Authenticate.php(83): Illuminate\\Auth\\RequestGuard->check()
#21 D:\\BraineBase - Knowledge base management system\\my-project\\vendor\\laravel\\framework\\src\\Illuminate\\Auth\\Middleware\\Authenticate.php(62): Illuminate\\Auth\\Middleware\\Authenticate->authenticate(Object(Illuminate\\Http\\Request), Array)
#22 D:\\BraineBase - Knowledge base management system\\my-project\\vendor\\laravel\\framework\\src\\Illuminate\\Pipeline\\Pipeline.php(209): Illuminate\\Auth\\Middleware\\Authenticate->handle(Object(Illuminate\\Http\\Request), Object(Closure), 'sanctum')
#23 D:\\BraineBase - Knowledge base management system\\my-project\\vendor\\laravel\\framework\\src\\Illuminate\\Pipeline\\Pipeline.php(127): Illuminate\\Pipeline\\Pipeline->Illuminate\\Pipeline\\{closure}(Object(Illuminate\\Http\\Request))
#24 D:\\BraineBase - Knowledge base management system\\my-project\\vendor\\laravel\\framework\\src\\Illuminate\\Routing\\Router.php(807): Illuminate\\Pipeline\\Pipeline->then(Object(Closure))
#25 D:\\BraineBase - Knowledge base management system\\my-project\\vendor\\laravel\\framework\\src\\Illuminate\\Routing\\Router.php(786): Illuminate\\Routing\\Router->runRouteWithinStack(Object(Illuminate\\Routing\\Route), Object(Illuminate\\Http\\Request))
#26 D:\\BraineBase - Knowledge base management system\\my-project\\vendor\\laravel\\framework\\src\\Illuminate\\Routing\\Router.php(750): Illuminate\\Routing\\Router->runRoute(Object(Illuminate\\Http\\Request), Object(Illuminate\\Routing\\Route))
#27 D:\\BraineBase - Knowledge base management system\\my-project\\vendor\\laravel\\framework\\src\\Illuminate\\Routing\\Router.php(739): Illuminate\\Routing\\Router->dispatchToRoute(Object(Illuminate\\Http\\Request))
#28 D:\\BraineBase - Knowledge base management system\\my-project\\vendor\\laravel\\framework\\src\\Illuminate\\Foundation\\Http\\Kernel.php(201): Illuminate\\Routing\\Router->dispatch(Object(Illuminate\\Http\\Request))
#29 D:\\BraineBase - Knowledge base management system\\my-project\\vendor\\laravel\\framework\\src\\Illuminate\\Pipeline\\Pipeline.php(170): Illuminate\\Foundation\\Http\\Kernel->Illuminate\\Foundation\\Http\\{closure}(Object(Illuminate\\Http\\Request))
#30 D:\\BraineBase - Knowledge base management system\\my-project\\vendor\\laravel\\framework\\src\\Illuminate\\Foundation\\Http\\Middleware\\TransformsRequest.php(21): Illuminate\\Pipeline\\Pipeline->Illuminate\\Pipeline\\{closure}(Object(Illuminate\\Http\\Request))
#31 D:\\BraineBase - Knowledge base management system\\my-project\\vendor\\laravel\\framework\\src\\Illuminate\\Foundation\\Http\\Middleware\\ConvertEmptyStringsToNull.php(31): Illuminate\\Foundation\\Http\\Middleware\\TransformsRequest->handle(Object(Illuminate\\Http\\Request), Object(Closure))
#32 D:\\BraineBase - Knowledge base management system\\my-project\\vendor\\laravel\\framework\\src\\Illuminate\\Pipeline\\Pipeline.php(209): Illuminate\\Foundation\\Http\\Middleware\\ConvertEmptyStringsToNull->handle(Object(Illuminate\\Http\\Request), Object(Closure))
#33 D:\\BraineBase - Knowledge base management system\\my-project\\vendor\\laravel\\framework\\src\\Illuminate\\Foundation\\Http\\Middleware\\TransformsRequest.php(21): Illuminate\\Pipeline\\Pipeline->Illuminate\\Pipeline\\{closure}(Object(Illuminate\\Http\\Request))
#34 D:\\BraineBase - Knowledge base management system\\my-project\\vendor\\laravel\\framework\\src\\Illuminate\\Foundation\\Http\\Middleware\\TrimStrings.php(51): Illuminate\\Foundation\\Http\\Middleware\\TransformsRequest->handle(Object(Illuminate\\Http\\Request), Object(Closure))
#35 D:\\BraineBase - Knowledge base management system\\my-project\\vendor\\laravel\\framework\\src\\Illuminate\\Pipeline\\Pipeline.php(209): Illuminate\\Foundation\\Http\\Middleware\\TrimStrings->handle(Object(Illuminate\\Http\\Request), Object(Closure))
#36 D:\\BraineBase - Knowledge base management system\\my-project\\vendor\\laravel\\framework\\src\\Illuminate\\Http\\Middleware\\ValidatePostSize.php(27): Illuminate\\Pipeline\\Pipeline->Illuminate\\Pipeline\\{closure}(Object(Illuminate\\Http\\Request))
#37 D:\\BraineBase - Knowledge base management system\\my-project\\vendor\\laravel\\framework\\src\\Illuminate\\Pipeline\\Pipeline.php(209): Illuminate\\Http\\Middleware\\ValidatePostSize->handle(Object(Illuminate\\Http\\Request), Object(Closure))
#38 D:\\BraineBase - Knowledge base management system\\my-project\\vendor\\laravel\\framework\\src\\Illuminate\\Foundation\\Http\\Middleware\\PreventRequestsDuringMaintenance.php(110): Illuminate\\Pipeline\\Pipeline->Illuminate\\Pipeline\\{closure}(Object(Illuminate\\Http\\Request))
#39 D:\\BraineBase - Knowledge base management system\\my-project\\vendor\\laravel\\framework\\src\\Illuminate\\Pipeline\\Pipeline.php(209): Illuminate\\Foundation\\Http\\Middleware\\PreventRequestsDuringMaintenance->handle(Object(Illuminate\\Http\\Request), Object(Closure))
#40 D:\\BraineBase - Knowledge base management system\\my-project\\vendor\\laravel\\framework\\src\\Illuminate\\Http\\Middleware\\HandleCors.php(62): Illuminate\\Pipeline\\Pipeline->Illuminate\\Pipeline\\{closure}(Object(Illuminate\\Http\\Request))
#41 D:\\BraineBase - Knowledge base management system\\my-project\\vendor\\laravel\\framework\\src\\Illuminate\\Pipeline\\Pipeline.php(209): Illuminate\\Http\\Middleware\\HandleCors->handle(Object(Illuminate\\Http\\Request), Object(Closure))
#42 D:\\BraineBase - Knowledge base management system\\my-project\\vendor\\laravel\\framework\\src\\Illuminate\\Http\\Middleware\\TrustProxies.php(58): Illuminate\\Pipeline\\Pipeline->Illuminate\\Pipeline\\{closure}(Object(Illuminate\\Http\\Request))
#43 D:\\BraineBase - Knowledge base management system\\my-project\\vendor\\laravel\\framework\\src\\Illuminate\\Pipeline\\Pipeline.php(209): Illuminate\\Http\\Middleware\\TrustProxies->handle(Object(Illuminate\\Http\\Request), Object(Closure))
#44 D:\\BraineBase - Knowledge base management system\\my-project\\vendor\\laravel\\framework\\src\\Illuminate\\Foundation\\Http\\Middleware\\InvokeDeferredCallbacks.php(22): Illuminate\\Pipeline\\Pipeline->Illuminate\\Pipeline\\{closure}(Object(Illuminate\\Http\\Request))
#45 D:\\BraineBase - Knowledge base management system\\my-project\\vendor\\laravel\\framework\\src\\Illuminate\\Pipeline\\Pipeline.php(209): Illuminate\\Foundation\\Http\\Middleware\\InvokeDeferredCallbacks->handle(Object(Illuminate\\Http\\Request), Object(Closure))
#46 D:\\BraineBase - Knowledge base management system\\my-project\\vendor\\laravel\\framework\\src\\Illuminate\\Pipeline\\Pipeline.php(127): Illuminate\\Pipeline\\Pipeline->Illuminate\\Pipeline\\{closure}(Object(Illuminate\\Http\\Request))
#47 D:\\BraineBase - Knowledge base management system\\my-project\\vendor\\laravel\\framework\\src\\Illuminate\\Foundation\\Http\\Kernel.php(176): Illuminate\\Pipeline\\Pipeline->then(Object(Closure))
#48 D:\\BraineBase - Knowledge base management system\\my-project\\vendor\\laravel\\framework\\src\\Illuminate\\Foundation\\Http\\Kernel.php(145): Illuminate\\Foundation\\Http\\Kernel->sendRequestThroughRouter(Object(Illuminate\\Http\\Request))
#49 D:\\BraineBase - Knowledge base management system\\my-project\\vendor\\laravel\\framework\\src\\Illuminate\\Foundation\\Application.php(1220): Illuminate\\Foundation\\Http\\Kernel->handle(Object(Illuminate\\Http\\Request))
#50 D:\\BraineBase - Knowledge base management system\\my-project\\public\\index.php(17): Illuminate\\Foundation\\Application->handleRequest(Object(Illuminate\\Http\\Request))
#51 D:\\BraineBase - Knowledge base management system\\my-project\\vendor\\laravel\\framework\\src\\Illuminate\\Foundation\\resources\\server.php(23): require_once('D:\\\\BraineBase -...')
#52 {main}
"} 
[2025-05-11 13:41:09] local.ERROR: SQLSTATE[HY000]: General error: 1 no such table: personal_access_tokens (Connection: sqlite, SQL: select * from "personal_access_tokens" where "personal_access_tokens"."id" = 1 limit 1) {"exception":"[object] (Illuminate\\Database\\QueryException(code: HY000): SQLSTATE[HY000]: General error: 1 no such table: personal_access_tokens (Connection: sqlite, SQL: select * from \"personal_access_tokens\" where \"personal_access_tokens\".\"id\" = 1 limit 1) at D:\\BraineBase - Knowledge base management system\\my-project\\vendor\\laravel\\framework\\src\\Illuminate\\Database\\Connection.php:825)
[stacktrace]
#0 D:\\BraineBase - Knowledge base management system\\my-project\\vendor\\laravel\\framework\\src\\Illuminate\\Database\\Connection.php(779): Illuminate\\Database\\Connection->runQueryCallback('select * from \"...', Array, Object(Closure))
#1 D:\\BraineBase - Knowledge base management system\\my-project\\vendor\\laravel\\framework\\src\\Illuminate\\Database\\Connection.php(398): Illuminate\\Database\\Connection->run('select * from \"...', Array, Object(Closure))
#2 D:\\BraineBase - Knowledge base management system\\my-project\\vendor\\laravel\\framework\\src\\Illuminate\\Database\\Query\\Builder.php(3106): Illuminate\\Database\\Connection->select('select * from \"...', Array, true)
#3 D:\\BraineBase - Knowledge base management system\\my-project\\vendor\\laravel\\framework\\src\\Illuminate\\Database\\Query\\Builder.php(3091): Illuminate\\Database\\Query\\Builder->runSelect()
#4 D:\\BraineBase - Knowledge base management system\\my-project\\vendor\\laravel\\framework\\src\\Illuminate\\Database\\Query\\Builder.php(3676): Illuminate\\Database\\Query\\Builder->Illuminate\\Database\\Query\\{closure}()
#5 D:\\BraineBase - Knowledge base management system\\my-project\\vendor\\laravel\\framework\\src\\Illuminate\\Database\\Query\\Builder.php(3090): Illuminate\\Database\\Query\\Builder->onceWithColumns(Array, Object(Closure))
#6 D:\\BraineBase - Knowledge base management system\\my-project\\vendor\\laravel\\framework\\src\\Illuminate\\Database\\Eloquent\\Builder.php(811): Illuminate\\Database\\Query\\Builder->get(Array)
#7 D:\\BraineBase - Knowledge base management system\\my-project\\vendor\\laravel\\framework\\src\\Illuminate\\Database\\Eloquent\\Builder.php(793): Illuminate\\Database\\Eloquent\\Builder->getModels(Array)
#8 D:\\BraineBase - Knowledge base management system\\my-project\\vendor\\laravel\\framework\\src\\Illuminate\\Database\\Concerns\\BuildsQueries.php(343): Illuminate\\Database\\Eloquent\\Builder->get(Array)
#9 D:\\BraineBase - Knowledge base management system\\my-project\\vendor\\laravel\\framework\\src\\Illuminate\\Database\\Eloquent\\Builder.php(477): Illuminate\\Database\\Eloquent\\Builder->first(Array)
#10 D:\\BraineBase - Knowledge base management system\\my-project\\vendor\\laravel\\framework\\src\\Illuminate\\Support\\Traits\\ForwardsCalls.php(23): Illuminate\\Database\\Eloquent\\Builder->find('1')
#11 D:\\BraineBase - Knowledge base management system\\my-project\\vendor\\laravel\\framework\\src\\Illuminate\\Database\\Eloquent\\Model.php(2372): Illuminate\\Database\\Eloquent\\Model->forwardCallTo(Object(Illuminate\\Database\\Eloquent\\Builder), 'find', Array)
#12 D:\\BraineBase - Knowledge base management system\\my-project\\vendor\\laravel\\framework\\src\\Illuminate\\Database\\Eloquent\\Model.php(2384): Illuminate\\Database\\Eloquent\\Model->__call('find', Array)
#13 D:\\BraineBase - Knowledge base management system\\my-project\\vendor\\laravel\\sanctum\\src\\PersonalAccessToken.php(66): Illuminate\\Database\\Eloquent\\Model::__callStatic('find', Array)
#14 D:\\BraineBase - Knowledge base management system\\my-project\\vendor\\laravel\\sanctum\\src\\Guard.php(67): Laravel\\Sanctum\\PersonalAccessToken::findToken('sf6ZNnPUIeNkU1d...')
#15 [internal function]: Laravel\\Sanctum\\Guard->__invoke(Object(Illuminate\\Http\\Request), NULL)
#16 D:\\BraineBase - Knowledge base management system\\my-project\\vendor\\laravel\\framework\\src\\Illuminate\\Auth\\RequestGuard.php(57): call_user_func(Object(Laravel\\Sanctum\\Guard), Object(Illuminate\\Http\\Request), NULL)
#17 D:\\BraineBase - Knowledge base management system\\my-project\\vendor\\laravel\\framework\\src\\Illuminate\\Auth\\GuardHelpers.php(56): Illuminate\\Auth\\RequestGuard->user()
#18 D:\\BraineBase - Knowledge base management system\\my-project\\vendor\\laravel\\framework\\src\\Illuminate\\Auth\\Middleware\\Authenticate.php(83): Illuminate\\Auth\\RequestGuard->check()
#19 D:\\BraineBase - Knowledge base management system\\my-project\\vendor\\laravel\\framework\\src\\Illuminate\\Auth\\Middleware\\Authenticate.php(62): Illuminate\\Auth\\Middleware\\Authenticate->authenticate(Object(Illuminate\\Http\\Request), Array)
#20 D:\\BraineBase - Knowledge base management system\\my-project\\vendor\\laravel\\framework\\src\\Illuminate\\Pipeline\\Pipeline.php(209): Illuminate\\Auth\\Middleware\\Authenticate->handle(Object(Illuminate\\Http\\Request), Object(Closure), 'sanctum')
#21 D:\\BraineBase - Knowledge base management system\\my-project\\vendor\\laravel\\framework\\src\\Illuminate\\Pipeline\\Pipeline.php(127): Illuminate\\Pipeline\\Pipeline->Illuminate\\Pipeline\\{closure}(Object(Illuminate\\Http\\Request))
#22 D:\\BraineBase - Knowledge base management system\\my-project\\vendor\\laravel\\framework\\src\\Illuminate\\Routing\\Router.php(807): Illuminate\\Pipeline\\Pipeline->then(Object(Closure))
#23 D:\\BraineBase - Knowledge base management system\\my-project\\vendor\\laravel\\framework\\src\\Illuminate\\Routing\\Router.php(786): Illuminate\\Routing\\Router->runRouteWithinStack(Object(Illuminate\\Routing\\Route), Object(Illuminate\\Http\\Request))
#24 D:\\BraineBase - Knowledge base management system\\my-project\\vendor\\laravel\\framework\\src\\Illuminate\\Routing\\Router.php(750): Illuminate\\Routing\\Router->runRoute(Object(Illuminate\\Http\\Request), Object(Illuminate\\Routing\\Route))
#25 D:\\BraineBase - Knowledge base management system\\my-project\\vendor\\laravel\\framework\\src\\Illuminate\\Routing\\Router.php(739): Illuminate\\Routing\\Router->dispatchToRoute(Object(Illuminate\\Http\\Request))
#26 D:\\BraineBase - Knowledge base management system\\my-project\\vendor\\laravel\\framework\\src\\Illuminate\\Foundation\\Http\\Kernel.php(201): Illuminate\\Routing\\Router->dispatch(Object(Illuminate\\Http\\Request))
#27 D:\\BraineBase - Knowledge base management system\\my-project\\vendor\\laravel\\framework\\src\\Illuminate\\Pipeline\\Pipeline.php(170): Illuminate\\Foundation\\Http\\Kernel->Illuminate\\Foundation\\Http\\{closure}(Object(Illuminate\\Http\\Request))
#28 D:\\BraineBase - Knowledge base management system\\my-project\\vendor\\laravel\\framework\\src\\Illuminate\\Foundation\\Http\\Middleware\\TransformsRequest.php(21): Illuminate\\Pipeline\\Pipeline->Illuminate\\Pipeline\\{closure}(Object(Illuminate\\Http\\Request))
#29 D:\\BraineBase - Knowledge base management system\\my-project\\vendor\\laravel\\framework\\src\\Illuminate\\Foundation\\Http\\Middleware\\ConvertEmptyStringsToNull.php(31): Illuminate\\Foundation\\Http\\Middleware\\TransformsRequest->handle(Object(Illuminate\\Http\\Request), Object(Closure))
#30 D:\\BraineBase - Knowledge base management system\\my-project\\vendor\\laravel\\framework\\src\\Illuminate\\Pipeline\\Pipeline.php(209): Illuminate\\Foundation\\Http\\Middleware\\ConvertEmptyStringsToNull->handle(Object(Illuminate\\Http\\Request), Object(Closure))
#31 D:\\BraineBase - Knowledge base management system\\my-project\\vendor\\laravel\\framework\\src\\Illuminate\\Foundation\\Http\\Middleware\\TransformsRequest.php(21): Illuminate\\Pipeline\\Pipeline->Illuminate\\Pipeline\\{closure}(Object(Illuminate\\Http\\Request))
#32 D:\\BraineBase - Knowledge base management system\\my-project\\vendor\\laravel\\framework\\src\\Illuminate\\Foundation\\Http\\Middleware\\TrimStrings.php(51): Illuminate\\Foundation\\Http\\Middleware\\TransformsRequest->handle(Object(Illuminate\\Http\\Request), Object(Closure))
#33 D:\\BraineBase - Knowledge base management system\\my-project\\vendor\\laravel\\framework\\src\\Illuminate\\Pipeline\\Pipeline.php(209): Illuminate\\Foundation\\Http\\Middleware\\TrimStrings->handle(Object(Illuminate\\Http\\Request), Object(Closure))
#34 D:\\BraineBase - Knowledge base management system\\my-project\\vendor\\laravel\\framework\\src\\Illuminate\\Http\\Middleware\\ValidatePostSize.php(27): Illuminate\\Pipeline\\Pipeline->Illuminate\\Pipeline\\{closure}(Object(Illuminate\\Http\\Request))
#35 D:\\BraineBase - Knowledge base management system\\my-project\\vendor\\laravel\\framework\\src\\Illuminate\\Pipeline\\Pipeline.php(209): Illuminate\\Http\\Middleware\\ValidatePostSize->handle(Object(Illuminate\\Http\\Request), Object(Closure))
#36 D:\\BraineBase - Knowledge base management system\\my-project\\vendor\\laravel\\framework\\src\\Illuminate\\Foundation\\Http\\Middleware\\PreventRequestsDuringMaintenance.php(110): Illuminate\\Pipeline\\Pipeline->Illuminate\\Pipeline\\{closure}(Object(Illuminate\\Http\\Request))
#37 D:\\BraineBase - Knowledge base management system\\my-project\\vendor\\laravel\\framework\\src\\Illuminate\\Pipeline\\Pipeline.php(209): Illuminate\\Foundation\\Http\\Middleware\\PreventRequestsDuringMaintenance->handle(Object(Illuminate\\Http\\Request), Object(Closure))
#38 D:\\BraineBase - Knowledge base management system\\my-project\\vendor\\laravel\\framework\\src\\Illuminate\\Http\\Middleware\\HandleCors.php(62): Illuminate\\Pipeline\\Pipeline->Illuminate\\Pipeline\\{closure}(Object(Illuminate\\Http\\Request))
#39 D:\\BraineBase - Knowledge base management system\\my-project\\vendor\\laravel\\framework\\src\\Illuminate\\Pipeline\\Pipeline.php(209): Illuminate\\Http\\Middleware\\HandleCors->handle(Object(Illuminate\\Http\\Request), Object(Closure))
#40 D:\\BraineBase - Knowledge base management system\\my-project\\vendor\\laravel\\framework\\src\\Illuminate\\Http\\Middleware\\TrustProxies.php(58): Illuminate\\Pipeline\\Pipeline->Illuminate\\Pipeline\\{closure}(Object(Illuminate\\Http\\Request))
#41 D:\\BraineBase - Knowledge base management system\\my-project\\vendor\\laravel\\framework\\src\\Illuminate\\Pipeline\\Pipeline.php(209): Illuminate\\Http\\Middleware\\TrustProxies->handle(Object(Illuminate\\Http\\Request), Object(Closure))
#42 D:\\BraineBase - Knowledge base management system\\my-project\\vendor\\laravel\\framework\\src\\Illuminate\\Foundation\\Http\\Middleware\\InvokeDeferredCallbacks.php(22): Illuminate\\Pipeline\\Pipeline->Illuminate\\Pipeline\\{closure}(Object(Illuminate\\Http\\Request))
#43 D:\\BraineBase - Knowledge base management system\\my-project\\vendor\\laravel\\framework\\src\\Illuminate\\Pipeline\\Pipeline.php(209): Illuminate\\Foundation\\Http\\Middleware\\InvokeDeferredCallbacks->handle(Object(Illuminate\\Http\\Request), Object(Closure))
#44 D:\\BraineBase - Knowledge base management system\\my-project\\vendor\\laravel\\framework\\src\\Illuminate\\Pipeline\\Pipeline.php(127): Illuminate\\Pipeline\\Pipeline->Illuminate\\Pipeline\\{closure}(Object(Illuminate\\Http\\Request))
#45 D:\\BraineBase - Knowledge base management system\\my-project\\vendor\\laravel\\framework\\src\\Illuminate\\Foundation\\Http\\Kernel.php(176): Illuminate\\Pipeline\\Pipeline->then(Object(Closure))
#46 D:\\BraineBase - Knowledge base management system\\my-project\\vendor\\laravel\\framework\\src\\Illuminate\\Foundation\\Http\\Kernel.php(145): Illuminate\\Foundation\\Http\\Kernel->sendRequestThroughRouter(Object(Illuminate\\Http\\Request))
#47 D:\\BraineBase - Knowledge base management system\\my-project\\vendor\\laravel\\framework\\src\\Illuminate\\Foundation\\Application.php(1220): Illuminate\\Foundation\\Http\\Kernel->handle(Object(Illuminate\\Http\\Request))
#48 D:\\BraineBase - Knowledge base management system\\my-project\\public\\index.php(17): Illuminate\\Foundation\\Application->handleRequest(Object(Illuminate\\Http\\Request))
#49 D:\\BraineBase - Knowledge base management system\\my-project\\vendor\\laravel\\framework\\src\\Illuminate\\Foundation\\resources\\server.php(23): require_once('D:\\\\BraineBase -...')
#50 {main}

[previous exception] [object] (PDOException(code: HY000): SQLSTATE[HY000]: General error: 1 no such table: personal_access_tokens at D:\\BraineBase - Knowledge base management system\\my-project\\vendor\\laravel\\framework\\src\\Illuminate\\Database\\Connection.php:407)
[stacktrace]
#0 D:\\BraineBase - Knowledge base management system\\my-project\\vendor\\laravel\\framework\\src\\Illuminate\\Database\\Connection.php(407): PDO->prepare('select * from \"...')
#1 D:\\BraineBase - Knowledge base management system\\my-project\\vendor\\laravel\\framework\\src\\Illuminate\\Database\\Connection.php(812): Illuminate\\Database\\Connection->Illuminate\\Database\\{closure}('select * from \"...', Array)
#2 D:\\BraineBase - Knowledge base management system\\my-project\\vendor\\laravel\\framework\\src\\Illuminate\\Database\\Connection.php(779): Illuminate\\Database\\Connection->runQueryCallback('select * from \"...', Array, Object(Closure))
#3 D:\\BraineBase - Knowledge base management system\\my-project\\vendor\\laravel\\framework\\src\\Illuminate\\Database\\Connection.php(398): Illuminate\\Database\\Connection->run('select * from \"...', Array, Object(Closure))
#4 D:\\BraineBase - Knowledge base management system\\my-project\\vendor\\laravel\\framework\\src\\Illuminate\\Database\\Query\\Builder.php(3106): Illuminate\\Database\\Connection->select('select * from \"...', Array, true)
#5 D:\\BraineBase - Knowledge base management system\\my-project\\vendor\\laravel\\framework\\src\\Illuminate\\Database\\Query\\Builder.php(3091): Illuminate\\Database\\Query\\Builder->runSelect()
#6 D:\\BraineBase - Knowledge base management system\\my-project\\vendor\\laravel\\framework\\src\\Illuminate\\Database\\Query\\Builder.php(3676): Illuminate\\Database\\Query\\Builder->Illuminate\\Database\\Query\\{closure}()
#7 D:\\BraineBase - Knowledge base management system\\my-project\\vendor\\laravel\\framework\\src\\Illuminate\\Database\\Query\\Builder.php(3090): Illuminate\\Database\\Query\\Builder->onceWithColumns(Array, Object(Closure))
#8 D:\\BraineBase - Knowledge base management system\\my-project\\vendor\\laravel\\framework\\src\\Illuminate\\Database\\Eloquent\\Builder.php(811): Illuminate\\Database\\Query\\Builder->get(Array)
#9 D:\\BraineBase - Knowledge base management system\\my-project\\vendor\\laravel\\framework\\src\\Illuminate\\Database\\Eloquent\\Builder.php(793): Illuminate\\Database\\Eloquent\\Builder->getModels(Array)
#10 D:\\BraineBase - Knowledge base management system\\my-project\\vendor\\laravel\\framework\\src\\Illuminate\\Database\\Concerns\\BuildsQueries.php(343): Illuminate\\Database\\Eloquent\\Builder->get(Array)
#11 D:\\BraineBase - Knowledge base management system\\my-project\\vendor\\laravel\\framework\\src\\Illuminate\\Database\\Eloquent\\Builder.php(477): Illuminate\\Database\\Eloquent\\Builder->first(Array)
#12 D:\\BraineBase - Knowledge base management system\\my-project\\vendor\\laravel\\framework\\src\\Illuminate\\Support\\Traits\\ForwardsCalls.php(23): Illuminate\\Database\\Eloquent\\Builder->find('1')
#13 D:\\BraineBase - Knowledge base management system\\my-project\\vendor\\laravel\\framework\\src\\Illuminate\\Database\\Eloquent\\Model.php(2372): Illuminate\\Database\\Eloquent\\Model->forwardCallTo(Object(Illuminate\\Database\\Eloquent\\Builder), 'find', Array)
#14 D:\\BraineBase - Knowledge base management system\\my-project\\vendor\\laravel\\framework\\src\\Illuminate\\Database\\Eloquent\\Model.php(2384): Illuminate\\Database\\Eloquent\\Model->__call('find', Array)
#15 D:\\BraineBase - Knowledge base management system\\my-project\\vendor\\laravel\\sanctum\\src\\PersonalAccessToken.php(66): Illuminate\\Database\\Eloquent\\Model::__callStatic('find', Array)
#16 D:\\BraineBase - Knowledge base management system\\my-project\\vendor\\laravel\\sanctum\\src\\Guard.php(67): Laravel\\Sanctum\\PersonalAccessToken::findToken('sf6ZNnPUIeNkU1d...')
#17 [internal function]: Laravel\\Sanctum\\Guard->__invoke(Object(Illuminate\\Http\\Request), NULL)
#18 D:\\BraineBase - Knowledge base management system\\my-project\\vendor\\laravel\\framework\\src\\Illuminate\\Auth\\RequestGuard.php(57): call_user_func(Object(Laravel\\Sanctum\\Guard), Object(Illuminate\\Http\\Request), NULL)
#19 D:\\BraineBase - Knowledge base management system\\my-project\\vendor\\laravel\\framework\\src\\Illuminate\\Auth\\GuardHelpers.php(56): Illuminate\\Auth\\RequestGuard->user()
#20 D:\\BraineBase - Knowledge base management system\\my-project\\vendor\\laravel\\framework\\src\\Illuminate\\Auth\\Middleware\\Authenticate.php(83): Illuminate\\Auth\\RequestGuard->check()
#21 D:\\BraineBase - Knowledge base management system\\my-project\\vendor\\laravel\\framework\\src\\Illuminate\\Auth\\Middleware\\Authenticate.php(62): Illuminate\\Auth\\Middleware\\Authenticate->authenticate(Object(Illuminate\\Http\\Request), Array)
#22 D:\\BraineBase - Knowledge base management system\\my-project\\vendor\\laravel\\framework\\src\\Illuminate\\Pipeline\\Pipeline.php(209): Illuminate\\Auth\\Middleware\\Authenticate->handle(Object(Illuminate\\Http\\Request), Object(Closure), 'sanctum')
#23 D:\\BraineBase - Knowledge base management system\\my-project\\vendor\\laravel\\framework\\src\\Illuminate\\Pipeline\\Pipeline.php(127): Illuminate\\Pipeline\\Pipeline->Illuminate\\Pipeline\\{closure}(Object(Illuminate\\Http\\Request))
#24 D:\\BraineBase - Knowledge base management system\\my-project\\vendor\\laravel\\framework\\src\\Illuminate\\Routing\\Router.php(807): Illuminate\\Pipeline\\Pipeline->then(Object(Closure))
#25 D:\\BraineBase - Knowledge base management system\\my-project\\vendor\\laravel\\framework\\src\\Illuminate\\Routing\\Router.php(786): Illuminate\\Routing\\Router->runRouteWithinStack(Object(Illuminate\\Routing\\Route), Object(Illuminate\\Http\\Request))
#26 D:\\BraineBase - Knowledge base management system\\my-project\\vendor\\laravel\\framework\\src\\Illuminate\\Routing\\Router.php(750): Illuminate\\Routing\\Router->runRoute(Object(Illuminate\\Http\\Request), Object(Illuminate\\Routing\\Route))
#27 D:\\BraineBase - Knowledge base management system\\my-project\\vendor\\laravel\\framework\\src\\Illuminate\\Routing\\Router.php(739): Illuminate\\Routing\\Router->dispatchToRoute(Object(Illuminate\\Http\\Request))
#28 D:\\BraineBase - Knowledge base management system\\my-project\\vendor\\laravel\\framework\\src\\Illuminate\\Foundation\\Http\\Kernel.php(201): Illuminate\\Routing\\Router->dispatch(Object(Illuminate\\Http\\Request))
#29 D:\\BraineBase - Knowledge base management system\\my-project\\vendor\\laravel\\framework\\src\\Illuminate\\Pipeline\\Pipeline.php(170): Illuminate\\Foundation\\Http\\Kernel->Illuminate\\Foundation\\Http\\{closure}(Object(Illuminate\\Http\\Request))
#30 D:\\BraineBase - Knowledge base management system\\my-project\\vendor\\laravel\\framework\\src\\Illuminate\\Foundation\\Http\\Middleware\\TransformsRequest.php(21): Illuminate\\Pipeline\\Pipeline->Illuminate\\Pipeline\\{closure}(Object(Illuminate\\Http\\Request))
#31 D:\\BraineBase - Knowledge base management system\\my-project\\vendor\\laravel\\framework\\src\\Illuminate\\Foundation\\Http\\Middleware\\ConvertEmptyStringsToNull.php(31): Illuminate\\Foundation\\Http\\Middleware\\TransformsRequest->handle(Object(Illuminate\\Http\\Request), Object(Closure))
#32 D:\\BraineBase - Knowledge base management system\\my-project\\vendor\\laravel\\framework\\src\\Illuminate\\Pipeline\\Pipeline.php(209): Illuminate\\Foundation\\Http\\Middleware\\ConvertEmptyStringsToNull->handle(Object(Illuminate\\Http\\Request), Object(Closure))
#33 D:\\BraineBase - Knowledge base management system\\my-project\\vendor\\laravel\\framework\\src\\Illuminate\\Foundation\\Http\\Middleware\\TransformsRequest.php(21): Illuminate\\Pipeline\\Pipeline->Illuminate\\Pipeline\\{closure}(Object(Illuminate\\Http\\Request))
#34 D:\\BraineBase - Knowledge base management system\\my-project\\vendor\\laravel\\framework\\src\\Illuminate\\Foundation\\Http\\Middleware\\TrimStrings.php(51): Illuminate\\Foundation\\Http\\Middleware\\TransformsRequest->handle(Object(Illuminate\\Http\\Request), Object(Closure))
#35 D:\\BraineBase - Knowledge base management system\\my-project\\vendor\\laravel\\framework\\src\\Illuminate\\Pipeline\\Pipeline.php(209): Illuminate\\Foundation\\Http\\Middleware\\TrimStrings->handle(Object(Illuminate\\Http\\Request), Object(Closure))
#36 D:\\BraineBase - Knowledge base management system\\my-project\\vendor\\laravel\\framework\\src\\Illuminate\\Http\\Middleware\\ValidatePostSize.php(27): Illuminate\\Pipeline\\Pipeline->Illuminate\\Pipeline\\{closure}(Object(Illuminate\\Http\\Request))
#37 D:\\BraineBase - Knowledge base management system\\my-project\\vendor\\laravel\\framework\\src\\Illuminate\\Pipeline\\Pipeline.php(209): Illuminate\\Http\\Middleware\\ValidatePostSize->handle(Object(Illuminate\\Http\\Request), Object(Closure))
#38 D:\\BraineBase - Knowledge base management system\\my-project\\vendor\\laravel\\framework\\src\\Illuminate\\Foundation\\Http\\Middleware\\PreventRequestsDuringMaintenance.php(110): Illuminate\\Pipeline\\Pipeline->Illuminate\\Pipeline\\{closure}(Object(Illuminate\\Http\\Request))
#39 D:\\BraineBase - Knowledge base management system\\my-project\\vendor\\laravel\\framework\\src\\Illuminate\\Pipeline\\Pipeline.php(209): Illuminate\\Foundation\\Http\\Middleware\\PreventRequestsDuringMaintenance->handle(Object(Illuminate\\Http\\Request), Object(Closure))
#40 D:\\BraineBase - Knowledge base management system\\my-project\\vendor\\laravel\\framework\\src\\Illuminate\\Http\\Middleware\\HandleCors.php(62): Illuminate\\Pipeline\\Pipeline->Illuminate\\Pipeline\\{closure}(Object(Illuminate\\Http\\Request))
#41 D:\\BraineBase - Knowledge base management system\\my-project\\vendor\\laravel\\framework\\src\\Illuminate\\Pipeline\\Pipeline.php(209): Illuminate\\Http\\Middleware\\HandleCors->handle(Object(Illuminate\\Http\\Request), Object(Closure))
#42 D:\\BraineBase - Knowledge base management system\\my-project\\vendor\\laravel\\framework\\src\\Illuminate\\Http\\Middleware\\TrustProxies.php(58): Illuminate\\Pipeline\\Pipeline->Illuminate\\Pipeline\\{closure}(Object(Illuminate\\Http\\Request))
#43 D:\\BraineBase - Knowledge base management system\\my-project\\vendor\\laravel\\framework\\src\\Illuminate\\Pipeline\\Pipeline.php(209): Illuminate\\Http\\Middleware\\TrustProxies->handle(Object(Illuminate\\Http\\Request), Object(Closure))
#44 D:\\BraineBase - Knowledge base management system\\my-project\\vendor\\laravel\\framework\\src\\Illuminate\\Foundation\\Http\\Middleware\\InvokeDeferredCallbacks.php(22): Illuminate\\Pipeline\\Pipeline->Illuminate\\Pipeline\\{closure}(Object(Illuminate\\Http\\Request))
#45 D:\\BraineBase - Knowledge base management system\\my-project\\vendor\\laravel\\framework\\src\\Illuminate\\Pipeline\\Pipeline.php(209): Illuminate\\Foundation\\Http\\Middleware\\InvokeDeferredCallbacks->handle(Object(Illuminate\\Http\\Request), Object(Closure))
#46 D:\\BraineBase - Knowledge base management system\\my-project\\vendor\\laravel\\framework\\src\\Illuminate\\Pipeline\\Pipeline.php(127): Illuminate\\Pipeline\\Pipeline->Illuminate\\Pipeline\\{closure}(Object(Illuminate\\Http\\Request))
#47 D:\\BraineBase - Knowledge base management system\\my-project\\vendor\\laravel\\framework\\src\\Illuminate\\Foundation\\Http\\Kernel.php(176): Illuminate\\Pipeline\\Pipeline->then(Object(Closure))
#48 D:\\BraineBase - Knowledge base management system\\my-project\\vendor\\laravel\\framework\\src\\Illuminate\\Foundation\\Http\\Kernel.php(145): Illuminate\\Foundation\\Http\\Kernel->sendRequestThroughRouter(Object(Illuminate\\Http\\Request))
#49 D:\\BraineBase - Knowledge base management system\\my-project\\vendor\\laravel\\framework\\src\\Illuminate\\Foundation\\Application.php(1220): Illuminate\\Foundation\\Http\\Kernel->handle(Object(Illuminate\\Http\\Request))
#50 D:\\BraineBase - Knowledge base management system\\my-project\\public\\index.php(17): Illuminate\\Foundation\\Application->handleRequest(Object(Illuminate\\Http\\Request))
#51 D:\\BraineBase - Knowledge base management system\\my-project\\vendor\\laravel\\framework\\src\\Illuminate\\Foundation\\resources\\server.php(23): require_once('D:\\\\BraineBase -...')
#52 {main}
"} 
[2025-05-11 13:41:10] local.ERROR: SQLSTATE[HY000]: General error: 1 no such table: personal_access_tokens (Connection: sqlite, SQL: select * from "personal_access_tokens" where "personal_access_tokens"."id" = 1 limit 1) {"exception":"[object] (Illuminate\\Database\\QueryException(code: HY000): SQLSTATE[HY000]: General error: 1 no such table: personal_access_tokens (Connection: sqlite, SQL: select * from \"personal_access_tokens\" where \"personal_access_tokens\".\"id\" = 1 limit 1) at D:\\BraineBase - Knowledge base management system\\my-project\\vendor\\laravel\\framework\\src\\Illuminate\\Database\\Connection.php:825)
[stacktrace]
#0 D:\\BraineBase - Knowledge base management system\\my-project\\vendor\\laravel\\framework\\src\\Illuminate\\Database\\Connection.php(779): Illuminate\\Database\\Connection->runQueryCallback('select * from \"...', Array, Object(Closure))
#1 D:\\BraineBase - Knowledge base management system\\my-project\\vendor\\laravel\\framework\\src\\Illuminate\\Database\\Connection.php(398): Illuminate\\Database\\Connection->run('select * from \"...', Array, Object(Closure))
#2 D:\\BraineBase - Knowledge base management system\\my-project\\vendor\\laravel\\framework\\src\\Illuminate\\Database\\Query\\Builder.php(3106): Illuminate\\Database\\Connection->select('select * from \"...', Array, true)
#3 D:\\BraineBase - Knowledge base management system\\my-project\\vendor\\laravel\\framework\\src\\Illuminate\\Database\\Query\\Builder.php(3091): Illuminate\\Database\\Query\\Builder->runSelect()
#4 D:\\BraineBase - Knowledge base management system\\my-project\\vendor\\laravel\\framework\\src\\Illuminate\\Database\\Query\\Builder.php(3676): Illuminate\\Database\\Query\\Builder->Illuminate\\Database\\Query\\{closure}()
#5 D:\\BraineBase - Knowledge base management system\\my-project\\vendor\\laravel\\framework\\src\\Illuminate\\Database\\Query\\Builder.php(3090): Illuminate\\Database\\Query\\Builder->onceWithColumns(Array, Object(Closure))
#6 D:\\BraineBase - Knowledge base management system\\my-project\\vendor\\laravel\\framework\\src\\Illuminate\\Database\\Eloquent\\Builder.php(811): Illuminate\\Database\\Query\\Builder->get(Array)
#7 D:\\BraineBase - Knowledge base management system\\my-project\\vendor\\laravel\\framework\\src\\Illuminate\\Database\\Eloquent\\Builder.php(793): Illuminate\\Database\\Eloquent\\Builder->getModels(Array)
#8 D:\\BraineBase - Knowledge base management system\\my-project\\vendor\\laravel\\framework\\src\\Illuminate\\Database\\Concerns\\BuildsQueries.php(343): Illuminate\\Database\\Eloquent\\Builder->get(Array)
#9 D:\\BraineBase - Knowledge base management system\\my-project\\vendor\\laravel\\framework\\src\\Illuminate\\Database\\Eloquent\\Builder.php(477): Illuminate\\Database\\Eloquent\\Builder->first(Array)
#10 D:\\BraineBase - Knowledge base management system\\my-project\\vendor\\laravel\\framework\\src\\Illuminate\\Support\\Traits\\ForwardsCalls.php(23): Illuminate\\Database\\Eloquent\\Builder->find('1')
#11 D:\\BraineBase - Knowledge base management system\\my-project\\vendor\\laravel\\framework\\src\\Illuminate\\Database\\Eloquent\\Model.php(2372): Illuminate\\Database\\Eloquent\\Model->forwardCallTo(Object(Illuminate\\Database\\Eloquent\\Builder), 'find', Array)
#12 D:\\BraineBase - Knowledge base management system\\my-project\\vendor\\laravel\\framework\\src\\Illuminate\\Database\\Eloquent\\Model.php(2384): Illuminate\\Database\\Eloquent\\Model->__call('find', Array)
#13 D:\\BraineBase - Knowledge base management system\\my-project\\vendor\\laravel\\sanctum\\src\\PersonalAccessToken.php(66): Illuminate\\Database\\Eloquent\\Model::__callStatic('find', Array)
#14 D:\\BraineBase - Knowledge base management system\\my-project\\vendor\\laravel\\sanctum\\src\\Guard.php(67): Laravel\\Sanctum\\PersonalAccessToken::findToken('sf6ZNnPUIeNkU1d...')
#15 [internal function]: Laravel\\Sanctum\\Guard->__invoke(Object(Illuminate\\Http\\Request), NULL)
#16 D:\\BraineBase - Knowledge base management system\\my-project\\vendor\\laravel\\framework\\src\\Illuminate\\Auth\\RequestGuard.php(57): call_user_func(Object(Laravel\\Sanctum\\Guard), Object(Illuminate\\Http\\Request), NULL)
#17 D:\\BraineBase - Knowledge base management system\\my-project\\vendor\\laravel\\framework\\src\\Illuminate\\Auth\\GuardHelpers.php(56): Illuminate\\Auth\\RequestGuard->user()
#18 D:\\BraineBase - Knowledge base management system\\my-project\\vendor\\laravel\\framework\\src\\Illuminate\\Auth\\Middleware\\Authenticate.php(83): Illuminate\\Auth\\RequestGuard->check()
#19 D:\\BraineBase - Knowledge base management system\\my-project\\vendor\\laravel\\framework\\src\\Illuminate\\Auth\\Middleware\\Authenticate.php(62): Illuminate\\Auth\\Middleware\\Authenticate->authenticate(Object(Illuminate\\Http\\Request), Array)
#20 D:\\BraineBase - Knowledge base management system\\my-project\\vendor\\laravel\\framework\\src\\Illuminate\\Pipeline\\Pipeline.php(209): Illuminate\\Auth\\Middleware\\Authenticate->handle(Object(Illuminate\\Http\\Request), Object(Closure), 'sanctum')
#21 D:\\BraineBase - Knowledge base management system\\my-project\\vendor\\laravel\\framework\\src\\Illuminate\\Pipeline\\Pipeline.php(127): Illuminate\\Pipeline\\Pipeline->Illuminate\\Pipeline\\{closure}(Object(Illuminate\\Http\\Request))
#22 D:\\BraineBase - Knowledge base management system\\my-project\\vendor\\laravel\\framework\\src\\Illuminate\\Routing\\Router.php(807): Illuminate\\Pipeline\\Pipeline->then(Object(Closure))
#23 D:\\BraineBase - Knowledge base management system\\my-project\\vendor\\laravel\\framework\\src\\Illuminate\\Routing\\Router.php(786): Illuminate\\Routing\\Router->runRouteWithinStack(Object(Illuminate\\Routing\\Route), Object(Illuminate\\Http\\Request))
#24 D:\\BraineBase - Knowledge base management system\\my-project\\vendor\\laravel\\framework\\src\\Illuminate\\Routing\\Router.php(750): Illuminate\\Routing\\Router->runRoute(Object(Illuminate\\Http\\Request), Object(Illuminate\\Routing\\Route))
#25 D:\\BraineBase - Knowledge base management system\\my-project\\vendor\\laravel\\framework\\src\\Illuminate\\Routing\\Router.php(739): Illuminate\\Routing\\Router->dispatchToRoute(Object(Illuminate\\Http\\Request))
#26 D:\\BraineBase - Knowledge base management system\\my-project\\vendor\\laravel\\framework\\src\\Illuminate\\Foundation\\Http\\Kernel.php(201): Illuminate\\Routing\\Router->dispatch(Object(Illuminate\\Http\\Request))
#27 D:\\BraineBase - Knowledge base management system\\my-project\\vendor\\laravel\\framework\\src\\Illuminate\\Pipeline\\Pipeline.php(170): Illuminate\\Foundation\\Http\\Kernel->Illuminate\\Foundation\\Http\\{closure}(Object(Illuminate\\Http\\Request))
#28 D:\\BraineBase - Knowledge base management system\\my-project\\vendor\\laravel\\framework\\src\\Illuminate\\Foundation\\Http\\Middleware\\TransformsRequest.php(21): Illuminate\\Pipeline\\Pipeline->Illuminate\\Pipeline\\{closure}(Object(Illuminate\\Http\\Request))
#29 D:\\BraineBase - Knowledge base management system\\my-project\\vendor\\laravel\\framework\\src\\Illuminate\\Foundation\\Http\\Middleware\\ConvertEmptyStringsToNull.php(31): Illuminate\\Foundation\\Http\\Middleware\\TransformsRequest->handle(Object(Illuminate\\Http\\Request), Object(Closure))
#30 D:\\BraineBase - Knowledge base management system\\my-project\\vendor\\laravel\\framework\\src\\Illuminate\\Pipeline\\Pipeline.php(209): Illuminate\\Foundation\\Http\\Middleware\\ConvertEmptyStringsToNull->handle(Object(Illuminate\\Http\\Request), Object(Closure))
#31 D:\\BraineBase - Knowledge base management system\\my-project\\vendor\\laravel\\framework\\src\\Illuminate\\Foundation\\Http\\Middleware\\TransformsRequest.php(21): Illuminate\\Pipeline\\Pipeline->Illuminate\\Pipeline\\{closure}(Object(Illuminate\\Http\\Request))
#32 D:\\BraineBase - Knowledge base management system\\my-project\\vendor\\laravel\\framework\\src\\Illuminate\\Foundation\\Http\\Middleware\\TrimStrings.php(51): Illuminate\\Foundation\\Http\\Middleware\\TransformsRequest->handle(Object(Illuminate\\Http\\Request), Object(Closure))
#33 D:\\BraineBase - Knowledge base management system\\my-project\\vendor\\laravel\\framework\\src\\Illuminate\\Pipeline\\Pipeline.php(209): Illuminate\\Foundation\\Http\\Middleware\\TrimStrings->handle(Object(Illuminate\\Http\\Request), Object(Closure))
#34 D:\\BraineBase - Knowledge base management system\\my-project\\vendor\\laravel\\framework\\src\\Illuminate\\Http\\Middleware\\ValidatePostSize.php(27): Illuminate\\Pipeline\\Pipeline->Illuminate\\Pipeline\\{closure}(Object(Illuminate\\Http\\Request))
#35 D:\\BraineBase - Knowledge base management system\\my-project\\vendor\\laravel\\framework\\src\\Illuminate\\Pipeline\\Pipeline.php(209): Illuminate\\Http\\Middleware\\ValidatePostSize->handle(Object(Illuminate\\Http\\Request), Object(Closure))
#36 D:\\BraineBase - Knowledge base management system\\my-project\\vendor\\laravel\\framework\\src\\Illuminate\\Foundation\\Http\\Middleware\\PreventRequestsDuringMaintenance.php(110): Illuminate\\Pipeline\\Pipeline->Illuminate\\Pipeline\\{closure}(Object(Illuminate\\Http\\Request))
#37 D:\\BraineBase - Knowledge base management system\\my-project\\vendor\\laravel\\framework\\src\\Illuminate\\Pipeline\\Pipeline.php(209): Illuminate\\Foundation\\Http\\Middleware\\PreventRequestsDuringMaintenance->handle(Object(Illuminate\\Http\\Request), Object(Closure))
#38 D:\\BraineBase - Knowledge base management system\\my-project\\vendor\\laravel\\framework\\src\\Illuminate\\Http\\Middleware\\HandleCors.php(62): Illuminate\\Pipeline\\Pipeline->Illuminate\\Pipeline\\{closure}(Object(Illuminate\\Http\\Request))
#39 D:\\BraineBase - Knowledge base management system\\my-project\\vendor\\laravel\\framework\\src\\Illuminate\\Pipeline\\Pipeline.php(209): Illuminate\\Http\\Middleware\\HandleCors->handle(Object(Illuminate\\Http\\Request), Object(Closure))
#40 D:\\BraineBase - Knowledge base management system\\my-project\\vendor\\laravel\\framework\\src\\Illuminate\\Http\\Middleware\\TrustProxies.php(58): Illuminate\\Pipeline\\Pipeline->Illuminate\\Pipeline\\{closure}(Object(Illuminate\\Http\\Request))
#41 D:\\BraineBase - Knowledge base management system\\my-project\\vendor\\laravel\\framework\\src\\Illuminate\\Pipeline\\Pipeline.php(209): Illuminate\\Http\\Middleware\\TrustProxies->handle(Object(Illuminate\\Http\\Request), Object(Closure))
#42 D:\\BraineBase - Knowledge base management system\\my-project\\vendor\\laravel\\framework\\src\\Illuminate\\Foundation\\Http\\Middleware\\InvokeDeferredCallbacks.php(22): Illuminate\\Pipeline\\Pipeline->Illuminate\\Pipeline\\{closure}(Object(Illuminate\\Http\\Request))
#43 D:\\BraineBase - Knowledge base management system\\my-project\\vendor\\laravel\\framework\\src\\Illuminate\\Pipeline\\Pipeline.php(209): Illuminate\\Foundation\\Http\\Middleware\\InvokeDeferredCallbacks->handle(Object(Illuminate\\Http\\Request), Object(Closure))
#44 D:\\BraineBase - Knowledge base management system\\my-project\\vendor\\laravel\\framework\\src\\Illuminate\\Pipeline\\Pipeline.php(127): Illuminate\\Pipeline\\Pipeline->Illuminate\\Pipeline\\{closure}(Object(Illuminate\\Http\\Request))
#45 D:\\BraineBase - Knowledge base management system\\my-project\\vendor\\laravel\\framework\\src\\Illuminate\\Foundation\\Http\\Kernel.php(176): Illuminate\\Pipeline\\Pipeline->then(Object(Closure))
#46 D:\\BraineBase - Knowledge base management system\\my-project\\vendor\\laravel\\framework\\src\\Illuminate\\Foundation\\Http\\Kernel.php(145): Illuminate\\Foundation\\Http\\Kernel->sendRequestThroughRouter(Object(Illuminate\\Http\\Request))
#47 D:\\BraineBase - Knowledge base management system\\my-project\\vendor\\laravel\\framework\\src\\Illuminate\\Foundation\\Application.php(1220): Illuminate\\Foundation\\Http\\Kernel->handle(Object(Illuminate\\Http\\Request))
#48 D:\\BraineBase - Knowledge base management system\\my-project\\public\\index.php(17): Illuminate\\Foundation\\Application->handleRequest(Object(Illuminate\\Http\\Request))
#49 D:\\BraineBase - Knowledge base management system\\my-project\\vendor\\laravel\\framework\\src\\Illuminate\\Foundation\\resources\\server.php(23): require_once('D:\\\\BraineBase -...')
#50 {main}

[previous exception] [object] (PDOException(code: HY000): SQLSTATE[HY000]: General error: 1 no such table: personal_access_tokens at D:\\BraineBase - Knowledge base management system\\my-project\\vendor\\laravel\\framework\\src\\Illuminate\\Database\\Connection.php:407)
[stacktrace]
#0 D:\\BraineBase - Knowledge base management system\\my-project\\vendor\\laravel\\framework\\src\\Illuminate\\Database\\Connection.php(407): PDO->prepare('select * from \"...')
#1 D:\\BraineBase - Knowledge base management system\\my-project\\vendor\\laravel\\framework\\src\\Illuminate\\Database\\Connection.php(812): Illuminate\\Database\\Connection->Illuminate\\Database\\{closure}('select * from \"...', Array)
#2 D:\\BraineBase - Knowledge base management system\\my-project\\vendor\\laravel\\framework\\src\\Illuminate\\Database\\Connection.php(779): Illuminate\\Database\\Connection->runQueryCallback('select * from \"...', Array, Object(Closure))
#3 D:\\BraineBase - Knowledge base management system\\my-project\\vendor\\laravel\\framework\\src\\Illuminate\\Database\\Connection.php(398): Illuminate\\Database\\Connection->run('select * from \"...', Array, Object(Closure))
#4 D:\\BraineBase - Knowledge base management system\\my-project\\vendor\\laravel\\framework\\src\\Illuminate\\Database\\Query\\Builder.php(3106): Illuminate\\Database\\Connection->select('select * from \"...', Array, true)
#5 D:\\BraineBase - Knowledge base management system\\my-project\\vendor\\laravel\\framework\\src\\Illuminate\\Database\\Query\\Builder.php(3091): Illuminate\\Database\\Query\\Builder->runSelect()
#6 D:\\BraineBase - Knowledge base management system\\my-project\\vendor\\laravel\\framework\\src\\Illuminate\\Database\\Query\\Builder.php(3676): Illuminate\\Database\\Query\\Builder->Illuminate\\Database\\Query\\{closure}()
#7 D:\\BraineBase - Knowledge base management system\\my-project\\vendor\\laravel\\framework\\src\\Illuminate\\Database\\Query\\Builder.php(3090): Illuminate\\Database\\Query\\Builder->onceWithColumns(Array, Object(Closure))
#8 D:\\BraineBase - Knowledge base management system\\my-project\\vendor\\laravel\\framework\\src\\Illuminate\\Database\\Eloquent\\Builder.php(811): Illuminate\\Database\\Query\\Builder->get(Array)
#9 D:\\BraineBase - Knowledge base management system\\my-project\\vendor\\laravel\\framework\\src\\Illuminate\\Database\\Eloquent\\Builder.php(793): Illuminate\\Database\\Eloquent\\Builder->getModels(Array)
#10 D:\\BraineBase - Knowledge base management system\\my-project\\vendor\\laravel\\framework\\src\\Illuminate\\Database\\Concerns\\BuildsQueries.php(343): Illuminate\\Database\\Eloquent\\Builder->get(Array)
#11 D:\\BraineBase - Knowledge base management system\\my-project\\vendor\\laravel\\framework\\src\\Illuminate\\Database\\Eloquent\\Builder.php(477): Illuminate\\Database\\Eloquent\\Builder->first(Array)
#12 D:\\BraineBase - Knowledge base management system\\my-project\\vendor\\laravel\\framework\\src\\Illuminate\\Support\\Traits\\ForwardsCalls.php(23): Illuminate\\Database\\Eloquent\\Builder->find('1')
#13 D:\\BraineBase - Knowledge base management system\\my-project\\vendor\\laravel\\framework\\src\\Illuminate\\Database\\Eloquent\\Model.php(2372): Illuminate\\Database\\Eloquent\\Model->forwardCallTo(Object(Illuminate\\Database\\Eloquent\\Builder), 'find', Array)
#14 D:\\BraineBase - Knowledge base management system\\my-project\\vendor\\laravel\\framework\\src\\Illuminate\\Database\\Eloquent\\Model.php(2384): Illuminate\\Database\\Eloquent\\Model->__call('find', Array)
#15 D:\\BraineBase - Knowledge base management system\\my-project\\vendor\\laravel\\sanctum\\src\\PersonalAccessToken.php(66): Illuminate\\Database\\Eloquent\\Model::__callStatic('find', Array)
#16 D:\\BraineBase - Knowledge base management system\\my-project\\vendor\\laravel\\sanctum\\src\\Guard.php(67): Laravel\\Sanctum\\PersonalAccessToken::findToken('sf6ZNnPUIeNkU1d...')
#17 [internal function]: Laravel\\Sanctum\\Guard->__invoke(Object(Illuminate\\Http\\Request), NULL)
#18 D:\\BraineBase - Knowledge base management system\\my-project\\vendor\\laravel\\framework\\src\\Illuminate\\Auth\\RequestGuard.php(57): call_user_func(Object(Laravel\\Sanctum\\Guard), Object(Illuminate\\Http\\Request), NULL)
#19 D:\\BraineBase - Knowledge base management system\\my-project\\vendor\\laravel\\framework\\src\\Illuminate\\Auth\\GuardHelpers.php(56): Illuminate\\Auth\\RequestGuard->user()
#20 D:\\BraineBase - Knowledge base management system\\my-project\\vendor\\laravel\\framework\\src\\Illuminate\\Auth\\Middleware\\Authenticate.php(83): Illuminate\\Auth\\RequestGuard->check()
#21 D:\\BraineBase - Knowledge base management system\\my-project\\vendor\\laravel\\framework\\src\\Illuminate\\Auth\\Middleware\\Authenticate.php(62): Illuminate\\Auth\\Middleware\\Authenticate->authenticate(Object(Illuminate\\Http\\Request), Array)
#22 D:\\BraineBase - Knowledge base management system\\my-project\\vendor\\laravel\\framework\\src\\Illuminate\\Pipeline\\Pipeline.php(209): Illuminate\\Auth\\Middleware\\Authenticate->handle(Object(Illuminate\\Http\\Request), Object(Closure), 'sanctum')
#23 D:\\BraineBase - Knowledge base management system\\my-project\\vendor\\laravel\\framework\\src\\Illuminate\\Pipeline\\Pipeline.php(127): Illuminate\\Pipeline\\Pipeline->Illuminate\\Pipeline\\{closure}(Object(Illuminate\\Http\\Request))
#24 D:\\BraineBase - Knowledge base management system\\my-project\\vendor\\laravel\\framework\\src\\Illuminate\\Routing\\Router.php(807): Illuminate\\Pipeline\\Pipeline->then(Object(Closure))
#25 D:\\BraineBase - Knowledge base management system\\my-project\\vendor\\laravel\\framework\\src\\Illuminate\\Routing\\Router.php(786): Illuminate\\Routing\\Router->runRouteWithinStack(Object(Illuminate\\Routing\\Route), Object(Illuminate\\Http\\Request))
#26 D:\\BraineBase - Knowledge base management system\\my-project\\vendor\\laravel\\framework\\src\\Illuminate\\Routing\\Router.php(750): Illuminate\\Routing\\Router->runRoute(Object(Illuminate\\Http\\Request), Object(Illuminate\\Routing\\Route))
#27 D:\\BraineBase - Knowledge base management system\\my-project\\vendor\\laravel\\framework\\src\\Illuminate\\Routing\\Router.php(739): Illuminate\\Routing\\Router->dispatchToRoute(Object(Illuminate\\Http\\Request))
#28 D:\\BraineBase - Knowledge base management system\\my-project\\vendor\\laravel\\framework\\src\\Illuminate\\Foundation\\Http\\Kernel.php(201): Illuminate\\Routing\\Router->dispatch(Object(Illuminate\\Http\\Request))
#29 D:\\BraineBase - Knowledge base management system\\my-project\\vendor\\laravel\\framework\\src\\Illuminate\\Pipeline\\Pipeline.php(170): Illuminate\\Foundation\\Http\\Kernel->Illuminate\\Foundation\\Http\\{closure}(Object(Illuminate\\Http\\Request))
#30 D:\\BraineBase - Knowledge base management system\\my-project\\vendor\\laravel\\framework\\src\\Illuminate\\Foundation\\Http\\Middleware\\TransformsRequest.php(21): Illuminate\\Pipeline\\Pipeline->Illuminate\\Pipeline\\{closure}(Object(Illuminate\\Http\\Request))
#31 D:\\BraineBase - Knowledge base management system\\my-project\\vendor\\laravel\\framework\\src\\Illuminate\\Foundation\\Http\\Middleware\\ConvertEmptyStringsToNull.php(31): Illuminate\\Foundation\\Http\\Middleware\\TransformsRequest->handle(Object(Illuminate\\Http\\Request), Object(Closure))
#32 D:\\BraineBase - Knowledge base management system\\my-project\\vendor\\laravel\\framework\\src\\Illuminate\\Pipeline\\Pipeline.php(209): Illuminate\\Foundation\\Http\\Middleware\\ConvertEmptyStringsToNull->handle(Object(Illuminate\\Http\\Request), Object(Closure))
#33 D:\\BraineBase - Knowledge base management system\\my-project\\vendor\\laravel\\framework\\src\\Illuminate\\Foundation\\Http\\Middleware\\TransformsRequest.php(21): Illuminate\\Pipeline\\Pipeline->Illuminate\\Pipeline\\{closure}(Object(Illuminate\\Http\\Request))
#34 D:\\BraineBase - Knowledge base management system\\my-project\\vendor\\laravel\\framework\\src\\Illuminate\\Foundation\\Http\\Middleware\\TrimStrings.php(51): Illuminate\\Foundation\\Http\\Middleware\\TransformsRequest->handle(Object(Illuminate\\Http\\Request), Object(Closure))
#35 D:\\BraineBase - Knowledge base management system\\my-project\\vendor\\laravel\\framework\\src\\Illuminate\\Pipeline\\Pipeline.php(209): Illuminate\\Foundation\\Http\\Middleware\\TrimStrings->handle(Object(Illuminate\\Http\\Request), Object(Closure))
#36 D:\\BraineBase - Knowledge base management system\\my-project\\vendor\\laravel\\framework\\src\\Illuminate\\Http\\Middleware\\ValidatePostSize.php(27): Illuminate\\Pipeline\\Pipeline->Illuminate\\Pipeline\\{closure}(Object(Illuminate\\Http\\Request))
#37 D:\\BraineBase - Knowledge base management system\\my-project\\vendor\\laravel\\framework\\src\\Illuminate\\Pipeline\\Pipeline.php(209): Illuminate\\Http\\Middleware\\ValidatePostSize->handle(Object(Illuminate\\Http\\Request), Object(Closure))
#38 D:\\BraineBase - Knowledge base management system\\my-project\\vendor\\laravel\\framework\\src\\Illuminate\\Foundation\\Http\\Middleware\\PreventRequestsDuringMaintenance.php(110): Illuminate\\Pipeline\\Pipeline->Illuminate\\Pipeline\\{closure}(Object(Illuminate\\Http\\Request))
#39 D:\\BraineBase - Knowledge base management system\\my-project\\vendor\\laravel\\framework\\src\\Illuminate\\Pipeline\\Pipeline.php(209): Illuminate\\Foundation\\Http\\Middleware\\PreventRequestsDuringMaintenance->handle(Object(Illuminate\\Http\\Request), Object(Closure))
#40 D:\\BraineBase - Knowledge base management system\\my-project\\vendor\\laravel\\framework\\src\\Illuminate\\Http\\Middleware\\HandleCors.php(62): Illuminate\\Pipeline\\Pipeline->Illuminate\\Pipeline\\{closure}(Object(Illuminate\\Http\\Request))
#41 D:\\BraineBase - Knowledge base management system\\my-project\\vendor\\laravel\\framework\\src\\Illuminate\\Pipeline\\Pipeline.php(209): Illuminate\\Http\\Middleware\\HandleCors->handle(Object(Illuminate\\Http\\Request), Object(Closure))
#42 D:\\BraineBase - Knowledge base management system\\my-project\\vendor\\laravel\\framework\\src\\Illuminate\\Http\\Middleware\\TrustProxies.php(58): Illuminate\\Pipeline\\Pipeline->Illuminate\\Pipeline\\{closure}(Object(Illuminate\\Http\\Request))
#43 D:\\BraineBase - Knowledge base management system\\my-project\\vendor\\laravel\\framework\\src\\Illuminate\\Pipeline\\Pipeline.php(209): Illuminate\\Http\\Middleware\\TrustProxies->handle(Object(Illuminate\\Http\\Request), Object(Closure))
#44 D:\\BraineBase - Knowledge base management system\\my-project\\vendor\\laravel\\framework\\src\\Illuminate\\Foundation\\Http\\Middleware\\InvokeDeferredCallbacks.php(22): Illuminate\\Pipeline\\Pipeline->Illuminate\\Pipeline\\{closure}(Object(Illuminate\\Http\\Request))
#45 D:\\BraineBase - Knowledge base management system\\my-project\\vendor\\laravel\\framework\\src\\Illuminate\\Pipeline\\Pipeline.php(209): Illuminate\\Foundation\\Http\\Middleware\\InvokeDeferredCallbacks->handle(Object(Illuminate\\Http\\Request), Object(Closure))
#46 D:\\BraineBase - Knowledge base management system\\my-project\\vendor\\laravel\\framework\\src\\Illuminate\\Pipeline\\Pipeline.php(127): Illuminate\\Pipeline\\Pipeline->Illuminate\\Pipeline\\{closure}(Object(Illuminate\\Http\\Request))
#47 D:\\BraineBase - Knowledge base management system\\my-project\\vendor\\laravel\\framework\\src\\Illuminate\\Foundation\\Http\\Kernel.php(176): Illuminate\\Pipeline\\Pipeline->then(Object(Closure))
#48 D:\\BraineBase - Knowledge base management system\\my-project\\vendor\\laravel\\framework\\src\\Illuminate\\Foundation\\Http\\Kernel.php(145): Illuminate\\Foundation\\Http\\Kernel->sendRequestThroughRouter(Object(Illuminate\\Http\\Request))
#49 D:\\BraineBase - Knowledge base management system\\my-project\\vendor\\laravel\\framework\\src\\Illuminate\\Foundation\\Application.php(1220): Illuminate\\Foundation\\Http\\Kernel->handle(Object(Illuminate\\Http\\Request))
#50 D:\\BraineBase - Knowledge base management system\\my-project\\public\\index.php(17): Illuminate\\Foundation\\Application->handleRequest(Object(Illuminate\\Http\\Request))
#51 D:\\BraineBase - Knowledge base management system\\my-project\\vendor\\laravel\\framework\\src\\Illuminate\\Foundation\\resources\\server.php(23): require_once('D:\\\\BraineBase -...')
#52 {main}
"} 
[2025-05-11 13:46:05] local.ERROR: SQLSTATE[HY000]: General error: 1 no such table: personal_access_tokens (Connection: sqlite, SQL: select * from "personal_access_tokens" where "personal_access_tokens"."id" = 1 limit 1) {"exception":"[object] (Illuminate\\Database\\QueryException(code: HY000): SQLSTATE[HY000]: General error: 1 no such table: personal_access_tokens (Connection: sqlite, SQL: select * from \"personal_access_tokens\" where \"personal_access_tokens\".\"id\" = 1 limit 1) at D:\\BraineBase - Knowledge base management system\\my-project\\vendor\\laravel\\framework\\src\\Illuminate\\Database\\Connection.php:825)
[stacktrace]
#0 D:\\BraineBase - Knowledge base management system\\my-project\\vendor\\laravel\\framework\\src\\Illuminate\\Database\\Connection.php(779): Illuminate\\Database\\Connection->runQueryCallback('select * from \"...', Array, Object(Closure))
#1 D:\\BraineBase - Knowledge base management system\\my-project\\vendor\\laravel\\framework\\src\\Illuminate\\Database\\Connection.php(398): Illuminate\\Database\\Connection->run('select * from \"...', Array, Object(Closure))
#2 D:\\BraineBase - Knowledge base management system\\my-project\\vendor\\laravel\\framework\\src\\Illuminate\\Database\\Query\\Builder.php(3106): Illuminate\\Database\\Connection->select('select * from \"...', Array, true)
#3 D:\\BraineBase - Knowledge base management system\\my-project\\vendor\\laravel\\framework\\src\\Illuminate\\Database\\Query\\Builder.php(3091): Illuminate\\Database\\Query\\Builder->runSelect()
#4 D:\\BraineBase - Knowledge base management system\\my-project\\vendor\\laravel\\framework\\src\\Illuminate\\Database\\Query\\Builder.php(3676): Illuminate\\Database\\Query\\Builder->Illuminate\\Database\\Query\\{closure}()
#5 D:\\BraineBase - Knowledge base management system\\my-project\\vendor\\laravel\\framework\\src\\Illuminate\\Database\\Query\\Builder.php(3090): Illuminate\\Database\\Query\\Builder->onceWithColumns(Array, Object(Closure))
#6 D:\\BraineBase - Knowledge base management system\\my-project\\vendor\\laravel\\framework\\src\\Illuminate\\Database\\Eloquent\\Builder.php(811): Illuminate\\Database\\Query\\Builder->get(Array)
#7 D:\\BraineBase - Knowledge base management system\\my-project\\vendor\\laravel\\framework\\src\\Illuminate\\Database\\Eloquent\\Builder.php(793): Illuminate\\Database\\Eloquent\\Builder->getModels(Array)
#8 D:\\BraineBase - Knowledge base management system\\my-project\\vendor\\laravel\\framework\\src\\Illuminate\\Database\\Concerns\\BuildsQueries.php(343): Illuminate\\Database\\Eloquent\\Builder->get(Array)
#9 D:\\BraineBase - Knowledge base management system\\my-project\\vendor\\laravel\\framework\\src\\Illuminate\\Database\\Eloquent\\Builder.php(477): Illuminate\\Database\\Eloquent\\Builder->first(Array)
#10 D:\\BraineBase - Knowledge base management system\\my-project\\vendor\\laravel\\framework\\src\\Illuminate\\Support\\Traits\\ForwardsCalls.php(23): Illuminate\\Database\\Eloquent\\Builder->find('1')
#11 D:\\BraineBase - Knowledge base management system\\my-project\\vendor\\laravel\\framework\\src\\Illuminate\\Database\\Eloquent\\Model.php(2372): Illuminate\\Database\\Eloquent\\Model->forwardCallTo(Object(Illuminate\\Database\\Eloquent\\Builder), 'find', Array)
#12 D:\\BraineBase - Knowledge base management system\\my-project\\vendor\\laravel\\framework\\src\\Illuminate\\Database\\Eloquent\\Model.php(2384): Illuminate\\Database\\Eloquent\\Model->__call('find', Array)
#13 D:\\BraineBase - Knowledge base management system\\my-project\\vendor\\laravel\\sanctum\\src\\PersonalAccessToken.php(66): Illuminate\\Database\\Eloquent\\Model::__callStatic('find', Array)
#14 D:\\BraineBase - Knowledge base management system\\my-project\\vendor\\laravel\\sanctum\\src\\Guard.php(67): Laravel\\Sanctum\\PersonalAccessToken::findToken('sf6ZNnPUIeNkU1d...')
#15 [internal function]: Laravel\\Sanctum\\Guard->__invoke(Object(Illuminate\\Http\\Request), NULL)
#16 D:\\BraineBase - Knowledge base management system\\my-project\\vendor\\laravel\\framework\\src\\Illuminate\\Auth\\RequestGuard.php(57): call_user_func(Object(Laravel\\Sanctum\\Guard), Object(Illuminate\\Http\\Request), NULL)
#17 D:\\BraineBase - Knowledge base management system\\my-project\\vendor\\laravel\\framework\\src\\Illuminate\\Auth\\GuardHelpers.php(56): Illuminate\\Auth\\RequestGuard->user()
#18 D:\\BraineBase - Knowledge base management system\\my-project\\vendor\\laravel\\framework\\src\\Illuminate\\Auth\\Middleware\\Authenticate.php(83): Illuminate\\Auth\\RequestGuard->check()
#19 D:\\BraineBase - Knowledge base management system\\my-project\\vendor\\laravel\\framework\\src\\Illuminate\\Auth\\Middleware\\Authenticate.php(62): Illuminate\\Auth\\Middleware\\Authenticate->authenticate(Object(Illuminate\\Http\\Request), Array)
#20 D:\\BraineBase - Knowledge base management system\\my-project\\vendor\\laravel\\framework\\src\\Illuminate\\Pipeline\\Pipeline.php(209): Illuminate\\Auth\\Middleware\\Authenticate->handle(Object(Illuminate\\Http\\Request), Object(Closure), 'sanctum')
#21 D:\\BraineBase - Knowledge base management system\\my-project\\vendor\\laravel\\framework\\src\\Illuminate\\Pipeline\\Pipeline.php(127): Illuminate\\Pipeline\\Pipeline->Illuminate\\Pipeline\\{closure}(Object(Illuminate\\Http\\Request))
#22 D:\\BraineBase - Knowledge base management system\\my-project\\vendor\\laravel\\framework\\src\\Illuminate\\Routing\\Router.php(807): Illuminate\\Pipeline\\Pipeline->then(Object(Closure))
#23 D:\\BraineBase - Knowledge base management system\\my-project\\vendor\\laravel\\framework\\src\\Illuminate\\Routing\\Router.php(786): Illuminate\\Routing\\Router->runRouteWithinStack(Object(Illuminate\\Routing\\Route), Object(Illuminate\\Http\\Request))
#24 D:\\BraineBase - Knowledge base management system\\my-project\\vendor\\laravel\\framework\\src\\Illuminate\\Routing\\Router.php(750): Illuminate\\Routing\\Router->runRoute(Object(Illuminate\\Http\\Request), Object(Illuminate\\Routing\\Route))
#25 D:\\BraineBase - Knowledge base management system\\my-project\\vendor\\laravel\\framework\\src\\Illuminate\\Routing\\Router.php(739): Illuminate\\Routing\\Router->dispatchToRoute(Object(Illuminate\\Http\\Request))
#26 D:\\BraineBase - Knowledge base management system\\my-project\\vendor\\laravel\\framework\\src\\Illuminate\\Foundation\\Http\\Kernel.php(201): Illuminate\\Routing\\Router->dispatch(Object(Illuminate\\Http\\Request))
#27 D:\\BraineBase - Knowledge base management system\\my-project\\vendor\\laravel\\framework\\src\\Illuminate\\Pipeline\\Pipeline.php(170): Illuminate\\Foundation\\Http\\Kernel->Illuminate\\Foundation\\Http\\{closure}(Object(Illuminate\\Http\\Request))
#28 D:\\BraineBase - Knowledge base management system\\my-project\\vendor\\laravel\\framework\\src\\Illuminate\\Foundation\\Http\\Middleware\\TransformsRequest.php(21): Illuminate\\Pipeline\\Pipeline->Illuminate\\Pipeline\\{closure}(Object(Illuminate\\Http\\Request))
#29 D:\\BraineBase - Knowledge base management system\\my-project\\vendor\\laravel\\framework\\src\\Illuminate\\Foundation\\Http\\Middleware\\ConvertEmptyStringsToNull.php(31): Illuminate\\Foundation\\Http\\Middleware\\TransformsRequest->handle(Object(Illuminate\\Http\\Request), Object(Closure))
#30 D:\\BraineBase - Knowledge base management system\\my-project\\vendor\\laravel\\framework\\src\\Illuminate\\Pipeline\\Pipeline.php(209): Illuminate\\Foundation\\Http\\Middleware\\ConvertEmptyStringsToNull->handle(Object(Illuminate\\Http\\Request), Object(Closure))
#31 D:\\BraineBase - Knowledge base management system\\my-project\\vendor\\laravel\\framework\\src\\Illuminate\\Foundation\\Http\\Middleware\\TransformsRequest.php(21): Illuminate\\Pipeline\\Pipeline->Illuminate\\Pipeline\\{closure}(Object(Illuminate\\Http\\Request))
#32 D:\\BraineBase - Knowledge base management system\\my-project\\vendor\\laravel\\framework\\src\\Illuminate\\Foundation\\Http\\Middleware\\TrimStrings.php(51): Illuminate\\Foundation\\Http\\Middleware\\TransformsRequest->handle(Object(Illuminate\\Http\\Request), Object(Closure))
#33 D:\\BraineBase - Knowledge base management system\\my-project\\vendor\\laravel\\framework\\src\\Illuminate\\Pipeline\\Pipeline.php(209): Illuminate\\Foundation\\Http\\Middleware\\TrimStrings->handle(Object(Illuminate\\Http\\Request), Object(Closure))
#34 D:\\BraineBase - Knowledge base management system\\my-project\\vendor\\laravel\\framework\\src\\Illuminate\\Http\\Middleware\\ValidatePostSize.php(27): Illuminate\\Pipeline\\Pipeline->Illuminate\\Pipeline\\{closure}(Object(Illuminate\\Http\\Request))
#35 D:\\BraineBase - Knowledge base management system\\my-project\\vendor\\laravel\\framework\\src\\Illuminate\\Pipeline\\Pipeline.php(209): Illuminate\\Http\\Middleware\\ValidatePostSize->handle(Object(Illuminate\\Http\\Request), Object(Closure))
#36 D:\\BraineBase - Knowledge base management system\\my-project\\vendor\\laravel\\framework\\src\\Illuminate\\Foundation\\Http\\Middleware\\PreventRequestsDuringMaintenance.php(110): Illuminate\\Pipeline\\Pipeline->Illuminate\\Pipeline\\{closure}(Object(Illuminate\\Http\\Request))
#37 D:\\BraineBase - Knowledge base management system\\my-project\\vendor\\laravel\\framework\\src\\Illuminate\\Pipeline\\Pipeline.php(209): Illuminate\\Foundation\\Http\\Middleware\\PreventRequestsDuringMaintenance->handle(Object(Illuminate\\Http\\Request), Object(Closure))
#38 D:\\BraineBase - Knowledge base management system\\my-project\\vendor\\laravel\\framework\\src\\Illuminate\\Http\\Middleware\\HandleCors.php(62): Illuminate\\Pipeline\\Pipeline->Illuminate\\Pipeline\\{closure}(Object(Illuminate\\Http\\Request))
#39 D:\\BraineBase - Knowledge base management system\\my-project\\vendor\\laravel\\framework\\src\\Illuminate\\Pipeline\\Pipeline.php(209): Illuminate\\Http\\Middleware\\HandleCors->handle(Object(Illuminate\\Http\\Request), Object(Closure))
#40 D:\\BraineBase - Knowledge base management system\\my-project\\vendor\\laravel\\framework\\src\\Illuminate\\Http\\Middleware\\TrustProxies.php(58): Illuminate\\Pipeline\\Pipeline->Illuminate\\Pipeline\\{closure}(Object(Illuminate\\Http\\Request))
#41 D:\\BraineBase - Knowledge base management system\\my-project\\vendor\\laravel\\framework\\src\\Illuminate\\Pipeline\\Pipeline.php(209): Illuminate\\Http\\Middleware\\TrustProxies->handle(Object(Illuminate\\Http\\Request), Object(Closure))
#42 D:\\BraineBase - Knowledge base management system\\my-project\\vendor\\laravel\\framework\\src\\Illuminate\\Foundation\\Http\\Middleware\\InvokeDeferredCallbacks.php(22): Illuminate\\Pipeline\\Pipeline->Illuminate\\Pipeline\\{closure}(Object(Illuminate\\Http\\Request))
#43 D:\\BraineBase - Knowledge base management system\\my-project\\vendor\\laravel\\framework\\src\\Illuminate\\Pipeline\\Pipeline.php(209): Illuminate\\Foundation\\Http\\Middleware\\InvokeDeferredCallbacks->handle(Object(Illuminate\\Http\\Request), Object(Closure))
#44 D:\\BraineBase - Knowledge base management system\\my-project\\vendor\\laravel\\framework\\src\\Illuminate\\Pipeline\\Pipeline.php(127): Illuminate\\Pipeline\\Pipeline->Illuminate\\Pipeline\\{closure}(Object(Illuminate\\Http\\Request))
#45 D:\\BraineBase - Knowledge base management system\\my-project\\vendor\\laravel\\framework\\src\\Illuminate\\Foundation\\Http\\Kernel.php(176): Illuminate\\Pipeline\\Pipeline->then(Object(Closure))
#46 D:\\BraineBase - Knowledge base management system\\my-project\\vendor\\laravel\\framework\\src\\Illuminate\\Foundation\\Http\\Kernel.php(145): Illuminate\\Foundation\\Http\\Kernel->sendRequestThroughRouter(Object(Illuminate\\Http\\Request))
#47 D:\\BraineBase - Knowledge base management system\\my-project\\vendor\\laravel\\framework\\src\\Illuminate\\Foundation\\Application.php(1220): Illuminate\\Foundation\\Http\\Kernel->handle(Object(Illuminate\\Http\\Request))
#48 D:\\BraineBase - Knowledge base management system\\my-project\\public\\index.php(17): Illuminate\\Foundation\\Application->handleRequest(Object(Illuminate\\Http\\Request))
#49 D:\\BraineBase - Knowledge base management system\\my-project\\vendor\\laravel\\framework\\src\\Illuminate\\Foundation\\resources\\server.php(23): require_once('D:\\\\BraineBase -...')
#50 {main}

[previous exception] [object] (PDOException(code: HY000): SQLSTATE[HY000]: General error: 1 no such table: personal_access_tokens at D:\\BraineBase - Knowledge base management system\\my-project\\vendor\\laravel\\framework\\src\\Illuminate\\Database\\Connection.php:407)
[stacktrace]
#0 D:\\BraineBase - Knowledge base management system\\my-project\\vendor\\laravel\\framework\\src\\Illuminate\\Database\\Connection.php(407): PDO->prepare('select * from \"...')
#1 D:\\BraineBase - Knowledge base management system\\my-project\\vendor\\laravel\\framework\\src\\Illuminate\\Database\\Connection.php(812): Illuminate\\Database\\Connection->Illuminate\\Database\\{closure}('select * from \"...', Array)
#2 D:\\BraineBase - Knowledge base management system\\my-project\\vendor\\laravel\\framework\\src\\Illuminate\\Database\\Connection.php(779): Illuminate\\Database\\Connection->runQueryCallback('select * from \"...', Array, Object(Closure))
#3 D:\\BraineBase - Knowledge base management system\\my-project\\vendor\\laravel\\framework\\src\\Illuminate\\Database\\Connection.php(398): Illuminate\\Database\\Connection->run('select * from \"...', Array, Object(Closure))
#4 D:\\BraineBase - Knowledge base management system\\my-project\\vendor\\laravel\\framework\\src\\Illuminate\\Database\\Query\\Builder.php(3106): Illuminate\\Database\\Connection->select('select * from \"...', Array, true)
#5 D:\\BraineBase - Knowledge base management system\\my-project\\vendor\\laravel\\framework\\src\\Illuminate\\Database\\Query\\Builder.php(3091): Illuminate\\Database\\Query\\Builder->runSelect()
#6 D:\\BraineBase - Knowledge base management system\\my-project\\vendor\\laravel\\framework\\src\\Illuminate\\Database\\Query\\Builder.php(3676): Illuminate\\Database\\Query\\Builder->Illuminate\\Database\\Query\\{closure}()
#7 D:\\BraineBase - Knowledge base management system\\my-project\\vendor\\laravel\\framework\\src\\Illuminate\\Database\\Query\\Builder.php(3090): Illuminate\\Database\\Query\\Builder->onceWithColumns(Array, Object(Closure))
#8 D:\\BraineBase - Knowledge base management system\\my-project\\vendor\\laravel\\framework\\src\\Illuminate\\Database\\Eloquent\\Builder.php(811): Illuminate\\Database\\Query\\Builder->get(Array)
#9 D:\\BraineBase - Knowledge base management system\\my-project\\vendor\\laravel\\framework\\src\\Illuminate\\Database\\Eloquent\\Builder.php(793): Illuminate\\Database\\Eloquent\\Builder->getModels(Array)
#10 D:\\BraineBase - Knowledge base management system\\my-project\\vendor\\laravel\\framework\\src\\Illuminate\\Database\\Concerns\\BuildsQueries.php(343): Illuminate\\Database\\Eloquent\\Builder->get(Array)
#11 D:\\BraineBase - Knowledge base management system\\my-project\\vendor\\laravel\\framework\\src\\Illuminate\\Database\\Eloquent\\Builder.php(477): Illuminate\\Database\\Eloquent\\Builder->first(Array)
#12 D:\\BraineBase - Knowledge base management system\\my-project\\vendor\\laravel\\framework\\src\\Illuminate\\Support\\Traits\\ForwardsCalls.php(23): Illuminate\\Database\\Eloquent\\Builder->find('1')
#13 D:\\BraineBase - Knowledge base management system\\my-project\\vendor\\laravel\\framework\\src\\Illuminate\\Database\\Eloquent\\Model.php(2372): Illuminate\\Database\\Eloquent\\Model->forwardCallTo(Object(Illuminate\\Database\\Eloquent\\Builder), 'find', Array)
#14 D:\\BraineBase - Knowledge base management system\\my-project\\vendor\\laravel\\framework\\src\\Illuminate\\Database\\Eloquent\\Model.php(2384): Illuminate\\Database\\Eloquent\\Model->__call('find', Array)
#15 D:\\BraineBase - Knowledge base management system\\my-project\\vendor\\laravel\\sanctum\\src\\PersonalAccessToken.php(66): Illuminate\\Database\\Eloquent\\Model::__callStatic('find', Array)
#16 D:\\BraineBase - Knowledge base management system\\my-project\\vendor\\laravel\\sanctum\\src\\Guard.php(67): Laravel\\Sanctum\\PersonalAccessToken::findToken('sf6ZNnPUIeNkU1d...')
#17 [internal function]: Laravel\\Sanctum\\Guard->__invoke(Object(Illuminate\\Http\\Request), NULL)
#18 D:\\BraineBase - Knowledge base management system\\my-project\\vendor\\laravel\\framework\\src\\Illuminate\\Auth\\RequestGuard.php(57): call_user_func(Object(Laravel\\Sanctum\\Guard), Object(Illuminate\\Http\\Request), NULL)
#19 D:\\BraineBase - Knowledge base management system\\my-project\\vendor\\laravel\\framework\\src\\Illuminate\\Auth\\GuardHelpers.php(56): Illuminate\\Auth\\RequestGuard->user()
#20 D:\\BraineBase - Knowledge base management system\\my-project\\vendor\\laravel\\framework\\src\\Illuminate\\Auth\\Middleware\\Authenticate.php(83): Illuminate\\Auth\\RequestGuard->check()
#21 D:\\BraineBase - Knowledge base management system\\my-project\\vendor\\laravel\\framework\\src\\Illuminate\\Auth\\Middleware\\Authenticate.php(62): Illuminate\\Auth\\Middleware\\Authenticate->authenticate(Object(Illuminate\\Http\\Request), Array)
#22 D:\\BraineBase - Knowledge base management system\\my-project\\vendor\\laravel\\framework\\src\\Illuminate\\Pipeline\\Pipeline.php(209): Illuminate\\Auth\\Middleware\\Authenticate->handle(Object(Illuminate\\Http\\Request), Object(Closure), 'sanctum')
#23 D:\\BraineBase - Knowledge base management system\\my-project\\vendor\\laravel\\framework\\src\\Illuminate\\Pipeline\\Pipeline.php(127): Illuminate\\Pipeline\\Pipeline->Illuminate\\Pipeline\\{closure}(Object(Illuminate\\Http\\Request))
#24 D:\\BraineBase - Knowledge base management system\\my-project\\vendor\\laravel\\framework\\src\\Illuminate\\Routing\\Router.php(807): Illuminate\\Pipeline\\Pipeline->then(Object(Closure))
#25 D:\\BraineBase - Knowledge base management system\\my-project\\vendor\\laravel\\framework\\src\\Illuminate\\Routing\\Router.php(786): Illuminate\\Routing\\Router->runRouteWithinStack(Object(Illuminate\\Routing\\Route), Object(Illuminate\\Http\\Request))
#26 D:\\BraineBase - Knowledge base management system\\my-project\\vendor\\laravel\\framework\\src\\Illuminate\\Routing\\Router.php(750): Illuminate\\Routing\\Router->runRoute(Object(Illuminate\\Http\\Request), Object(Illuminate\\Routing\\Route))
#27 D:\\BraineBase - Knowledge base management system\\my-project\\vendor\\laravel\\framework\\src\\Illuminate\\Routing\\Router.php(739): Illuminate\\Routing\\Router->dispatchToRoute(Object(Illuminate\\Http\\Request))
#28 D:\\BraineBase - Knowledge base management system\\my-project\\vendor\\laravel\\framework\\src\\Illuminate\\Foundation\\Http\\Kernel.php(201): Illuminate\\Routing\\Router->dispatch(Object(Illuminate\\Http\\Request))
#29 D:\\BraineBase - Knowledge base management system\\my-project\\vendor\\laravel\\framework\\src\\Illuminate\\Pipeline\\Pipeline.php(170): Illuminate\\Foundation\\Http\\Kernel->Illuminate\\Foundation\\Http\\{closure}(Object(Illuminate\\Http\\Request))
#30 D:\\BraineBase - Knowledge base management system\\my-project\\vendor\\laravel\\framework\\src\\Illuminate\\Foundation\\Http\\Middleware\\TransformsRequest.php(21): Illuminate\\Pipeline\\Pipeline->Illuminate\\Pipeline\\{closure}(Object(Illuminate\\Http\\Request))
#31 D:\\BraineBase - Knowledge base management system\\my-project\\vendor\\laravel\\framework\\src\\Illuminate\\Foundation\\Http\\Middleware\\ConvertEmptyStringsToNull.php(31): Illuminate\\Foundation\\Http\\Middleware\\TransformsRequest->handle(Object(Illuminate\\Http\\Request), Object(Closure))
#32 D:\\BraineBase - Knowledge base management system\\my-project\\vendor\\laravel\\framework\\src\\Illuminate\\Pipeline\\Pipeline.php(209): Illuminate\\Foundation\\Http\\Middleware\\ConvertEmptyStringsToNull->handle(Object(Illuminate\\Http\\Request), Object(Closure))
#33 D:\\BraineBase - Knowledge base management system\\my-project\\vendor\\laravel\\framework\\src\\Illuminate\\Foundation\\Http\\Middleware\\TransformsRequest.php(21): Illuminate\\Pipeline\\Pipeline->Illuminate\\Pipeline\\{closure}(Object(Illuminate\\Http\\Request))
#34 D:\\BraineBase - Knowledge base management system\\my-project\\vendor\\laravel\\framework\\src\\Illuminate\\Foundation\\Http\\Middleware\\TrimStrings.php(51): Illuminate\\Foundation\\Http\\Middleware\\TransformsRequest->handle(Object(Illuminate\\Http\\Request), Object(Closure))
#35 D:\\BraineBase - Knowledge base management system\\my-project\\vendor\\laravel\\framework\\src\\Illuminate\\Pipeline\\Pipeline.php(209): Illuminate\\Foundation\\Http\\Middleware\\TrimStrings->handle(Object(Illuminate\\Http\\Request), Object(Closure))
#36 D:\\BraineBase - Knowledge base management system\\my-project\\vendor\\laravel\\framework\\src\\Illuminate\\Http\\Middleware\\ValidatePostSize.php(27): Illuminate\\Pipeline\\Pipeline->Illuminate\\Pipeline\\{closure}(Object(Illuminate\\Http\\Request))
#37 D:\\BraineBase - Knowledge base management system\\my-project\\vendor\\laravel\\framework\\src\\Illuminate\\Pipeline\\Pipeline.php(209): Illuminate\\Http\\Middleware\\ValidatePostSize->handle(Object(Illuminate\\Http\\Request), Object(Closure))
#38 D:\\BraineBase - Knowledge base management system\\my-project\\vendor\\laravel\\framework\\src\\Illuminate\\Foundation\\Http\\Middleware\\PreventRequestsDuringMaintenance.php(110): Illuminate\\Pipeline\\Pipeline->Illuminate\\Pipeline\\{closure}(Object(Illuminate\\Http\\Request))
#39 D:\\BraineBase - Knowledge base management system\\my-project\\vendor\\laravel\\framework\\src\\Illuminate\\Pipeline\\Pipeline.php(209): Illuminate\\Foundation\\Http\\Middleware\\PreventRequestsDuringMaintenance->handle(Object(Illuminate\\Http\\Request), Object(Closure))
#40 D:\\BraineBase - Knowledge base management system\\my-project\\vendor\\laravel\\framework\\src\\Illuminate\\Http\\Middleware\\HandleCors.php(62): Illuminate\\Pipeline\\Pipeline->Illuminate\\Pipeline\\{closure}(Object(Illuminate\\Http\\Request))
#41 D:\\BraineBase - Knowledge base management system\\my-project\\vendor\\laravel\\framework\\src\\Illuminate\\Pipeline\\Pipeline.php(209): Illuminate\\Http\\Middleware\\HandleCors->handle(Object(Illuminate\\Http\\Request), Object(Closure))
#42 D:\\BraineBase - Knowledge base management system\\my-project\\vendor\\laravel\\framework\\src\\Illuminate\\Http\\Middleware\\TrustProxies.php(58): Illuminate\\Pipeline\\Pipeline->Illuminate\\Pipeline\\{closure}(Object(Illuminate\\Http\\Request))
#43 D:\\BraineBase - Knowledge base management system\\my-project\\vendor\\laravel\\framework\\src\\Illuminate\\Pipeline\\Pipeline.php(209): Illuminate\\Http\\Middleware\\TrustProxies->handle(Object(Illuminate\\Http\\Request), Object(Closure))
#44 D:\\BraineBase - Knowledge base management system\\my-project\\vendor\\laravel\\framework\\src\\Illuminate\\Foundation\\Http\\Middleware\\InvokeDeferredCallbacks.php(22): Illuminate\\Pipeline\\Pipeline->Illuminate\\Pipeline\\{closure}(Object(Illuminate\\Http\\Request))
#45 D:\\BraineBase - Knowledge base management system\\my-project\\vendor\\laravel\\framework\\src\\Illuminate\\Pipeline\\Pipeline.php(209): Illuminate\\Foundation\\Http\\Middleware\\InvokeDeferredCallbacks->handle(Object(Illuminate\\Http\\Request), Object(Closure))
#46 D:\\BraineBase - Knowledge base management system\\my-project\\vendor\\laravel\\framework\\src\\Illuminate\\Pipeline\\Pipeline.php(127): Illuminate\\Pipeline\\Pipeline->Illuminate\\Pipeline\\{closure}(Object(Illuminate\\Http\\Request))
#47 D:\\BraineBase - Knowledge base management system\\my-project\\vendor\\laravel\\framework\\src\\Illuminate\\Foundation\\Http\\Kernel.php(176): Illuminate\\Pipeline\\Pipeline->then(Object(Closure))
#48 D:\\BraineBase - Knowledge base management system\\my-project\\vendor\\laravel\\framework\\src\\Illuminate\\Foundation\\Http\\Kernel.php(145): Illuminate\\Foundation\\Http\\Kernel->sendRequestThroughRouter(Object(Illuminate\\Http\\Request))
#49 D:\\BraineBase - Knowledge base management system\\my-project\\vendor\\laravel\\framework\\src\\Illuminate\\Foundation\\Application.php(1220): Illuminate\\Foundation\\Http\\Kernel->handle(Object(Illuminate\\Http\\Request))
#50 D:\\BraineBase - Knowledge base management system\\my-project\\public\\index.php(17): Illuminate\\Foundation\\Application->handleRequest(Object(Illuminate\\Http\\Request))
#51 D:\\BraineBase - Knowledge base management system\\my-project\\vendor\\laravel\\framework\\src\\Illuminate\\Foundation\\resources\\server.php(23): require_once('D:\\\\BraineBase -...')
#52 {main}
"} 
[2025-05-11 13:46:06] local.ERROR: SQLSTATE[HY000]: General error: 1 no such table: personal_access_tokens (Connection: sqlite, SQL: select * from "personal_access_tokens" where "personal_access_tokens"."id" = 1 limit 1) {"exception":"[object] (Illuminate\\Database\\QueryException(code: HY000): SQLSTATE[HY000]: General error: 1 no such table: personal_access_tokens (Connection: sqlite, SQL: select * from \"personal_access_tokens\" where \"personal_access_tokens\".\"id\" = 1 limit 1) at D:\\BraineBase - Knowledge base management system\\my-project\\vendor\\laravel\\framework\\src\\Illuminate\\Database\\Connection.php:825)
[stacktrace]
#0 D:\\BraineBase - Knowledge base management system\\my-project\\vendor\\laravel\\framework\\src\\Illuminate\\Database\\Connection.php(779): Illuminate\\Database\\Connection->runQueryCallback('select * from \"...', Array, Object(Closure))
#1 D:\\BraineBase - Knowledge base management system\\my-project\\vendor\\laravel\\framework\\src\\Illuminate\\Database\\Connection.php(398): Illuminate\\Database\\Connection->run('select * from \"...', Array, Object(Closure))
#2 D:\\BraineBase - Knowledge base management system\\my-project\\vendor\\laravel\\framework\\src\\Illuminate\\Database\\Query\\Builder.php(3106): Illuminate\\Database\\Connection->select('select * from \"...', Array, true)
#3 D:\\BraineBase - Knowledge base management system\\my-project\\vendor\\laravel\\framework\\src\\Illuminate\\Database\\Query\\Builder.php(3091): Illuminate\\Database\\Query\\Builder->runSelect()
#4 D:\\BraineBase - Knowledge base management system\\my-project\\vendor\\laravel\\framework\\src\\Illuminate\\Database\\Query\\Builder.php(3676): Illuminate\\Database\\Query\\Builder->Illuminate\\Database\\Query\\{closure}()
#5 D:\\BraineBase - Knowledge base management system\\my-project\\vendor\\laravel\\framework\\src\\Illuminate\\Database\\Query\\Builder.php(3090): Illuminate\\Database\\Query\\Builder->onceWithColumns(Array, Object(Closure))
#6 D:\\BraineBase - Knowledge base management system\\my-project\\vendor\\laravel\\framework\\src\\Illuminate\\Database\\Eloquent\\Builder.php(811): Illuminate\\Database\\Query\\Builder->get(Array)
#7 D:\\BraineBase - Knowledge base management system\\my-project\\vendor\\laravel\\framework\\src\\Illuminate\\Database\\Eloquent\\Builder.php(793): Illuminate\\Database\\Eloquent\\Builder->getModels(Array)
#8 D:\\BraineBase - Knowledge base management system\\my-project\\vendor\\laravel\\framework\\src\\Illuminate\\Database\\Concerns\\BuildsQueries.php(343): Illuminate\\Database\\Eloquent\\Builder->get(Array)
#9 D:\\BraineBase - Knowledge base management system\\my-project\\vendor\\laravel\\framework\\src\\Illuminate\\Database\\Eloquent\\Builder.php(477): Illuminate\\Database\\Eloquent\\Builder->first(Array)
#10 D:\\BraineBase - Knowledge base management system\\my-project\\vendor\\laravel\\framework\\src\\Illuminate\\Support\\Traits\\ForwardsCalls.php(23): Illuminate\\Database\\Eloquent\\Builder->find('1')
#11 D:\\BraineBase - Knowledge base management system\\my-project\\vendor\\laravel\\framework\\src\\Illuminate\\Database\\Eloquent\\Model.php(2372): Illuminate\\Database\\Eloquent\\Model->forwardCallTo(Object(Illuminate\\Database\\Eloquent\\Builder), 'find', Array)
#12 D:\\BraineBase - Knowledge base management system\\my-project\\vendor\\laravel\\framework\\src\\Illuminate\\Database\\Eloquent\\Model.php(2384): Illuminate\\Database\\Eloquent\\Model->__call('find', Array)
#13 D:\\BraineBase - Knowledge base management system\\my-project\\vendor\\laravel\\sanctum\\src\\PersonalAccessToken.php(66): Illuminate\\Database\\Eloquent\\Model::__callStatic('find', Array)
#14 D:\\BraineBase - Knowledge base management system\\my-project\\vendor\\laravel\\sanctum\\src\\Guard.php(67): Laravel\\Sanctum\\PersonalAccessToken::findToken('sf6ZNnPUIeNkU1d...')
#15 [internal function]: Laravel\\Sanctum\\Guard->__invoke(Object(Illuminate\\Http\\Request), NULL)
#16 D:\\BraineBase - Knowledge base management system\\my-project\\vendor\\laravel\\framework\\src\\Illuminate\\Auth\\RequestGuard.php(57): call_user_func(Object(Laravel\\Sanctum\\Guard), Object(Illuminate\\Http\\Request), NULL)
#17 D:\\BraineBase - Knowledge base management system\\my-project\\vendor\\laravel\\framework\\src\\Illuminate\\Auth\\GuardHelpers.php(56): Illuminate\\Auth\\RequestGuard->user()
#18 D:\\BraineBase - Knowledge base management system\\my-project\\vendor\\laravel\\framework\\src\\Illuminate\\Auth\\Middleware\\Authenticate.php(83): Illuminate\\Auth\\RequestGuard->check()
#19 D:\\BraineBase - Knowledge base management system\\my-project\\vendor\\laravel\\framework\\src\\Illuminate\\Auth\\Middleware\\Authenticate.php(62): Illuminate\\Auth\\Middleware\\Authenticate->authenticate(Object(Illuminate\\Http\\Request), Array)
#20 D:\\BraineBase - Knowledge base management system\\my-project\\vendor\\laravel\\framework\\src\\Illuminate\\Pipeline\\Pipeline.php(209): Illuminate\\Auth\\Middleware\\Authenticate->handle(Object(Illuminate\\Http\\Request), Object(Closure), 'sanctum')
#21 D:\\BraineBase - Knowledge base management system\\my-project\\vendor\\laravel\\framework\\src\\Illuminate\\Pipeline\\Pipeline.php(127): Illuminate\\Pipeline\\Pipeline->Illuminate\\Pipeline\\{closure}(Object(Illuminate\\Http\\Request))
#22 D:\\BraineBase - Knowledge base management system\\my-project\\vendor\\laravel\\framework\\src\\Illuminate\\Routing\\Router.php(807): Illuminate\\Pipeline\\Pipeline->then(Object(Closure))
#23 D:\\BraineBase - Knowledge base management system\\my-project\\vendor\\laravel\\framework\\src\\Illuminate\\Routing\\Router.php(786): Illuminate\\Routing\\Router->runRouteWithinStack(Object(Illuminate\\Routing\\Route), Object(Illuminate\\Http\\Request))
#24 D:\\BraineBase - Knowledge base management system\\my-project\\vendor\\laravel\\framework\\src\\Illuminate\\Routing\\Router.php(750): Illuminate\\Routing\\Router->runRoute(Object(Illuminate\\Http\\Request), Object(Illuminate\\Routing\\Route))
#25 D:\\BraineBase - Knowledge base management system\\my-project\\vendor\\laravel\\framework\\src\\Illuminate\\Routing\\Router.php(739): Illuminate\\Routing\\Router->dispatchToRoute(Object(Illuminate\\Http\\Request))
#26 D:\\BraineBase - Knowledge base management system\\my-project\\vendor\\laravel\\framework\\src\\Illuminate\\Foundation\\Http\\Kernel.php(201): Illuminate\\Routing\\Router->dispatch(Object(Illuminate\\Http\\Request))
#27 D:\\BraineBase - Knowledge base management system\\my-project\\vendor\\laravel\\framework\\src\\Illuminate\\Pipeline\\Pipeline.php(170): Illuminate\\Foundation\\Http\\Kernel->Illuminate\\Foundation\\Http\\{closure}(Object(Illuminate\\Http\\Request))
#28 D:\\BraineBase - Knowledge base management system\\my-project\\vendor\\laravel\\framework\\src\\Illuminate\\Foundation\\Http\\Middleware\\TransformsRequest.php(21): Illuminate\\Pipeline\\Pipeline->Illuminate\\Pipeline\\{closure}(Object(Illuminate\\Http\\Request))
#29 D:\\BraineBase - Knowledge base management system\\my-project\\vendor\\laravel\\framework\\src\\Illuminate\\Foundation\\Http\\Middleware\\ConvertEmptyStringsToNull.php(31): Illuminate\\Foundation\\Http\\Middleware\\TransformsRequest->handle(Object(Illuminate\\Http\\Request), Object(Closure))
#30 D:\\BraineBase - Knowledge base management system\\my-project\\vendor\\laravel\\framework\\src\\Illuminate\\Pipeline\\Pipeline.php(209): Illuminate\\Foundation\\Http\\Middleware\\ConvertEmptyStringsToNull->handle(Object(Illuminate\\Http\\Request), Object(Closure))
#31 D:\\BraineBase - Knowledge base management system\\my-project\\vendor\\laravel\\framework\\src\\Illuminate\\Foundation\\Http\\Middleware\\TransformsRequest.php(21): Illuminate\\Pipeline\\Pipeline->Illuminate\\Pipeline\\{closure}(Object(Illuminate\\Http\\Request))
#32 D:\\BraineBase - Knowledge base management system\\my-project\\vendor\\laravel\\framework\\src\\Illuminate\\Foundation\\Http\\Middleware\\TrimStrings.php(51): Illuminate\\Foundation\\Http\\Middleware\\TransformsRequest->handle(Object(Illuminate\\Http\\Request), Object(Closure))
#33 D:\\BraineBase - Knowledge base management system\\my-project\\vendor\\laravel\\framework\\src\\Illuminate\\Pipeline\\Pipeline.php(209): Illuminate\\Foundation\\Http\\Middleware\\TrimStrings->handle(Object(Illuminate\\Http\\Request), Object(Closure))
#34 D:\\BraineBase - Knowledge base management system\\my-project\\vendor\\laravel\\framework\\src\\Illuminate\\Http\\Middleware\\ValidatePostSize.php(27): Illuminate\\Pipeline\\Pipeline->Illuminate\\Pipeline\\{closure}(Object(Illuminate\\Http\\Request))
#35 D:\\BraineBase - Knowledge base management system\\my-project\\vendor\\laravel\\framework\\src\\Illuminate\\Pipeline\\Pipeline.php(209): Illuminate\\Http\\Middleware\\ValidatePostSize->handle(Object(Illuminate\\Http\\Request), Object(Closure))
#36 D:\\BraineBase - Knowledge base management system\\my-project\\vendor\\laravel\\framework\\src\\Illuminate\\Foundation\\Http\\Middleware\\PreventRequestsDuringMaintenance.php(110): Illuminate\\Pipeline\\Pipeline->Illuminate\\Pipeline\\{closure}(Object(Illuminate\\Http\\Request))
#37 D:\\BraineBase - Knowledge base management system\\my-project\\vendor\\laravel\\framework\\src\\Illuminate\\Pipeline\\Pipeline.php(209): Illuminate\\Foundation\\Http\\Middleware\\PreventRequestsDuringMaintenance->handle(Object(Illuminate\\Http\\Request), Object(Closure))
#38 D:\\BraineBase - Knowledge base management system\\my-project\\vendor\\laravel\\framework\\src\\Illuminate\\Http\\Middleware\\HandleCors.php(62): Illuminate\\Pipeline\\Pipeline->Illuminate\\Pipeline\\{closure}(Object(Illuminate\\Http\\Request))
#39 D:\\BraineBase - Knowledge base management system\\my-project\\vendor\\laravel\\framework\\src\\Illuminate\\Pipeline\\Pipeline.php(209): Illuminate\\Http\\Middleware\\HandleCors->handle(Object(Illuminate\\Http\\Request), Object(Closure))
#40 D:\\BraineBase - Knowledge base management system\\my-project\\vendor\\laravel\\framework\\src\\Illuminate\\Http\\Middleware\\TrustProxies.php(58): Illuminate\\Pipeline\\Pipeline->Illuminate\\Pipeline\\{closure}(Object(Illuminate\\Http\\Request))
#41 D:\\BraineBase - Knowledge base management system\\my-project\\vendor\\laravel\\framework\\src\\Illuminate\\Pipeline\\Pipeline.php(209): Illuminate\\Http\\Middleware\\TrustProxies->handle(Object(Illuminate\\Http\\Request), Object(Closure))
#42 D:\\BraineBase - Knowledge base management system\\my-project\\vendor\\laravel\\framework\\src\\Illuminate\\Foundation\\Http\\Middleware\\InvokeDeferredCallbacks.php(22): Illuminate\\Pipeline\\Pipeline->Illuminate\\Pipeline\\{closure}(Object(Illuminate\\Http\\Request))
#43 D:\\BraineBase - Knowledge base management system\\my-project\\vendor\\laravel\\framework\\src\\Illuminate\\Pipeline\\Pipeline.php(209): Illuminate\\Foundation\\Http\\Middleware\\InvokeDeferredCallbacks->handle(Object(Illuminate\\Http\\Request), Object(Closure))
#44 D:\\BraineBase - Knowledge base management system\\my-project\\vendor\\laravel\\framework\\src\\Illuminate\\Pipeline\\Pipeline.php(127): Illuminate\\Pipeline\\Pipeline->Illuminate\\Pipeline\\{closure}(Object(Illuminate\\Http\\Request))
#45 D:\\BraineBase - Knowledge base management system\\my-project\\vendor\\laravel\\framework\\src\\Illuminate\\Foundation\\Http\\Kernel.php(176): Illuminate\\Pipeline\\Pipeline->then(Object(Closure))
#46 D:\\BraineBase - Knowledge base management system\\my-project\\vendor\\laravel\\framework\\src\\Illuminate\\Foundation\\Http\\Kernel.php(145): Illuminate\\Foundation\\Http\\Kernel->sendRequestThroughRouter(Object(Illuminate\\Http\\Request))
#47 D:\\BraineBase - Knowledge base management system\\my-project\\vendor\\laravel\\framework\\src\\Illuminate\\Foundation\\Application.php(1220): Illuminate\\Foundation\\Http\\Kernel->handle(Object(Illuminate\\Http\\Request))
#48 D:\\BraineBase - Knowledge base management system\\my-project\\public\\index.php(17): Illuminate\\Foundation\\Application->handleRequest(Object(Illuminate\\Http\\Request))
#49 D:\\BraineBase - Knowledge base management system\\my-project\\vendor\\laravel\\framework\\src\\Illuminate\\Foundation\\resources\\server.php(23): require_once('D:\\\\BraineBase -...')
#50 {main}

[previous exception] [object] (PDOException(code: HY000): SQLSTATE[HY000]: General error: 1 no such table: personal_access_tokens at D:\\BraineBase - Knowledge base management system\\my-project\\vendor\\laravel\\framework\\src\\Illuminate\\Database\\Connection.php:407)
[stacktrace]
#0 D:\\BraineBase - Knowledge base management system\\my-project\\vendor\\laravel\\framework\\src\\Illuminate\\Database\\Connection.php(407): PDO->prepare('select * from \"...')
#1 D:\\BraineBase - Knowledge base management system\\my-project\\vendor\\laravel\\framework\\src\\Illuminate\\Database\\Connection.php(812): Illuminate\\Database\\Connection->Illuminate\\Database\\{closure}('select * from \"...', Array)
#2 D:\\BraineBase - Knowledge base management system\\my-project\\vendor\\laravel\\framework\\src\\Illuminate\\Database\\Connection.php(779): Illuminate\\Database\\Connection->runQueryCallback('select * from \"...', Array, Object(Closure))
#3 D:\\BraineBase - Knowledge base management system\\my-project\\vendor\\laravel\\framework\\src\\Illuminate\\Database\\Connection.php(398): Illuminate\\Database\\Connection->run('select * from \"...', Array, Object(Closure))
#4 D:\\BraineBase - Knowledge base management system\\my-project\\vendor\\laravel\\framework\\src\\Illuminate\\Database\\Query\\Builder.php(3106): Illuminate\\Database\\Connection->select('select * from \"...', Array, true)
#5 D:\\BraineBase - Knowledge base management system\\my-project\\vendor\\laravel\\framework\\src\\Illuminate\\Database\\Query\\Builder.php(3091): Illuminate\\Database\\Query\\Builder->runSelect()
#6 D:\\BraineBase - Knowledge base management system\\my-project\\vendor\\laravel\\framework\\src\\Illuminate\\Database\\Query\\Builder.php(3676): Illuminate\\Database\\Query\\Builder->Illuminate\\Database\\Query\\{closure}()
#7 D:\\BraineBase - Knowledge base management system\\my-project\\vendor\\laravel\\framework\\src\\Illuminate\\Database\\Query\\Builder.php(3090): Illuminate\\Database\\Query\\Builder->onceWithColumns(Array, Object(Closure))
#8 D:\\BraineBase - Knowledge base management system\\my-project\\vendor\\laravel\\framework\\src\\Illuminate\\Database\\Eloquent\\Builder.php(811): Illuminate\\Database\\Query\\Builder->get(Array)
#9 D:\\BraineBase - Knowledge base management system\\my-project\\vendor\\laravel\\framework\\src\\Illuminate\\Database\\Eloquent\\Builder.php(793): Illuminate\\Database\\Eloquent\\Builder->getModels(Array)
#10 D:\\BraineBase - Knowledge base management system\\my-project\\vendor\\laravel\\framework\\src\\Illuminate\\Database\\Concerns\\BuildsQueries.php(343): Illuminate\\Database\\Eloquent\\Builder->get(Array)
#11 D:\\BraineBase - Knowledge base management system\\my-project\\vendor\\laravel\\framework\\src\\Illuminate\\Database\\Eloquent\\Builder.php(477): Illuminate\\Database\\Eloquent\\Builder->first(Array)
#12 D:\\BraineBase - Knowledge base management system\\my-project\\vendor\\laravel\\framework\\src\\Illuminate\\Support\\Traits\\ForwardsCalls.php(23): Illuminate\\Database\\Eloquent\\Builder->find('1')
#13 D:\\BraineBase - Knowledge base management system\\my-project\\vendor\\laravel\\framework\\src\\Illuminate\\Database\\Eloquent\\Model.php(2372): Illuminate\\Database\\Eloquent\\Model->forwardCallTo(Object(Illuminate\\Database\\Eloquent\\Builder), 'find', Array)
#14 D:\\BraineBase - Knowledge base management system\\my-project\\vendor\\laravel\\framework\\src\\Illuminate\\Database\\Eloquent\\Model.php(2384): Illuminate\\Database\\Eloquent\\Model->__call('find', Array)
#15 D:\\BraineBase - Knowledge base management system\\my-project\\vendor\\laravel\\sanctum\\src\\PersonalAccessToken.php(66): Illuminate\\Database\\Eloquent\\Model::__callStatic('find', Array)
#16 D:\\BraineBase - Knowledge base management system\\my-project\\vendor\\laravel\\sanctum\\src\\Guard.php(67): Laravel\\Sanctum\\PersonalAccessToken::findToken('sf6ZNnPUIeNkU1d...')
#17 [internal function]: Laravel\\Sanctum\\Guard->__invoke(Object(Illuminate\\Http\\Request), NULL)
#18 D:\\BraineBase - Knowledge base management system\\my-project\\vendor\\laravel\\framework\\src\\Illuminate\\Auth\\RequestGuard.php(57): call_user_func(Object(Laravel\\Sanctum\\Guard), Object(Illuminate\\Http\\Request), NULL)
#19 D:\\BraineBase - Knowledge base management system\\my-project\\vendor\\laravel\\framework\\src\\Illuminate\\Auth\\GuardHelpers.php(56): Illuminate\\Auth\\RequestGuard->user()
#20 D:\\BraineBase - Knowledge base management system\\my-project\\vendor\\laravel\\framework\\src\\Illuminate\\Auth\\Middleware\\Authenticate.php(83): Illuminate\\Auth\\RequestGuard->check()
#21 D:\\BraineBase - Knowledge base management system\\my-project\\vendor\\laravel\\framework\\src\\Illuminate\\Auth\\Middleware\\Authenticate.php(62): Illuminate\\Auth\\Middleware\\Authenticate->authenticate(Object(Illuminate\\Http\\Request), Array)
#22 D:\\BraineBase - Knowledge base management system\\my-project\\vendor\\laravel\\framework\\src\\Illuminate\\Pipeline\\Pipeline.php(209): Illuminate\\Auth\\Middleware\\Authenticate->handle(Object(Illuminate\\Http\\Request), Object(Closure), 'sanctum')
#23 D:\\BraineBase - Knowledge base management system\\my-project\\vendor\\laravel\\framework\\src\\Illuminate\\Pipeline\\Pipeline.php(127): Illuminate\\Pipeline\\Pipeline->Illuminate\\Pipeline\\{closure}(Object(Illuminate\\Http\\Request))
#24 D:\\BraineBase - Knowledge base management system\\my-project\\vendor\\laravel\\framework\\src\\Illuminate\\Routing\\Router.php(807): Illuminate\\Pipeline\\Pipeline->then(Object(Closure))
#25 D:\\BraineBase - Knowledge base management system\\my-project\\vendor\\laravel\\framework\\src\\Illuminate\\Routing\\Router.php(786): Illuminate\\Routing\\Router->runRouteWithinStack(Object(Illuminate\\Routing\\Route), Object(Illuminate\\Http\\Request))
#26 D:\\BraineBase - Knowledge base management system\\my-project\\vendor\\laravel\\framework\\src\\Illuminate\\Routing\\Router.php(750): Illuminate\\Routing\\Router->runRoute(Object(Illuminate\\Http\\Request), Object(Illuminate\\Routing\\Route))
#27 D:\\BraineBase - Knowledge base management system\\my-project\\vendor\\laravel\\framework\\src\\Illuminate\\Routing\\Router.php(739): Illuminate\\Routing\\Router->dispatchToRoute(Object(Illuminate\\Http\\Request))
#28 D:\\BraineBase - Knowledge base management system\\my-project\\vendor\\laravel\\framework\\src\\Illuminate\\Foundation\\Http\\Kernel.php(201): Illuminate\\Routing\\Router->dispatch(Object(Illuminate\\Http\\Request))
#29 D:\\BraineBase - Knowledge base management system\\my-project\\vendor\\laravel\\framework\\src\\Illuminate\\Pipeline\\Pipeline.php(170): Illuminate\\Foundation\\Http\\Kernel->Illuminate\\Foundation\\Http\\{closure}(Object(Illuminate\\Http\\Request))
#30 D:\\BraineBase - Knowledge base management system\\my-project\\vendor\\laravel\\framework\\src\\Illuminate\\Foundation\\Http\\Middleware\\TransformsRequest.php(21): Illuminate\\Pipeline\\Pipeline->Illuminate\\Pipeline\\{closure}(Object(Illuminate\\Http\\Request))
#31 D:\\BraineBase - Knowledge base management system\\my-project\\vendor\\laravel\\framework\\src\\Illuminate\\Foundation\\Http\\Middleware\\ConvertEmptyStringsToNull.php(31): Illuminate\\Foundation\\Http\\Middleware\\TransformsRequest->handle(Object(Illuminate\\Http\\Request), Object(Closure))
#32 D:\\BraineBase - Knowledge base management system\\my-project\\vendor\\laravel\\framework\\src\\Illuminate\\Pipeline\\Pipeline.php(209): Illuminate\\Foundation\\Http\\Middleware\\ConvertEmptyStringsToNull->handle(Object(Illuminate\\Http\\Request), Object(Closure))
#33 D:\\BraineBase - Knowledge base management system\\my-project\\vendor\\laravel\\framework\\src\\Illuminate\\Foundation\\Http\\Middleware\\TransformsRequest.php(21): Illuminate\\Pipeline\\Pipeline->Illuminate\\Pipeline\\{closure}(Object(Illuminate\\Http\\Request))
#34 D:\\BraineBase - Knowledge base management system\\my-project\\vendor\\laravel\\framework\\src\\Illuminate\\Foundation\\Http\\Middleware\\TrimStrings.php(51): Illuminate\\Foundation\\Http\\Middleware\\TransformsRequest->handle(Object(Illuminate\\Http\\Request), Object(Closure))
#35 D:\\BraineBase - Knowledge base management system\\my-project\\vendor\\laravel\\framework\\src\\Illuminate\\Pipeline\\Pipeline.php(209): Illuminate\\Foundation\\Http\\Middleware\\TrimStrings->handle(Object(Illuminate\\Http\\Request), Object(Closure))
#36 D:\\BraineBase - Knowledge base management system\\my-project\\vendor\\laravel\\framework\\src\\Illuminate\\Http\\Middleware\\ValidatePostSize.php(27): Illuminate\\Pipeline\\Pipeline->Illuminate\\Pipeline\\{closure}(Object(Illuminate\\Http\\Request))
#37 D:\\BraineBase - Knowledge base management system\\my-project\\vendor\\laravel\\framework\\src\\Illuminate\\Pipeline\\Pipeline.php(209): Illuminate\\Http\\Middleware\\ValidatePostSize->handle(Object(Illuminate\\Http\\Request), Object(Closure))
#38 D:\\BraineBase - Knowledge base management system\\my-project\\vendor\\laravel\\framework\\src\\Illuminate\\Foundation\\Http\\Middleware\\PreventRequestsDuringMaintenance.php(110): Illuminate\\Pipeline\\Pipeline->Illuminate\\Pipeline\\{closure}(Object(Illuminate\\Http\\Request))
#39 D:\\BraineBase - Knowledge base management system\\my-project\\vendor\\laravel\\framework\\src\\Illuminate\\Pipeline\\Pipeline.php(209): Illuminate\\Foundation\\Http\\Middleware\\PreventRequestsDuringMaintenance->handle(Object(Illuminate\\Http\\Request), Object(Closure))
#40 D:\\BraineBase - Knowledge base management system\\my-project\\vendor\\laravel\\framework\\src\\Illuminate\\Http\\Middleware\\HandleCors.php(62): Illuminate\\Pipeline\\Pipeline->Illuminate\\Pipeline\\{closure}(Object(Illuminate\\Http\\Request))
#41 D:\\BraineBase - Knowledge base management system\\my-project\\vendor\\laravel\\framework\\src\\Illuminate\\Pipeline\\Pipeline.php(209): Illuminate\\Http\\Middleware\\HandleCors->handle(Object(Illuminate\\Http\\Request), Object(Closure))
#42 D:\\BraineBase - Knowledge base management system\\my-project\\vendor\\laravel\\framework\\src\\Illuminate\\Http\\Middleware\\TrustProxies.php(58): Illuminate\\Pipeline\\Pipeline->Illuminate\\Pipeline\\{closure}(Object(Illuminate\\Http\\Request))
#43 D:\\BraineBase - Knowledge base management system\\my-project\\vendor\\laravel\\framework\\src\\Illuminate\\Pipeline\\Pipeline.php(209): Illuminate\\Http\\Middleware\\TrustProxies->handle(Object(Illuminate\\Http\\Request), Object(Closure))
#44 D:\\BraineBase - Knowledge base management system\\my-project\\vendor\\laravel\\framework\\src\\Illuminate\\Foundation\\Http\\Middleware\\InvokeDeferredCallbacks.php(22): Illuminate\\Pipeline\\Pipeline->Illuminate\\Pipeline\\{closure}(Object(Illuminate\\Http\\Request))
#45 D:\\BraineBase - Knowledge base management system\\my-project\\vendor\\laravel\\framework\\src\\Illuminate\\Pipeline\\Pipeline.php(209): Illuminate\\Foundation\\Http\\Middleware\\InvokeDeferredCallbacks->handle(Object(Illuminate\\Http\\Request), Object(Closure))
#46 D:\\BraineBase - Knowledge base management system\\my-project\\vendor\\laravel\\framework\\src\\Illuminate\\Pipeline\\Pipeline.php(127): Illuminate\\Pipeline\\Pipeline->Illuminate\\Pipeline\\{closure}(Object(Illuminate\\Http\\Request))
#47 D:\\BraineBase - Knowledge base management system\\my-project\\vendor\\laravel\\framework\\src\\Illuminate\\Foundation\\Http\\Kernel.php(176): Illuminate\\Pipeline\\Pipeline->then(Object(Closure))
#48 D:\\BraineBase - Knowledge base management system\\my-project\\vendor\\laravel\\framework\\src\\Illuminate\\Foundation\\Http\\Kernel.php(145): Illuminate\\Foundation\\Http\\Kernel->sendRequestThroughRouter(Object(Illuminate\\Http\\Request))
#49 D:\\BraineBase - Knowledge base management system\\my-project\\vendor\\laravel\\framework\\src\\Illuminate\\Foundation\\Application.php(1220): Illuminate\\Foundation\\Http\\Kernel->handle(Object(Illuminate\\Http\\Request))
#50 D:\\BraineBase - Knowledge base management system\\my-project\\public\\index.php(17): Illuminate\\Foundation\\Application->handleRequest(Object(Illuminate\\Http\\Request))
#51 D:\\BraineBase - Knowledge base management system\\my-project\\vendor\\laravel\\framework\\src\\Illuminate\\Foundation\\resources\\server.php(23): require_once('D:\\\\BraineBase -...')
#52 {main}
"} 
[2025-05-11 13:50:12] local.ERROR: SQLSTATE[HY000]: General error: 1 no such table: personal_access_tokens (Connection: sqlite, SQL: select * from "personal_access_tokens" where "personal_access_tokens"."id" = 1 limit 1) {"exception":"[object] (Illuminate\\Database\\QueryException(code: HY000): SQLSTATE[HY000]: General error: 1 no such table: personal_access_tokens (Connection: sqlite, SQL: select * from \"personal_access_tokens\" where \"personal_access_tokens\".\"id\" = 1 limit 1) at D:\\BraineBase - Knowledge base management system\\my-project\\vendor\\laravel\\framework\\src\\Illuminate\\Database\\Connection.php:825)
[stacktrace]
#0 D:\\BraineBase - Knowledge base management system\\my-project\\vendor\\laravel\\framework\\src\\Illuminate\\Database\\Connection.php(779): Illuminate\\Database\\Connection->runQueryCallback('select * from \"...', Array, Object(Closure))
#1 D:\\BraineBase - Knowledge base management system\\my-project\\vendor\\laravel\\framework\\src\\Illuminate\\Database\\Connection.php(398): Illuminate\\Database\\Connection->run('select * from \"...', Array, Object(Closure))
#2 D:\\BraineBase - Knowledge base management system\\my-project\\vendor\\laravel\\framework\\src\\Illuminate\\Database\\Query\\Builder.php(3106): Illuminate\\Database\\Connection->select('select * from \"...', Array, true)
#3 D:\\BraineBase - Knowledge base management system\\my-project\\vendor\\laravel\\framework\\src\\Illuminate\\Database\\Query\\Builder.php(3091): Illuminate\\Database\\Query\\Builder->runSelect()
#4 D:\\BraineBase - Knowledge base management system\\my-project\\vendor\\laravel\\framework\\src\\Illuminate\\Database\\Query\\Builder.php(3676): Illuminate\\Database\\Query\\Builder->Illuminate\\Database\\Query\\{closure}()
#5 D:\\BraineBase - Knowledge base management system\\my-project\\vendor\\laravel\\framework\\src\\Illuminate\\Database\\Query\\Builder.php(3090): Illuminate\\Database\\Query\\Builder->onceWithColumns(Array, Object(Closure))
#6 D:\\BraineBase - Knowledge base management system\\my-project\\vendor\\laravel\\framework\\src\\Illuminate\\Database\\Eloquent\\Builder.php(811): Illuminate\\Database\\Query\\Builder->get(Array)
#7 D:\\BraineBase - Knowledge base management system\\my-project\\vendor\\laravel\\framework\\src\\Illuminate\\Database\\Eloquent\\Builder.php(793): Illuminate\\Database\\Eloquent\\Builder->getModels(Array)
#8 D:\\BraineBase - Knowledge base management system\\my-project\\vendor\\laravel\\framework\\src\\Illuminate\\Database\\Concerns\\BuildsQueries.php(343): Illuminate\\Database\\Eloquent\\Builder->get(Array)
#9 D:\\BraineBase - Knowledge base management system\\my-project\\vendor\\laravel\\framework\\src\\Illuminate\\Database\\Eloquent\\Builder.php(477): Illuminate\\Database\\Eloquent\\Builder->first(Array)
#10 D:\\BraineBase - Knowledge base management system\\my-project\\vendor\\laravel\\framework\\src\\Illuminate\\Support\\Traits\\ForwardsCalls.php(23): Illuminate\\Database\\Eloquent\\Builder->find('1')
#11 D:\\BraineBase - Knowledge base management system\\my-project\\vendor\\laravel\\framework\\src\\Illuminate\\Database\\Eloquent\\Model.php(2372): Illuminate\\Database\\Eloquent\\Model->forwardCallTo(Object(Illuminate\\Database\\Eloquent\\Builder), 'find', Array)
#12 D:\\BraineBase - Knowledge base management system\\my-project\\vendor\\laravel\\framework\\src\\Illuminate\\Database\\Eloquent\\Model.php(2384): Illuminate\\Database\\Eloquent\\Model->__call('find', Array)
#13 D:\\BraineBase - Knowledge base management system\\my-project\\vendor\\laravel\\sanctum\\src\\PersonalAccessToken.php(66): Illuminate\\Database\\Eloquent\\Model::__callStatic('find', Array)
#14 D:\\BraineBase - Knowledge base management system\\my-project\\vendor\\laravel\\sanctum\\src\\Guard.php(67): Laravel\\Sanctum\\PersonalAccessToken::findToken('sf6ZNnPUIeNkU1d...')
#15 [internal function]: Laravel\\Sanctum\\Guard->__invoke(Object(Illuminate\\Http\\Request), NULL)
#16 D:\\BraineBase - Knowledge base management system\\my-project\\vendor\\laravel\\framework\\src\\Illuminate\\Auth\\RequestGuard.php(57): call_user_func(Object(Laravel\\Sanctum\\Guard), Object(Illuminate\\Http\\Request), NULL)
#17 D:\\BraineBase - Knowledge base management system\\my-project\\vendor\\laravel\\framework\\src\\Illuminate\\Auth\\GuardHelpers.php(56): Illuminate\\Auth\\RequestGuard->user()
#18 D:\\BraineBase - Knowledge base management system\\my-project\\vendor\\laravel\\framework\\src\\Illuminate\\Auth\\Middleware\\Authenticate.php(83): Illuminate\\Auth\\RequestGuard->check()
#19 D:\\BraineBase - Knowledge base management system\\my-project\\vendor\\laravel\\framework\\src\\Illuminate\\Auth\\Middleware\\Authenticate.php(62): Illuminate\\Auth\\Middleware\\Authenticate->authenticate(Object(Illuminate\\Http\\Request), Array)
#20 D:\\BraineBase - Knowledge base management system\\my-project\\vendor\\laravel\\framework\\src\\Illuminate\\Pipeline\\Pipeline.php(209): Illuminate\\Auth\\Middleware\\Authenticate->handle(Object(Illuminate\\Http\\Request), Object(Closure), 'sanctum')
#21 D:\\BraineBase - Knowledge base management system\\my-project\\vendor\\laravel\\framework\\src\\Illuminate\\Pipeline\\Pipeline.php(127): Illuminate\\Pipeline\\Pipeline->Illuminate\\Pipeline\\{closure}(Object(Illuminate\\Http\\Request))
#22 D:\\BraineBase - Knowledge base management system\\my-project\\vendor\\laravel\\framework\\src\\Illuminate\\Routing\\Router.php(807): Illuminate\\Pipeline\\Pipeline->then(Object(Closure))
#23 D:\\BraineBase - Knowledge base management system\\my-project\\vendor\\laravel\\framework\\src\\Illuminate\\Routing\\Router.php(786): Illuminate\\Routing\\Router->runRouteWithinStack(Object(Illuminate\\Routing\\Route), Object(Illuminate\\Http\\Request))
#24 D:\\BraineBase - Knowledge base management system\\my-project\\vendor\\laravel\\framework\\src\\Illuminate\\Routing\\Router.php(750): Illuminate\\Routing\\Router->runRoute(Object(Illuminate\\Http\\Request), Object(Illuminate\\Routing\\Route))
#25 D:\\BraineBase - Knowledge base management system\\my-project\\vendor\\laravel\\framework\\src\\Illuminate\\Routing\\Router.php(739): Illuminate\\Routing\\Router->dispatchToRoute(Object(Illuminate\\Http\\Request))
#26 D:\\BraineBase - Knowledge base management system\\my-project\\vendor\\laravel\\framework\\src\\Illuminate\\Foundation\\Http\\Kernel.php(201): Illuminate\\Routing\\Router->dispatch(Object(Illuminate\\Http\\Request))
#27 D:\\BraineBase - Knowledge base management system\\my-project\\vendor\\laravel\\framework\\src\\Illuminate\\Pipeline\\Pipeline.php(170): Illuminate\\Foundation\\Http\\Kernel->Illuminate\\Foundation\\Http\\{closure}(Object(Illuminate\\Http\\Request))
#28 D:\\BraineBase - Knowledge base management system\\my-project\\vendor\\laravel\\framework\\src\\Illuminate\\Foundation\\Http\\Middleware\\TransformsRequest.php(21): Illuminate\\Pipeline\\Pipeline->Illuminate\\Pipeline\\{closure}(Object(Illuminate\\Http\\Request))
#29 D:\\BraineBase - Knowledge base management system\\my-project\\vendor\\laravel\\framework\\src\\Illuminate\\Foundation\\Http\\Middleware\\ConvertEmptyStringsToNull.php(31): Illuminate\\Foundation\\Http\\Middleware\\TransformsRequest->handle(Object(Illuminate\\Http\\Request), Object(Closure))
#30 D:\\BraineBase - Knowledge base management system\\my-project\\vendor\\laravel\\framework\\src\\Illuminate\\Pipeline\\Pipeline.php(209): Illuminate\\Foundation\\Http\\Middleware\\ConvertEmptyStringsToNull->handle(Object(Illuminate\\Http\\Request), Object(Closure))
#31 D:\\BraineBase - Knowledge base management system\\my-project\\vendor\\laravel\\framework\\src\\Illuminate\\Foundation\\Http\\Middleware\\TransformsRequest.php(21): Illuminate\\Pipeline\\Pipeline->Illuminate\\Pipeline\\{closure}(Object(Illuminate\\Http\\Request))
#32 D:\\BraineBase - Knowledge base management system\\my-project\\vendor\\laravel\\framework\\src\\Illuminate\\Foundation\\Http\\Middleware\\TrimStrings.php(51): Illuminate\\Foundation\\Http\\Middleware\\TransformsRequest->handle(Object(Illuminate\\Http\\Request), Object(Closure))
#33 D:\\BraineBase - Knowledge base management system\\my-project\\vendor\\laravel\\framework\\src\\Illuminate\\Pipeline\\Pipeline.php(209): Illuminate\\Foundation\\Http\\Middleware\\TrimStrings->handle(Object(Illuminate\\Http\\Request), Object(Closure))
#34 D:\\BraineBase - Knowledge base management system\\my-project\\vendor\\laravel\\framework\\src\\Illuminate\\Http\\Middleware\\ValidatePostSize.php(27): Illuminate\\Pipeline\\Pipeline->Illuminate\\Pipeline\\{closure}(Object(Illuminate\\Http\\Request))
#35 D:\\BraineBase - Knowledge base management system\\my-project\\vendor\\laravel\\framework\\src\\Illuminate\\Pipeline\\Pipeline.php(209): Illuminate\\Http\\Middleware\\ValidatePostSize->handle(Object(Illuminate\\Http\\Request), Object(Closure))
#36 D:\\BraineBase - Knowledge base management system\\my-project\\vendor\\laravel\\framework\\src\\Illuminate\\Foundation\\Http\\Middleware\\PreventRequestsDuringMaintenance.php(110): Illuminate\\Pipeline\\Pipeline->Illuminate\\Pipeline\\{closure}(Object(Illuminate\\Http\\Request))
#37 D:\\BraineBase - Knowledge base management system\\my-project\\vendor\\laravel\\framework\\src\\Illuminate\\Pipeline\\Pipeline.php(209): Illuminate\\Foundation\\Http\\Middleware\\PreventRequestsDuringMaintenance->handle(Object(Illuminate\\Http\\Request), Object(Closure))
#38 D:\\BraineBase - Knowledge base management system\\my-project\\vendor\\laravel\\framework\\src\\Illuminate\\Http\\Middleware\\HandleCors.php(62): Illuminate\\Pipeline\\Pipeline->Illuminate\\Pipeline\\{closure}(Object(Illuminate\\Http\\Request))
#39 D:\\BraineBase - Knowledge base management system\\my-project\\vendor\\laravel\\framework\\src\\Illuminate\\Pipeline\\Pipeline.php(209): Illuminate\\Http\\Middleware\\HandleCors->handle(Object(Illuminate\\Http\\Request), Object(Closure))
#40 D:\\BraineBase - Knowledge base management system\\my-project\\vendor\\laravel\\framework\\src\\Illuminate\\Http\\Middleware\\TrustProxies.php(58): Illuminate\\Pipeline\\Pipeline->Illuminate\\Pipeline\\{closure}(Object(Illuminate\\Http\\Request))
#41 D:\\BraineBase - Knowledge base management system\\my-project\\vendor\\laravel\\framework\\src\\Illuminate\\Pipeline\\Pipeline.php(209): Illuminate\\Http\\Middleware\\TrustProxies->handle(Object(Illuminate\\Http\\Request), Object(Closure))
#42 D:\\BraineBase - Knowledge base management system\\my-project\\vendor\\laravel\\framework\\src\\Illuminate\\Foundation\\Http\\Middleware\\InvokeDeferredCallbacks.php(22): Illuminate\\Pipeline\\Pipeline->Illuminate\\Pipeline\\{closure}(Object(Illuminate\\Http\\Request))
#43 D:\\BraineBase - Knowledge base management system\\my-project\\vendor\\laravel\\framework\\src\\Illuminate\\Pipeline\\Pipeline.php(209): Illuminate\\Foundation\\Http\\Middleware\\InvokeDeferredCallbacks->handle(Object(Illuminate\\Http\\Request), Object(Closure))
#44 D:\\BraineBase - Knowledge base management system\\my-project\\vendor\\laravel\\framework\\src\\Illuminate\\Pipeline\\Pipeline.php(127): Illuminate\\Pipeline\\Pipeline->Illuminate\\Pipeline\\{closure}(Object(Illuminate\\Http\\Request))
#45 D:\\BraineBase - Knowledge base management system\\my-project\\vendor\\laravel\\framework\\src\\Illuminate\\Foundation\\Http\\Kernel.php(176): Illuminate\\Pipeline\\Pipeline->then(Object(Closure))
#46 D:\\BraineBase - Knowledge base management system\\my-project\\vendor\\laravel\\framework\\src\\Illuminate\\Foundation\\Http\\Kernel.php(145): Illuminate\\Foundation\\Http\\Kernel->sendRequestThroughRouter(Object(Illuminate\\Http\\Request))
#47 D:\\BraineBase - Knowledge base management system\\my-project\\vendor\\laravel\\framework\\src\\Illuminate\\Foundation\\Application.php(1220): Illuminate\\Foundation\\Http\\Kernel->handle(Object(Illuminate\\Http\\Request))
#48 D:\\BraineBase - Knowledge base management system\\my-project\\public\\index.php(17): Illuminate\\Foundation\\Application->handleRequest(Object(Illuminate\\Http\\Request))
#49 D:\\BraineBase - Knowledge base management system\\my-project\\vendor\\laravel\\framework\\src\\Illuminate\\Foundation\\resources\\server.php(23): require_once('D:\\\\BraineBase -...')
#50 {main}

[previous exception] [object] (PDOException(code: HY000): SQLSTATE[HY000]: General error: 1 no such table: personal_access_tokens at D:\\BraineBase - Knowledge base management system\\my-project\\vendor\\laravel\\framework\\src\\Illuminate\\Database\\Connection.php:407)
[stacktrace]
#0 D:\\BraineBase - Knowledge base management system\\my-project\\vendor\\laravel\\framework\\src\\Illuminate\\Database\\Connection.php(407): PDO->prepare('select * from \"...')
#1 D:\\BraineBase - Knowledge base management system\\my-project\\vendor\\laravel\\framework\\src\\Illuminate\\Database\\Connection.php(812): Illuminate\\Database\\Connection->Illuminate\\Database\\{closure}('select * from \"...', Array)
#2 D:\\BraineBase - Knowledge base management system\\my-project\\vendor\\laravel\\framework\\src\\Illuminate\\Database\\Connection.php(779): Illuminate\\Database\\Connection->runQueryCallback('select * from \"...', Array, Object(Closure))
#3 D:\\BraineBase - Knowledge base management system\\my-project\\vendor\\laravel\\framework\\src\\Illuminate\\Database\\Connection.php(398): Illuminate\\Database\\Connection->run('select * from \"...', Array, Object(Closure))
#4 D:\\BraineBase - Knowledge base management system\\my-project\\vendor\\laravel\\framework\\src\\Illuminate\\Database\\Query\\Builder.php(3106): Illuminate\\Database\\Connection->select('select * from \"...', Array, true)
#5 D:\\BraineBase - Knowledge base management system\\my-project\\vendor\\laravel\\framework\\src\\Illuminate\\Database\\Query\\Builder.php(3091): Illuminate\\Database\\Query\\Builder->runSelect()
#6 D:\\BraineBase - Knowledge base management system\\my-project\\vendor\\laravel\\framework\\src\\Illuminate\\Database\\Query\\Builder.php(3676): Illuminate\\Database\\Query\\Builder->Illuminate\\Database\\Query\\{closure}()
#7 D:\\BraineBase - Knowledge base management system\\my-project\\vendor\\laravel\\framework\\src\\Illuminate\\Database\\Query\\Builder.php(3090): Illuminate\\Database\\Query\\Builder->onceWithColumns(Array, Object(Closure))
#8 D:\\BraineBase - Knowledge base management system\\my-project\\vendor\\laravel\\framework\\src\\Illuminate\\Database\\Eloquent\\Builder.php(811): Illuminate\\Database\\Query\\Builder->get(Array)
#9 D:\\BraineBase - Knowledge base management system\\my-project\\vendor\\laravel\\framework\\src\\Illuminate\\Database\\Eloquent\\Builder.php(793): Illuminate\\Database\\Eloquent\\Builder->getModels(Array)
#10 D:\\BraineBase - Knowledge base management system\\my-project\\vendor\\laravel\\framework\\src\\Illuminate\\Database\\Concerns\\BuildsQueries.php(343): Illuminate\\Database\\Eloquent\\Builder->get(Array)
#11 D:\\BraineBase - Knowledge base management system\\my-project\\vendor\\laravel\\framework\\src\\Illuminate\\Database\\Eloquent\\Builder.php(477): Illuminate\\Database\\Eloquent\\Builder->first(Array)
#12 D:\\BraineBase - Knowledge base management system\\my-project\\vendor\\laravel\\framework\\src\\Illuminate\\Support\\Traits\\ForwardsCalls.php(23): Illuminate\\Database\\Eloquent\\Builder->find('1')
#13 D:\\BraineBase - Knowledge base management system\\my-project\\vendor\\laravel\\framework\\src\\Illuminate\\Database\\Eloquent\\Model.php(2372): Illuminate\\Database\\Eloquent\\Model->forwardCallTo(Object(Illuminate\\Database\\Eloquent\\Builder), 'find', Array)
#14 D:\\BraineBase - Knowledge base management system\\my-project\\vendor\\laravel\\framework\\src\\Illuminate\\Database\\Eloquent\\Model.php(2384): Illuminate\\Database\\Eloquent\\Model->__call('find', Array)
#15 D:\\BraineBase - Knowledge base management system\\my-project\\vendor\\laravel\\sanctum\\src\\PersonalAccessToken.php(66): Illuminate\\Database\\Eloquent\\Model::__callStatic('find', Array)
#16 D:\\BraineBase - Knowledge base management system\\my-project\\vendor\\laravel\\sanctum\\src\\Guard.php(67): Laravel\\Sanctum\\PersonalAccessToken::findToken('sf6ZNnPUIeNkU1d...')
#17 [internal function]: Laravel\\Sanctum\\Guard->__invoke(Object(Illuminate\\Http\\Request), NULL)
#18 D:\\BraineBase - Knowledge base management system\\my-project\\vendor\\laravel\\framework\\src\\Illuminate\\Auth\\RequestGuard.php(57): call_user_func(Object(Laravel\\Sanctum\\Guard), Object(Illuminate\\Http\\Request), NULL)
#19 D:\\BraineBase - Knowledge base management system\\my-project\\vendor\\laravel\\framework\\src\\Illuminate\\Auth\\GuardHelpers.php(56): Illuminate\\Auth\\RequestGuard->user()
#20 D:\\BraineBase - Knowledge base management system\\my-project\\vendor\\laravel\\framework\\src\\Illuminate\\Auth\\Middleware\\Authenticate.php(83): Illuminate\\Auth\\RequestGuard->check()
#21 D:\\BraineBase - Knowledge base management system\\my-project\\vendor\\laravel\\framework\\src\\Illuminate\\Auth\\Middleware\\Authenticate.php(62): Illuminate\\Auth\\Middleware\\Authenticate->authenticate(Object(Illuminate\\Http\\Request), Array)
#22 D:\\BraineBase - Knowledge base management system\\my-project\\vendor\\laravel\\framework\\src\\Illuminate\\Pipeline\\Pipeline.php(209): Illuminate\\Auth\\Middleware\\Authenticate->handle(Object(Illuminate\\Http\\Request), Object(Closure), 'sanctum')
#23 D:\\BraineBase - Knowledge base management system\\my-project\\vendor\\laravel\\framework\\src\\Illuminate\\Pipeline\\Pipeline.php(127): Illuminate\\Pipeline\\Pipeline->Illuminate\\Pipeline\\{closure}(Object(Illuminate\\Http\\Request))
#24 D:\\BraineBase - Knowledge base management system\\my-project\\vendor\\laravel\\framework\\src\\Illuminate\\Routing\\Router.php(807): Illuminate\\Pipeline\\Pipeline->then(Object(Closure))
#25 D:\\BraineBase - Knowledge base management system\\my-project\\vendor\\laravel\\framework\\src\\Illuminate\\Routing\\Router.php(786): Illuminate\\Routing\\Router->runRouteWithinStack(Object(Illuminate\\Routing\\Route), Object(Illuminate\\Http\\Request))
#26 D:\\BraineBase - Knowledge base management system\\my-project\\vendor\\laravel\\framework\\src\\Illuminate\\Routing\\Router.php(750): Illuminate\\Routing\\Router->runRoute(Object(Illuminate\\Http\\Request), Object(Illuminate\\Routing\\Route))
#27 D:\\BraineBase - Knowledge base management system\\my-project\\vendor\\laravel\\framework\\src\\Illuminate\\Routing\\Router.php(739): Illuminate\\Routing\\Router->dispatchToRoute(Object(Illuminate\\Http\\Request))
#28 D:\\BraineBase - Knowledge base management system\\my-project\\vendor\\laravel\\framework\\src\\Illuminate\\Foundation\\Http\\Kernel.php(201): Illuminate\\Routing\\Router->dispatch(Object(Illuminate\\Http\\Request))
#29 D:\\BraineBase - Knowledge base management system\\my-project\\vendor\\laravel\\framework\\src\\Illuminate\\Pipeline\\Pipeline.php(170): Illuminate\\Foundation\\Http\\Kernel->Illuminate\\Foundation\\Http\\{closure}(Object(Illuminate\\Http\\Request))
#30 D:\\BraineBase - Knowledge base management system\\my-project\\vendor\\laravel\\framework\\src\\Illuminate\\Foundation\\Http\\Middleware\\TransformsRequest.php(21): Illuminate\\Pipeline\\Pipeline->Illuminate\\Pipeline\\{closure}(Object(Illuminate\\Http\\Request))
#31 D:\\BraineBase - Knowledge base management system\\my-project\\vendor\\laravel\\framework\\src\\Illuminate\\Foundation\\Http\\Middleware\\ConvertEmptyStringsToNull.php(31): Illuminate\\Foundation\\Http\\Middleware\\TransformsRequest->handle(Object(Illuminate\\Http\\Request), Object(Closure))
#32 D:\\BraineBase - Knowledge base management system\\my-project\\vendor\\laravel\\framework\\src\\Illuminate\\Pipeline\\Pipeline.php(209): Illuminate\\Foundation\\Http\\Middleware\\ConvertEmptyStringsToNull->handle(Object(Illuminate\\Http\\Request), Object(Closure))
#33 D:\\BraineBase - Knowledge base management system\\my-project\\vendor\\laravel\\framework\\src\\Illuminate\\Foundation\\Http\\Middleware\\TransformsRequest.php(21): Illuminate\\Pipeline\\Pipeline->Illuminate\\Pipeline\\{closure}(Object(Illuminate\\Http\\Request))
#34 D:\\BraineBase - Knowledge base management system\\my-project\\vendor\\laravel\\framework\\src\\Illuminate\\Foundation\\Http\\Middleware\\TrimStrings.php(51): Illuminate\\Foundation\\Http\\Middleware\\TransformsRequest->handle(Object(Illuminate\\Http\\Request), Object(Closure))
#35 D:\\BraineBase - Knowledge base management system\\my-project\\vendor\\laravel\\framework\\src\\Illuminate\\Pipeline\\Pipeline.php(209): Illuminate\\Foundation\\Http\\Middleware\\TrimStrings->handle(Object(Illuminate\\Http\\Request), Object(Closure))
#36 D:\\BraineBase - Knowledge base management system\\my-project\\vendor\\laravel\\framework\\src\\Illuminate\\Http\\Middleware\\ValidatePostSize.php(27): Illuminate\\Pipeline\\Pipeline->Illuminate\\Pipeline\\{closure}(Object(Illuminate\\Http\\Request))
#37 D:\\BraineBase - Knowledge base management system\\my-project\\vendor\\laravel\\framework\\src\\Illuminate\\Pipeline\\Pipeline.php(209): Illuminate\\Http\\Middleware\\ValidatePostSize->handle(Object(Illuminate\\Http\\Request), Object(Closure))
#38 D:\\BraineBase - Knowledge base management system\\my-project\\vendor\\laravel\\framework\\src\\Illuminate\\Foundation\\Http\\Middleware\\PreventRequestsDuringMaintenance.php(110): Illuminate\\Pipeline\\Pipeline->Illuminate\\Pipeline\\{closure}(Object(Illuminate\\Http\\Request))
#39 D:\\BraineBase - Knowledge base management system\\my-project\\vendor\\laravel\\framework\\src\\Illuminate\\Pipeline\\Pipeline.php(209): Illuminate\\Foundation\\Http\\Middleware\\PreventRequestsDuringMaintenance->handle(Object(Illuminate\\Http\\Request), Object(Closure))
#40 D:\\BraineBase - Knowledge base management system\\my-project\\vendor\\laravel\\framework\\src\\Illuminate\\Http\\Middleware\\HandleCors.php(62): Illuminate\\Pipeline\\Pipeline->Illuminate\\Pipeline\\{closure}(Object(Illuminate\\Http\\Request))
#41 D:\\BraineBase - Knowledge base management system\\my-project\\vendor\\laravel\\framework\\src\\Illuminate\\Pipeline\\Pipeline.php(209): Illuminate\\Http\\Middleware\\HandleCors->handle(Object(Illuminate\\Http\\Request), Object(Closure))
#42 D:\\BraineBase - Knowledge base management system\\my-project\\vendor\\laravel\\framework\\src\\Illuminate\\Http\\Middleware\\TrustProxies.php(58): Illuminate\\Pipeline\\Pipeline->Illuminate\\Pipeline\\{closure}(Object(Illuminate\\Http\\Request))
#43 D:\\BraineBase - Knowledge base management system\\my-project\\vendor\\laravel\\framework\\src\\Illuminate\\Pipeline\\Pipeline.php(209): Illuminate\\Http\\Middleware\\TrustProxies->handle(Object(Illuminate\\Http\\Request), Object(Closure))
#44 D:\\BraineBase - Knowledge base management system\\my-project\\vendor\\laravel\\framework\\src\\Illuminate\\Foundation\\Http\\Middleware\\InvokeDeferredCallbacks.php(22): Illuminate\\Pipeline\\Pipeline->Illuminate\\Pipeline\\{closure}(Object(Illuminate\\Http\\Request))
#45 D:\\BraineBase - Knowledge base management system\\my-project\\vendor\\laravel\\framework\\src\\Illuminate\\Pipeline\\Pipeline.php(209): Illuminate\\Foundation\\Http\\Middleware\\InvokeDeferredCallbacks->handle(Object(Illuminate\\Http\\Request), Object(Closure))
#46 D:\\BraineBase - Knowledge base management system\\my-project\\vendor\\laravel\\framework\\src\\Illuminate\\Pipeline\\Pipeline.php(127): Illuminate\\Pipeline\\Pipeline->Illuminate\\Pipeline\\{closure}(Object(Illuminate\\Http\\Request))
#47 D:\\BraineBase - Knowledge base management system\\my-project\\vendor\\laravel\\framework\\src\\Illuminate\\Foundation\\Http\\Kernel.php(176): Illuminate\\Pipeline\\Pipeline->then(Object(Closure))
#48 D:\\BraineBase - Knowledge base management system\\my-project\\vendor\\laravel\\framework\\src\\Illuminate\\Foundation\\Http\\Kernel.php(145): Illuminate\\Foundation\\Http\\Kernel->sendRequestThroughRouter(Object(Illuminate\\Http\\Request))
#49 D:\\BraineBase - Knowledge base management system\\my-project\\vendor\\laravel\\framework\\src\\Illuminate\\Foundation\\Application.php(1220): Illuminate\\Foundation\\Http\\Kernel->handle(Object(Illuminate\\Http\\Request))
#50 D:\\BraineBase - Knowledge base management system\\my-project\\public\\index.php(17): Illuminate\\Foundation\\Application->handleRequest(Object(Illuminate\\Http\\Request))
#51 D:\\BraineBase - Knowledge base management system\\my-project\\vendor\\laravel\\framework\\src\\Illuminate\\Foundation\\resources\\server.php(23): require_once('D:\\\\BraineBase -...')
#52 {main}
"} 
[2025-05-11 13:50:13] local.ERROR: SQLSTATE[HY000]: General error: 1 no such table: personal_access_tokens (Connection: sqlite, SQL: select * from "personal_access_tokens" where "personal_access_tokens"."id" = 1 limit 1) {"exception":"[object] (Illuminate\\Database\\QueryException(code: HY000): SQLSTATE[HY000]: General error: 1 no such table: personal_access_tokens (Connection: sqlite, SQL: select * from \"personal_access_tokens\" where \"personal_access_tokens\".\"id\" = 1 limit 1) at D:\\BraineBase - Knowledge base management system\\my-project\\vendor\\laravel\\framework\\src\\Illuminate\\Database\\Connection.php:825)
[stacktrace]
#0 D:\\BraineBase - Knowledge base management system\\my-project\\vendor\\laravel\\framework\\src\\Illuminate\\Database\\Connection.php(779): Illuminate\\Database\\Connection->runQueryCallback('select * from \"...', Array, Object(Closure))
#1 D:\\BraineBase - Knowledge base management system\\my-project\\vendor\\laravel\\framework\\src\\Illuminate\\Database\\Connection.php(398): Illuminate\\Database\\Connection->run('select * from \"...', Array, Object(Closure))
#2 D:\\BraineBase - Knowledge base management system\\my-project\\vendor\\laravel\\framework\\src\\Illuminate\\Database\\Query\\Builder.php(3106): Illuminate\\Database\\Connection->select('select * from \"...', Array, true)
#3 D:\\BraineBase - Knowledge base management system\\my-project\\vendor\\laravel\\framework\\src\\Illuminate\\Database\\Query\\Builder.php(3091): Illuminate\\Database\\Query\\Builder->runSelect()
#4 D:\\BraineBase - Knowledge base management system\\my-project\\vendor\\laravel\\framework\\src\\Illuminate\\Database\\Query\\Builder.php(3676): Illuminate\\Database\\Query\\Builder->Illuminate\\Database\\Query\\{closure}()
#5 D:\\BraineBase - Knowledge base management system\\my-project\\vendor\\laravel\\framework\\src\\Illuminate\\Database\\Query\\Builder.php(3090): Illuminate\\Database\\Query\\Builder->onceWithColumns(Array, Object(Closure))
#6 D:\\BraineBase - Knowledge base management system\\my-project\\vendor\\laravel\\framework\\src\\Illuminate\\Database\\Eloquent\\Builder.php(811): Illuminate\\Database\\Query\\Builder->get(Array)
#7 D:\\BraineBase - Knowledge base management system\\my-project\\vendor\\laravel\\framework\\src\\Illuminate\\Database\\Eloquent\\Builder.php(793): Illuminate\\Database\\Eloquent\\Builder->getModels(Array)
#8 D:\\BraineBase - Knowledge base management system\\my-project\\vendor\\laravel\\framework\\src\\Illuminate\\Database\\Concerns\\BuildsQueries.php(343): Illuminate\\Database\\Eloquent\\Builder->get(Array)
#9 D:\\BraineBase - Knowledge base management system\\my-project\\vendor\\laravel\\framework\\src\\Illuminate\\Database\\Eloquent\\Builder.php(477): Illuminate\\Database\\Eloquent\\Builder->first(Array)
#10 D:\\BraineBase - Knowledge base management system\\my-project\\vendor\\laravel\\framework\\src\\Illuminate\\Support\\Traits\\ForwardsCalls.php(23): Illuminate\\Database\\Eloquent\\Builder->find('1')
#11 D:\\BraineBase - Knowledge base management system\\my-project\\vendor\\laravel\\framework\\src\\Illuminate\\Database\\Eloquent\\Model.php(2372): Illuminate\\Database\\Eloquent\\Model->forwardCallTo(Object(Illuminate\\Database\\Eloquent\\Builder), 'find', Array)
#12 D:\\BraineBase - Knowledge base management system\\my-project\\vendor\\laravel\\framework\\src\\Illuminate\\Database\\Eloquent\\Model.php(2384): Illuminate\\Database\\Eloquent\\Model->__call('find', Array)
#13 D:\\BraineBase - Knowledge base management system\\my-project\\vendor\\laravel\\sanctum\\src\\PersonalAccessToken.php(66): Illuminate\\Database\\Eloquent\\Model::__callStatic('find', Array)
#14 D:\\BraineBase - Knowledge base management system\\my-project\\vendor\\laravel\\sanctum\\src\\Guard.php(67): Laravel\\Sanctum\\PersonalAccessToken::findToken('sf6ZNnPUIeNkU1d...')
#15 [internal function]: Laravel\\Sanctum\\Guard->__invoke(Object(Illuminate\\Http\\Request), NULL)
#16 D:\\BraineBase - Knowledge base management system\\my-project\\vendor\\laravel\\framework\\src\\Illuminate\\Auth\\RequestGuard.php(57): call_user_func(Object(Laravel\\Sanctum\\Guard), Object(Illuminate\\Http\\Request), NULL)
#17 D:\\BraineBase - Knowledge base management system\\my-project\\vendor\\laravel\\framework\\src\\Illuminate\\Auth\\GuardHelpers.php(56): Illuminate\\Auth\\RequestGuard->user()
#18 D:\\BraineBase - Knowledge base management system\\my-project\\vendor\\laravel\\framework\\src\\Illuminate\\Auth\\Middleware\\Authenticate.php(83): Illuminate\\Auth\\RequestGuard->check()
#19 D:\\BraineBase - Knowledge base management system\\my-project\\vendor\\laravel\\framework\\src\\Illuminate\\Auth\\Middleware\\Authenticate.php(62): Illuminate\\Auth\\Middleware\\Authenticate->authenticate(Object(Illuminate\\Http\\Request), Array)
#20 D:\\BraineBase - Knowledge base management system\\my-project\\vendor\\laravel\\framework\\src\\Illuminate\\Pipeline\\Pipeline.php(209): Illuminate\\Auth\\Middleware\\Authenticate->handle(Object(Illuminate\\Http\\Request), Object(Closure), 'sanctum')
#21 D:\\BraineBase - Knowledge base management system\\my-project\\vendor\\laravel\\framework\\src\\Illuminate\\Pipeline\\Pipeline.php(127): Illuminate\\Pipeline\\Pipeline->Illuminate\\Pipeline\\{closure}(Object(Illuminate\\Http\\Request))
#22 D:\\BraineBase - Knowledge base management system\\my-project\\vendor\\laravel\\framework\\src\\Illuminate\\Routing\\Router.php(807): Illuminate\\Pipeline\\Pipeline->then(Object(Closure))
#23 D:\\BraineBase - Knowledge base management system\\my-project\\vendor\\laravel\\framework\\src\\Illuminate\\Routing\\Router.php(786): Illuminate\\Routing\\Router->runRouteWithinStack(Object(Illuminate\\Routing\\Route), Object(Illuminate\\Http\\Request))
#24 D:\\BraineBase - Knowledge base management system\\my-project\\vendor\\laravel\\framework\\src\\Illuminate\\Routing\\Router.php(750): Illuminate\\Routing\\Router->runRoute(Object(Illuminate\\Http\\Request), Object(Illuminate\\Routing\\Route))
#25 D:\\BraineBase - Knowledge base management system\\my-project\\vendor\\laravel\\framework\\src\\Illuminate\\Routing\\Router.php(739): Illuminate\\Routing\\Router->dispatchToRoute(Object(Illuminate\\Http\\Request))
#26 D:\\BraineBase - Knowledge base management system\\my-project\\vendor\\laravel\\framework\\src\\Illuminate\\Foundation\\Http\\Kernel.php(201): Illuminate\\Routing\\Router->dispatch(Object(Illuminate\\Http\\Request))
#27 D:\\BraineBase - Knowledge base management system\\my-project\\vendor\\laravel\\framework\\src\\Illuminate\\Pipeline\\Pipeline.php(170): Illuminate\\Foundation\\Http\\Kernel->Illuminate\\Foundation\\Http\\{closure}(Object(Illuminate\\Http\\Request))
#28 D:\\BraineBase - Knowledge base management system\\my-project\\vendor\\laravel\\framework\\src\\Illuminate\\Foundation\\Http\\Middleware\\TransformsRequest.php(21): Illuminate\\Pipeline\\Pipeline->Illuminate\\Pipeline\\{closure}(Object(Illuminate\\Http\\Request))
#29 D:\\BraineBase - Knowledge base management system\\my-project\\vendor\\laravel\\framework\\src\\Illuminate\\Foundation\\Http\\Middleware\\ConvertEmptyStringsToNull.php(31): Illuminate\\Foundation\\Http\\Middleware\\TransformsRequest->handle(Object(Illuminate\\Http\\Request), Object(Closure))
#30 D:\\BraineBase - Knowledge base management system\\my-project\\vendor\\laravel\\framework\\src\\Illuminate\\Pipeline\\Pipeline.php(209): Illuminate\\Foundation\\Http\\Middleware\\ConvertEmptyStringsToNull->handle(Object(Illuminate\\Http\\Request), Object(Closure))
#31 D:\\BraineBase - Knowledge base management system\\my-project\\vendor\\laravel\\framework\\src\\Illuminate\\Foundation\\Http\\Middleware\\TransformsRequest.php(21): Illuminate\\Pipeline\\Pipeline->Illuminate\\Pipeline\\{closure}(Object(Illuminate\\Http\\Request))
#32 D:\\BraineBase - Knowledge base management system\\my-project\\vendor\\laravel\\framework\\src\\Illuminate\\Foundation\\Http\\Middleware\\TrimStrings.php(51): Illuminate\\Foundation\\Http\\Middleware\\TransformsRequest->handle(Object(Illuminate\\Http\\Request), Object(Closure))
#33 D:\\BraineBase - Knowledge base management system\\my-project\\vendor\\laravel\\framework\\src\\Illuminate\\Pipeline\\Pipeline.php(209): Illuminate\\Foundation\\Http\\Middleware\\TrimStrings->handle(Object(Illuminate\\Http\\Request), Object(Closure))
#34 D:\\BraineBase - Knowledge base management system\\my-project\\vendor\\laravel\\framework\\src\\Illuminate\\Http\\Middleware\\ValidatePostSize.php(27): Illuminate\\Pipeline\\Pipeline->Illuminate\\Pipeline\\{closure}(Object(Illuminate\\Http\\Request))
#35 D:\\BraineBase - Knowledge base management system\\my-project\\vendor\\laravel\\framework\\src\\Illuminate\\Pipeline\\Pipeline.php(209): Illuminate\\Http\\Middleware\\ValidatePostSize->handle(Object(Illuminate\\Http\\Request), Object(Closure))
#36 D:\\BraineBase - Knowledge base management system\\my-project\\vendor\\laravel\\framework\\src\\Illuminate\\Foundation\\Http\\Middleware\\PreventRequestsDuringMaintenance.php(110): Illuminate\\Pipeline\\Pipeline->Illuminate\\Pipeline\\{closure}(Object(Illuminate\\Http\\Request))
#37 D:\\BraineBase - Knowledge base management system\\my-project\\vendor\\laravel\\framework\\src\\Illuminate\\Pipeline\\Pipeline.php(209): Illuminate\\Foundation\\Http\\Middleware\\PreventRequestsDuringMaintenance->handle(Object(Illuminate\\Http\\Request), Object(Closure))
#38 D:\\BraineBase - Knowledge base management system\\my-project\\vendor\\laravel\\framework\\src\\Illuminate\\Http\\Middleware\\HandleCors.php(62): Illuminate\\Pipeline\\Pipeline->Illuminate\\Pipeline\\{closure}(Object(Illuminate\\Http\\Request))
#39 D:\\BraineBase - Knowledge base management system\\my-project\\vendor\\laravel\\framework\\src\\Illuminate\\Pipeline\\Pipeline.php(209): Illuminate\\Http\\Middleware\\HandleCors->handle(Object(Illuminate\\Http\\Request), Object(Closure))
#40 D:\\BraineBase - Knowledge base management system\\my-project\\vendor\\laravel\\framework\\src\\Illuminate\\Http\\Middleware\\TrustProxies.php(58): Illuminate\\Pipeline\\Pipeline->Illuminate\\Pipeline\\{closure}(Object(Illuminate\\Http\\Request))
#41 D:\\BraineBase - Knowledge base management system\\my-project\\vendor\\laravel\\framework\\src\\Illuminate\\Pipeline\\Pipeline.php(209): Illuminate\\Http\\Middleware\\TrustProxies->handle(Object(Illuminate\\Http\\Request), Object(Closure))
#42 D:\\BraineBase - Knowledge base management system\\my-project\\vendor\\laravel\\framework\\src\\Illuminate\\Foundation\\Http\\Middleware\\InvokeDeferredCallbacks.php(22): Illuminate\\Pipeline\\Pipeline->Illuminate\\Pipeline\\{closure}(Object(Illuminate\\Http\\Request))
#43 D:\\BraineBase - Knowledge base management system\\my-project\\vendor\\laravel\\framework\\src\\Illuminate\\Pipeline\\Pipeline.php(209): Illuminate\\Foundation\\Http\\Middleware\\InvokeDeferredCallbacks->handle(Object(Illuminate\\Http\\Request), Object(Closure))
#44 D:\\BraineBase - Knowledge base management system\\my-project\\vendor\\laravel\\framework\\src\\Illuminate\\Pipeline\\Pipeline.php(127): Illuminate\\Pipeline\\Pipeline->Illuminate\\Pipeline\\{closure}(Object(Illuminate\\Http\\Request))
#45 D:\\BraineBase - Knowledge base management system\\my-project\\vendor\\laravel\\framework\\src\\Illuminate\\Foundation\\Http\\Kernel.php(176): Illuminate\\Pipeline\\Pipeline->then(Object(Closure))
#46 D:\\BraineBase - Knowledge base management system\\my-project\\vendor\\laravel\\framework\\src\\Illuminate\\Foundation\\Http\\Kernel.php(145): Illuminate\\Foundation\\Http\\Kernel->sendRequestThroughRouter(Object(Illuminate\\Http\\Request))
#47 D:\\BraineBase - Knowledge base management system\\my-project\\vendor\\laravel\\framework\\src\\Illuminate\\Foundation\\Application.php(1220): Illuminate\\Foundation\\Http\\Kernel->handle(Object(Illuminate\\Http\\Request))
#48 D:\\BraineBase - Knowledge base management system\\my-project\\public\\index.php(17): Illuminate\\Foundation\\Application->handleRequest(Object(Illuminate\\Http\\Request))
#49 D:\\BraineBase - Knowledge base management system\\my-project\\vendor\\laravel\\framework\\src\\Illuminate\\Foundation\\resources\\server.php(23): require_once('D:\\\\BraineBase -...')
#50 {main}

[previous exception] [object] (PDOException(code: HY000): SQLSTATE[HY000]: General error: 1 no such table: personal_access_tokens at D:\\BraineBase - Knowledge base management system\\my-project\\vendor\\laravel\\framework\\src\\Illuminate\\Database\\Connection.php:407)
[stacktrace]
#0 D:\\BraineBase - Knowledge base management system\\my-project\\vendor\\laravel\\framework\\src\\Illuminate\\Database\\Connection.php(407): PDO->prepare('select * from \"...')
#1 D:\\BraineBase - Knowledge base management system\\my-project\\vendor\\laravel\\framework\\src\\Illuminate\\Database\\Connection.php(812): Illuminate\\Database\\Connection->Illuminate\\Database\\{closure}('select * from \"...', Array)
#2 D:\\BraineBase - Knowledge base management system\\my-project\\vendor\\laravel\\framework\\src\\Illuminate\\Database\\Connection.php(779): Illuminate\\Database\\Connection->runQueryCallback('select * from \"...', Array, Object(Closure))
#3 D:\\BraineBase - Knowledge base management system\\my-project\\vendor\\laravel\\framework\\src\\Illuminate\\Database\\Connection.php(398): Illuminate\\Database\\Connection->run('select * from \"...', Array, Object(Closure))
#4 D:\\BraineBase - Knowledge base management system\\my-project\\vendor\\laravel\\framework\\src\\Illuminate\\Database\\Query\\Builder.php(3106): Illuminate\\Database\\Connection->select('select * from \"...', Array, true)
#5 D:\\BraineBase - Knowledge base management system\\my-project\\vendor\\laravel\\framework\\src\\Illuminate\\Database\\Query\\Builder.php(3091): Illuminate\\Database\\Query\\Builder->runSelect()
#6 D:\\BraineBase - Knowledge base management system\\my-project\\vendor\\laravel\\framework\\src\\Illuminate\\Database\\Query\\Builder.php(3676): Illuminate\\Database\\Query\\Builder->Illuminate\\Database\\Query\\{closure}()
#7 D:\\BraineBase - Knowledge base management system\\my-project\\vendor\\laravel\\framework\\src\\Illuminate\\Database\\Query\\Builder.php(3090): Illuminate\\Database\\Query\\Builder->onceWithColumns(Array, Object(Closure))
#8 D:\\BraineBase - Knowledge base management system\\my-project\\vendor\\laravel\\framework\\src\\Illuminate\\Database\\Eloquent\\Builder.php(811): Illuminate\\Database\\Query\\Builder->get(Array)
#9 D:\\BraineBase - Knowledge base management system\\my-project\\vendor\\laravel\\framework\\src\\Illuminate\\Database\\Eloquent\\Builder.php(793): Illuminate\\Database\\Eloquent\\Builder->getModels(Array)
#10 D:\\BraineBase - Knowledge base management system\\my-project\\vendor\\laravel\\framework\\src\\Illuminate\\Database\\Concerns\\BuildsQueries.php(343): Illuminate\\Database\\Eloquent\\Builder->get(Array)
#11 D:\\BraineBase - Knowledge base management system\\my-project\\vendor\\laravel\\framework\\src\\Illuminate\\Database\\Eloquent\\Builder.php(477): Illuminate\\Database\\Eloquent\\Builder->first(Array)
#12 D:\\BraineBase - Knowledge base management system\\my-project\\vendor\\laravel\\framework\\src\\Illuminate\\Support\\Traits\\ForwardsCalls.php(23): Illuminate\\Database\\Eloquent\\Builder->find('1')
#13 D:\\BraineBase - Knowledge base management system\\my-project\\vendor\\laravel\\framework\\src\\Illuminate\\Database\\Eloquent\\Model.php(2372): Illuminate\\Database\\Eloquent\\Model->forwardCallTo(Object(Illuminate\\Database\\Eloquent\\Builder), 'find', Array)
#14 D:\\BraineBase - Knowledge base management system\\my-project\\vendor\\laravel\\framework\\src\\Illuminate\\Database\\Eloquent\\Model.php(2384): Illuminate\\Database\\Eloquent\\Model->__call('find', Array)
#15 D:\\BraineBase - Knowledge base management system\\my-project\\vendor\\laravel\\sanctum\\src\\PersonalAccessToken.php(66): Illuminate\\Database\\Eloquent\\Model::__callStatic('find', Array)
#16 D:\\BraineBase - Knowledge base management system\\my-project\\vendor\\laravel\\sanctum\\src\\Guard.php(67): Laravel\\Sanctum\\PersonalAccessToken::findToken('sf6ZNnPUIeNkU1d...')
#17 [internal function]: Laravel\\Sanctum\\Guard->__invoke(Object(Illuminate\\Http\\Request), NULL)
#18 D:\\BraineBase - Knowledge base management system\\my-project\\vendor\\laravel\\framework\\src\\Illuminate\\Auth\\RequestGuard.php(57): call_user_func(Object(Laravel\\Sanctum\\Guard), Object(Illuminate\\Http\\Request), NULL)
#19 D:\\BraineBase - Knowledge base management system\\my-project\\vendor\\laravel\\framework\\src\\Illuminate\\Auth\\GuardHelpers.php(56): Illuminate\\Auth\\RequestGuard->user()
#20 D:\\BraineBase - Knowledge base management system\\my-project\\vendor\\laravel\\framework\\src\\Illuminate\\Auth\\Middleware\\Authenticate.php(83): Illuminate\\Auth\\RequestGuard->check()
#21 D:\\BraineBase - Knowledge base management system\\my-project\\vendor\\laravel\\framework\\src\\Illuminate\\Auth\\Middleware\\Authenticate.php(62): Illuminate\\Auth\\Middleware\\Authenticate->authenticate(Object(Illuminate\\Http\\Request), Array)
#22 D:\\BraineBase - Knowledge base management system\\my-project\\vendor\\laravel\\framework\\src\\Illuminate\\Pipeline\\Pipeline.php(209): Illuminate\\Auth\\Middleware\\Authenticate->handle(Object(Illuminate\\Http\\Request), Object(Closure), 'sanctum')
#23 D:\\BraineBase - Knowledge base management system\\my-project\\vendor\\laravel\\framework\\src\\Illuminate\\Pipeline\\Pipeline.php(127): Illuminate\\Pipeline\\Pipeline->Illuminate\\Pipeline\\{closure}(Object(Illuminate\\Http\\Request))
#24 D:\\BraineBase - Knowledge base management system\\my-project\\vendor\\laravel\\framework\\src\\Illuminate\\Routing\\Router.php(807): Illuminate\\Pipeline\\Pipeline->then(Object(Closure))
#25 D:\\BraineBase - Knowledge base management system\\my-project\\vendor\\laravel\\framework\\src\\Illuminate\\Routing\\Router.php(786): Illuminate\\Routing\\Router->runRouteWithinStack(Object(Illuminate\\Routing\\Route), Object(Illuminate\\Http\\Request))
#26 D:\\BraineBase - Knowledge base management system\\my-project\\vendor\\laravel\\framework\\src\\Illuminate\\Routing\\Router.php(750): Illuminate\\Routing\\Router->runRoute(Object(Illuminate\\Http\\Request), Object(Illuminate\\Routing\\Route))
#27 D:\\BraineBase - Knowledge base management system\\my-project\\vendor\\laravel\\framework\\src\\Illuminate\\Routing\\Router.php(739): Illuminate\\Routing\\Router->dispatchToRoute(Object(Illuminate\\Http\\Request))
#28 D:\\BraineBase - Knowledge base management system\\my-project\\vendor\\laravel\\framework\\src\\Illuminate\\Foundation\\Http\\Kernel.php(201): Illuminate\\Routing\\Router->dispatch(Object(Illuminate\\Http\\Request))
#29 D:\\BraineBase - Knowledge base management system\\my-project\\vendor\\laravel\\framework\\src\\Illuminate\\Pipeline\\Pipeline.php(170): Illuminate\\Foundation\\Http\\Kernel->Illuminate\\Foundation\\Http\\{closure}(Object(Illuminate\\Http\\Request))
#30 D:\\BraineBase - Knowledge base management system\\my-project\\vendor\\laravel\\framework\\src\\Illuminate\\Foundation\\Http\\Middleware\\TransformsRequest.php(21): Illuminate\\Pipeline\\Pipeline->Illuminate\\Pipeline\\{closure}(Object(Illuminate\\Http\\Request))
#31 D:\\BraineBase - Knowledge base management system\\my-project\\vendor\\laravel\\framework\\src\\Illuminate\\Foundation\\Http\\Middleware\\ConvertEmptyStringsToNull.php(31): Illuminate\\Foundation\\Http\\Middleware\\TransformsRequest->handle(Object(Illuminate\\Http\\Request), Object(Closure))
#32 D:\\BraineBase - Knowledge base management system\\my-project\\vendor\\laravel\\framework\\src\\Illuminate\\Pipeline\\Pipeline.php(209): Illuminate\\Foundation\\Http\\Middleware\\ConvertEmptyStringsToNull->handle(Object(Illuminate\\Http\\Request), Object(Closure))
#33 D:\\BraineBase - Knowledge base management system\\my-project\\vendor\\laravel\\framework\\src\\Illuminate\\Foundation\\Http\\Middleware\\TransformsRequest.php(21): Illuminate\\Pipeline\\Pipeline->Illuminate\\Pipeline\\{closure}(Object(Illuminate\\Http\\Request))
#34 D:\\BraineBase - Knowledge base management system\\my-project\\vendor\\laravel\\framework\\src\\Illuminate\\Foundation\\Http\\Middleware\\TrimStrings.php(51): Illuminate\\Foundation\\Http\\Middleware\\TransformsRequest->handle(Object(Illuminate\\Http\\Request), Object(Closure))
#35 D:\\BraineBase - Knowledge base management system\\my-project\\vendor\\laravel\\framework\\src\\Illuminate\\Pipeline\\Pipeline.php(209): Illuminate\\Foundation\\Http\\Middleware\\TrimStrings->handle(Object(Illuminate\\Http\\Request), Object(Closure))
#36 D:\\BraineBase - Knowledge base management system\\my-project\\vendor\\laravel\\framework\\src\\Illuminate\\Http\\Middleware\\ValidatePostSize.php(27): Illuminate\\Pipeline\\Pipeline->Illuminate\\Pipeline\\{closure}(Object(Illuminate\\Http\\Request))
#37 D:\\BraineBase - Knowledge base management system\\my-project\\vendor\\laravel\\framework\\src\\Illuminate\\Pipeline\\Pipeline.php(209): Illuminate\\Http\\Middleware\\ValidatePostSize->handle(Object(Illuminate\\Http\\Request), Object(Closure))
#38 D:\\BraineBase - Knowledge base management system\\my-project\\vendor\\laravel\\framework\\src\\Illuminate\\Foundation\\Http\\Middleware\\PreventRequestsDuringMaintenance.php(110): Illuminate\\Pipeline\\Pipeline->Illuminate\\Pipeline\\{closure}(Object(Illuminate\\Http\\Request))
#39 D:\\BraineBase - Knowledge base management system\\my-project\\vendor\\laravel\\framework\\src\\Illuminate\\Pipeline\\Pipeline.php(209): Illuminate\\Foundation\\Http\\Middleware\\PreventRequestsDuringMaintenance->handle(Object(Illuminate\\Http\\Request), Object(Closure))
#40 D:\\BraineBase - Knowledge base management system\\my-project\\vendor\\laravel\\framework\\src\\Illuminate\\Http\\Middleware\\HandleCors.php(62): Illuminate\\Pipeline\\Pipeline->Illuminate\\Pipeline\\{closure}(Object(Illuminate\\Http\\Request))
#41 D:\\BraineBase - Knowledge base management system\\my-project\\vendor\\laravel\\framework\\src\\Illuminate\\Pipeline\\Pipeline.php(209): Illuminate\\Http\\Middleware\\HandleCors->handle(Object(Illuminate\\Http\\Request), Object(Closure))
#42 D:\\BraineBase - Knowledge base management system\\my-project\\vendor\\laravel\\framework\\src\\Illuminate\\Http\\Middleware\\TrustProxies.php(58): Illuminate\\Pipeline\\Pipeline->Illuminate\\Pipeline\\{closure}(Object(Illuminate\\Http\\Request))
#43 D:\\BraineBase - Knowledge base management system\\my-project\\vendor\\laravel\\framework\\src\\Illuminate\\Pipeline\\Pipeline.php(209): Illuminate\\Http\\Middleware\\TrustProxies->handle(Object(Illuminate\\Http\\Request), Object(Closure))
#44 D:\\BraineBase - Knowledge base management system\\my-project\\vendor\\laravel\\framework\\src\\Illuminate\\Foundation\\Http\\Middleware\\InvokeDeferredCallbacks.php(22): Illuminate\\Pipeline\\Pipeline->Illuminate\\Pipeline\\{closure}(Object(Illuminate\\Http\\Request))
#45 D:\\BraineBase - Knowledge base management system\\my-project\\vendor\\laravel\\framework\\src\\Illuminate\\Pipeline\\Pipeline.php(209): Illuminate\\Foundation\\Http\\Middleware\\InvokeDeferredCallbacks->handle(Object(Illuminate\\Http\\Request), Object(Closure))
#46 D:\\BraineBase - Knowledge base management system\\my-project\\vendor\\laravel\\framework\\src\\Illuminate\\Pipeline\\Pipeline.php(127): Illuminate\\Pipeline\\Pipeline->Illuminate\\Pipeline\\{closure}(Object(Illuminate\\Http\\Request))
#47 D:\\BraineBase - Knowledge base management system\\my-project\\vendor\\laravel\\framework\\src\\Illuminate\\Foundation\\Http\\Kernel.php(176): Illuminate\\Pipeline\\Pipeline->then(Object(Closure))
#48 D:\\BraineBase - Knowledge base management system\\my-project\\vendor\\laravel\\framework\\src\\Illuminate\\Foundation\\Http\\Kernel.php(145): Illuminate\\Foundation\\Http\\Kernel->sendRequestThroughRouter(Object(Illuminate\\Http\\Request))
#49 D:\\BraineBase - Knowledge base management system\\my-project\\vendor\\laravel\\framework\\src\\Illuminate\\Foundation\\Application.php(1220): Illuminate\\Foundation\\Http\\Kernel->handle(Object(Illuminate\\Http\\Request))
#50 D:\\BraineBase - Knowledge base management system\\my-project\\public\\index.php(17): Illuminate\\Foundation\\Application->handleRequest(Object(Illuminate\\Http\\Request))
#51 D:\\BraineBase - Knowledge base management system\\my-project\\vendor\\laravel\\framework\\src\\Illuminate\\Foundation\\resources\\server.php(23): require_once('D:\\\\BraineBase -...')
#52 {main}
"} 
[2025-05-11 13:50:39] local.ERROR: SQLSTATE[HY000]: General error: 1 no such table: personal_access_tokens (Connection: sqlite, SQL: select * from "personal_access_tokens" where "personal_access_tokens"."id" = 1 limit 1) {"exception":"[object] (Illuminate\\Database\\QueryException(code: HY000): SQLSTATE[HY000]: General error: 1 no such table: personal_access_tokens (Connection: sqlite, SQL: select * from \"personal_access_tokens\" where \"personal_access_tokens\".\"id\" = 1 limit 1) at D:\\BraineBase - Knowledge base management system\\my-project\\vendor\\laravel\\framework\\src\\Illuminate\\Database\\Connection.php:825)
[stacktrace]
#0 D:\\BraineBase - Knowledge base management system\\my-project\\vendor\\laravel\\framework\\src\\Illuminate\\Database\\Connection.php(779): Illuminate\\Database\\Connection->runQueryCallback('select * from \"...', Array, Object(Closure))
#1 D:\\BraineBase - Knowledge base management system\\my-project\\vendor\\laravel\\framework\\src\\Illuminate\\Database\\Connection.php(398): Illuminate\\Database\\Connection->run('select * from \"...', Array, Object(Closure))
#2 D:\\BraineBase - Knowledge base management system\\my-project\\vendor\\laravel\\framework\\src\\Illuminate\\Database\\Query\\Builder.php(3106): Illuminate\\Database\\Connection->select('select * from \"...', Array, true)
#3 D:\\BraineBase - Knowledge base management system\\my-project\\vendor\\laravel\\framework\\src\\Illuminate\\Database\\Query\\Builder.php(3091): Illuminate\\Database\\Query\\Builder->runSelect()
#4 D:\\BraineBase - Knowledge base management system\\my-project\\vendor\\laravel\\framework\\src\\Illuminate\\Database\\Query\\Builder.php(3676): Illuminate\\Database\\Query\\Builder->Illuminate\\Database\\Query\\{closure}()
#5 D:\\BraineBase - Knowledge base management system\\my-project\\vendor\\laravel\\framework\\src\\Illuminate\\Database\\Query\\Builder.php(3090): Illuminate\\Database\\Query\\Builder->onceWithColumns(Array, Object(Closure))
#6 D:\\BraineBase - Knowledge base management system\\my-project\\vendor\\laravel\\framework\\src\\Illuminate\\Database\\Eloquent\\Builder.php(811): Illuminate\\Database\\Query\\Builder->get(Array)
#7 D:\\BraineBase - Knowledge base management system\\my-project\\vendor\\laravel\\framework\\src\\Illuminate\\Database\\Eloquent\\Builder.php(793): Illuminate\\Database\\Eloquent\\Builder->getModels(Array)
#8 D:\\BraineBase - Knowledge base management system\\my-project\\vendor\\laravel\\framework\\src\\Illuminate\\Database\\Concerns\\BuildsQueries.php(343): Illuminate\\Database\\Eloquent\\Builder->get(Array)
#9 D:\\BraineBase - Knowledge base management system\\my-project\\vendor\\laravel\\framework\\src\\Illuminate\\Database\\Eloquent\\Builder.php(477): Illuminate\\Database\\Eloquent\\Builder->first(Array)
#10 D:\\BraineBase - Knowledge base management system\\my-project\\vendor\\laravel\\framework\\src\\Illuminate\\Support\\Traits\\ForwardsCalls.php(23): Illuminate\\Database\\Eloquent\\Builder->find('1')
#11 D:\\BraineBase - Knowledge base management system\\my-project\\vendor\\laravel\\framework\\src\\Illuminate\\Database\\Eloquent\\Model.php(2372): Illuminate\\Database\\Eloquent\\Model->forwardCallTo(Object(Illuminate\\Database\\Eloquent\\Builder), 'find', Array)
#12 D:\\BraineBase - Knowledge base management system\\my-project\\vendor\\laravel\\framework\\src\\Illuminate\\Database\\Eloquent\\Model.php(2384): Illuminate\\Database\\Eloquent\\Model->__call('find', Array)
#13 D:\\BraineBase - Knowledge base management system\\my-project\\vendor\\laravel\\sanctum\\src\\PersonalAccessToken.php(66): Illuminate\\Database\\Eloquent\\Model::__callStatic('find', Array)
#14 D:\\BraineBase - Knowledge base management system\\my-project\\vendor\\laravel\\sanctum\\src\\Guard.php(67): Laravel\\Sanctum\\PersonalAccessToken::findToken('sf6ZNnPUIeNkU1d...')
#15 [internal function]: Laravel\\Sanctum\\Guard->__invoke(Object(Illuminate\\Http\\Request), NULL)
#16 D:\\BraineBase - Knowledge base management system\\my-project\\vendor\\laravel\\framework\\src\\Illuminate\\Auth\\RequestGuard.php(57): call_user_func(Object(Laravel\\Sanctum\\Guard), Object(Illuminate\\Http\\Request), NULL)
#17 D:\\BraineBase - Knowledge base management system\\my-project\\vendor\\laravel\\framework\\src\\Illuminate\\Auth\\GuardHelpers.php(56): Illuminate\\Auth\\RequestGuard->user()
#18 D:\\BraineBase - Knowledge base management system\\my-project\\vendor\\laravel\\framework\\src\\Illuminate\\Auth\\Middleware\\Authenticate.php(83): Illuminate\\Auth\\RequestGuard->check()
#19 D:\\BraineBase - Knowledge base management system\\my-project\\vendor\\laravel\\framework\\src\\Illuminate\\Auth\\Middleware\\Authenticate.php(62): Illuminate\\Auth\\Middleware\\Authenticate->authenticate(Object(Illuminate\\Http\\Request), Array)
#20 D:\\BraineBase - Knowledge base management system\\my-project\\vendor\\laravel\\framework\\src\\Illuminate\\Pipeline\\Pipeline.php(209): Illuminate\\Auth\\Middleware\\Authenticate->handle(Object(Illuminate\\Http\\Request), Object(Closure), 'sanctum')
#21 D:\\BraineBase - Knowledge base management system\\my-project\\vendor\\laravel\\framework\\src\\Illuminate\\Pipeline\\Pipeline.php(127): Illuminate\\Pipeline\\Pipeline->Illuminate\\Pipeline\\{closure}(Object(Illuminate\\Http\\Request))
#22 D:\\BraineBase - Knowledge base management system\\my-project\\vendor\\laravel\\framework\\src\\Illuminate\\Routing\\Router.php(807): Illuminate\\Pipeline\\Pipeline->then(Object(Closure))
#23 D:\\BraineBase - Knowledge base management system\\my-project\\vendor\\laravel\\framework\\src\\Illuminate\\Routing\\Router.php(786): Illuminate\\Routing\\Router->runRouteWithinStack(Object(Illuminate\\Routing\\Route), Object(Illuminate\\Http\\Request))
#24 D:\\BraineBase - Knowledge base management system\\my-project\\vendor\\laravel\\framework\\src\\Illuminate\\Routing\\Router.php(750): Illuminate\\Routing\\Router->runRoute(Object(Illuminate\\Http\\Request), Object(Illuminate\\Routing\\Route))
#25 D:\\BraineBase - Knowledge base management system\\my-project\\vendor\\laravel\\framework\\src\\Illuminate\\Routing\\Router.php(739): Illuminate\\Routing\\Router->dispatchToRoute(Object(Illuminate\\Http\\Request))
#26 D:\\BraineBase - Knowledge base management system\\my-project\\vendor\\laravel\\framework\\src\\Illuminate\\Foundation\\Http\\Kernel.php(201): Illuminate\\Routing\\Router->dispatch(Object(Illuminate\\Http\\Request))
#27 D:\\BraineBase - Knowledge base management system\\my-project\\vendor\\laravel\\framework\\src\\Illuminate\\Pipeline\\Pipeline.php(170): Illuminate\\Foundation\\Http\\Kernel->Illuminate\\Foundation\\Http\\{closure}(Object(Illuminate\\Http\\Request))
#28 D:\\BraineBase - Knowledge base management system\\my-project\\vendor\\laravel\\framework\\src\\Illuminate\\Foundation\\Http\\Middleware\\TransformsRequest.php(21): Illuminate\\Pipeline\\Pipeline->Illuminate\\Pipeline\\{closure}(Object(Illuminate\\Http\\Request))
#29 D:\\BraineBase - Knowledge base management system\\my-project\\vendor\\laravel\\framework\\src\\Illuminate\\Foundation\\Http\\Middleware\\ConvertEmptyStringsToNull.php(31): Illuminate\\Foundation\\Http\\Middleware\\TransformsRequest->handle(Object(Illuminate\\Http\\Request), Object(Closure))
#30 D:\\BraineBase - Knowledge base management system\\my-project\\vendor\\laravel\\framework\\src\\Illuminate\\Pipeline\\Pipeline.php(209): Illuminate\\Foundation\\Http\\Middleware\\ConvertEmptyStringsToNull->handle(Object(Illuminate\\Http\\Request), Object(Closure))
#31 D:\\BraineBase - Knowledge base management system\\my-project\\vendor\\laravel\\framework\\src\\Illuminate\\Foundation\\Http\\Middleware\\TransformsRequest.php(21): Illuminate\\Pipeline\\Pipeline->Illuminate\\Pipeline\\{closure}(Object(Illuminate\\Http\\Request))
#32 D:\\BraineBase - Knowledge base management system\\my-project\\vendor\\laravel\\framework\\src\\Illuminate\\Foundation\\Http\\Middleware\\TrimStrings.php(51): Illuminate\\Foundation\\Http\\Middleware\\TransformsRequest->handle(Object(Illuminate\\Http\\Request), Object(Closure))
#33 D:\\BraineBase - Knowledge base management system\\my-project\\vendor\\laravel\\framework\\src\\Illuminate\\Pipeline\\Pipeline.php(209): Illuminate\\Foundation\\Http\\Middleware\\TrimStrings->handle(Object(Illuminate\\Http\\Request), Object(Closure))
#34 D:\\BraineBase - Knowledge base management system\\my-project\\vendor\\laravel\\framework\\src\\Illuminate\\Http\\Middleware\\ValidatePostSize.php(27): Illuminate\\Pipeline\\Pipeline->Illuminate\\Pipeline\\{closure}(Object(Illuminate\\Http\\Request))
#35 D:\\BraineBase - Knowledge base management system\\my-project\\vendor\\laravel\\framework\\src\\Illuminate\\Pipeline\\Pipeline.php(209): Illuminate\\Http\\Middleware\\ValidatePostSize->handle(Object(Illuminate\\Http\\Request), Object(Closure))
#36 D:\\BraineBase - Knowledge base management system\\my-project\\vendor\\laravel\\framework\\src\\Illuminate\\Foundation\\Http\\Middleware\\PreventRequestsDuringMaintenance.php(110): Illuminate\\Pipeline\\Pipeline->Illuminate\\Pipeline\\{closure}(Object(Illuminate\\Http\\Request))
#37 D:\\BraineBase - Knowledge base management system\\my-project\\vendor\\laravel\\framework\\src\\Illuminate\\Pipeline\\Pipeline.php(209): Illuminate\\Foundation\\Http\\Middleware\\PreventRequestsDuringMaintenance->handle(Object(Illuminate\\Http\\Request), Object(Closure))
#38 D:\\BraineBase - Knowledge base management system\\my-project\\vendor\\laravel\\framework\\src\\Illuminate\\Http\\Middleware\\HandleCors.php(62): Illuminate\\Pipeline\\Pipeline->Illuminate\\Pipeline\\{closure}(Object(Illuminate\\Http\\Request))
#39 D:\\BraineBase - Knowledge base management system\\my-project\\vendor\\laravel\\framework\\src\\Illuminate\\Pipeline\\Pipeline.php(209): Illuminate\\Http\\Middleware\\HandleCors->handle(Object(Illuminate\\Http\\Request), Object(Closure))
#40 D:\\BraineBase - Knowledge base management system\\my-project\\vendor\\laravel\\framework\\src\\Illuminate\\Http\\Middleware\\TrustProxies.php(58): Illuminate\\Pipeline\\Pipeline->Illuminate\\Pipeline\\{closure}(Object(Illuminate\\Http\\Request))
#41 D:\\BraineBase - Knowledge base management system\\my-project\\vendor\\laravel\\framework\\src\\Illuminate\\Pipeline\\Pipeline.php(209): Illuminate\\Http\\Middleware\\TrustProxies->handle(Object(Illuminate\\Http\\Request), Object(Closure))
#42 D:\\BraineBase - Knowledge base management system\\my-project\\vendor\\laravel\\framework\\src\\Illuminate\\Foundation\\Http\\Middleware\\InvokeDeferredCallbacks.php(22): Illuminate\\Pipeline\\Pipeline->Illuminate\\Pipeline\\{closure}(Object(Illuminate\\Http\\Request))
#43 D:\\BraineBase - Knowledge base management system\\my-project\\vendor\\laravel\\framework\\src\\Illuminate\\Pipeline\\Pipeline.php(209): Illuminate\\Foundation\\Http\\Middleware\\InvokeDeferredCallbacks->handle(Object(Illuminate\\Http\\Request), Object(Closure))
#44 D:\\BraineBase - Knowledge base management system\\my-project\\vendor\\laravel\\framework\\src\\Illuminate\\Pipeline\\Pipeline.php(127): Illuminate\\Pipeline\\Pipeline->Illuminate\\Pipeline\\{closure}(Object(Illuminate\\Http\\Request))
#45 D:\\BraineBase - Knowledge base management system\\my-project\\vendor\\laravel\\framework\\src\\Illuminate\\Foundation\\Http\\Kernel.php(176): Illuminate\\Pipeline\\Pipeline->then(Object(Closure))
#46 D:\\BraineBase - Knowledge base management system\\my-project\\vendor\\laravel\\framework\\src\\Illuminate\\Foundation\\Http\\Kernel.php(145): Illuminate\\Foundation\\Http\\Kernel->sendRequestThroughRouter(Object(Illuminate\\Http\\Request))
#47 D:\\BraineBase - Knowledge base management system\\my-project\\vendor\\laravel\\framework\\src\\Illuminate\\Foundation\\Application.php(1220): Illuminate\\Foundation\\Http\\Kernel->handle(Object(Illuminate\\Http\\Request))
#48 D:\\BraineBase - Knowledge base management system\\my-project\\public\\index.php(17): Illuminate\\Foundation\\Application->handleRequest(Object(Illuminate\\Http\\Request))
#49 D:\\BraineBase - Knowledge base management system\\my-project\\vendor\\laravel\\framework\\src\\Illuminate\\Foundation\\resources\\server.php(23): require_once('D:\\\\BraineBase -...')
#50 {main}

[previous exception] [object] (PDOException(code: HY000): SQLSTATE[HY000]: General error: 1 no such table: personal_access_tokens at D:\\BraineBase - Knowledge base management system\\my-project\\vendor\\laravel\\framework\\src\\Illuminate\\Database\\Connection.php:407)
[stacktrace]
#0 D:\\BraineBase - Knowledge base management system\\my-project\\vendor\\laravel\\framework\\src\\Illuminate\\Database\\Connection.php(407): PDO->prepare('select * from \"...')
#1 D:\\BraineBase - Knowledge base management system\\my-project\\vendor\\laravel\\framework\\src\\Illuminate\\Database\\Connection.php(812): Illuminate\\Database\\Connection->Illuminate\\Database\\{closure}('select * from \"...', Array)
#2 D:\\BraineBase - Knowledge base management system\\my-project\\vendor\\laravel\\framework\\src\\Illuminate\\Database\\Connection.php(779): Illuminate\\Database\\Connection->runQueryCallback('select * from \"...', Array, Object(Closure))
#3 D:\\BraineBase - Knowledge base management system\\my-project\\vendor\\laravel\\framework\\src\\Illuminate\\Database\\Connection.php(398): Illuminate\\Database\\Connection->run('select * from \"...', Array, Object(Closure))
#4 D:\\BraineBase - Knowledge base management system\\my-project\\vendor\\laravel\\framework\\src\\Illuminate\\Database\\Query\\Builder.php(3106): Illuminate\\Database\\Connection->select('select * from \"...', Array, true)
#5 D:\\BraineBase - Knowledge base management system\\my-project\\vendor\\laravel\\framework\\src\\Illuminate\\Database\\Query\\Builder.php(3091): Illuminate\\Database\\Query\\Builder->runSelect()
#6 D:\\BraineBase - Knowledge base management system\\my-project\\vendor\\laravel\\framework\\src\\Illuminate\\Database\\Query\\Builder.php(3676): Illuminate\\Database\\Query\\Builder->Illuminate\\Database\\Query\\{closure}()
#7 D:\\BraineBase - Knowledge base management system\\my-project\\vendor\\laravel\\framework\\src\\Illuminate\\Database\\Query\\Builder.php(3090): Illuminate\\Database\\Query\\Builder->onceWithColumns(Array, Object(Closure))
#8 D:\\BraineBase - Knowledge base management system\\my-project\\vendor\\laravel\\framework\\src\\Illuminate\\Database\\Eloquent\\Builder.php(811): Illuminate\\Database\\Query\\Builder->get(Array)
#9 D:\\BraineBase - Knowledge base management system\\my-project\\vendor\\laravel\\framework\\src\\Illuminate\\Database\\Eloquent\\Builder.php(793): Illuminate\\Database\\Eloquent\\Builder->getModels(Array)
#10 D:\\BraineBase - Knowledge base management system\\my-project\\vendor\\laravel\\framework\\src\\Illuminate\\Database\\Concerns\\BuildsQueries.php(343): Illuminate\\Database\\Eloquent\\Builder->get(Array)
#11 D:\\BraineBase - Knowledge base management system\\my-project\\vendor\\laravel\\framework\\src\\Illuminate\\Database\\Eloquent\\Builder.php(477): Illuminate\\Database\\Eloquent\\Builder->first(Array)
#12 D:\\BraineBase - Knowledge base management system\\my-project\\vendor\\laravel\\framework\\src\\Illuminate\\Support\\Traits\\ForwardsCalls.php(23): Illuminate\\Database\\Eloquent\\Builder->find('1')
#13 D:\\BraineBase - Knowledge base management system\\my-project\\vendor\\laravel\\framework\\src\\Illuminate\\Database\\Eloquent\\Model.php(2372): Illuminate\\Database\\Eloquent\\Model->forwardCallTo(Object(Illuminate\\Database\\Eloquent\\Builder), 'find', Array)
#14 D:\\BraineBase - Knowledge base management system\\my-project\\vendor\\laravel\\framework\\src\\Illuminate\\Database\\Eloquent\\Model.php(2384): Illuminate\\Database\\Eloquent\\Model->__call('find', Array)
#15 D:\\BraineBase - Knowledge base management system\\my-project\\vendor\\laravel\\sanctum\\src\\PersonalAccessToken.php(66): Illuminate\\Database\\Eloquent\\Model::__callStatic('find', Array)
#16 D:\\BraineBase - Knowledge base management system\\my-project\\vendor\\laravel\\sanctum\\src\\Guard.php(67): Laravel\\Sanctum\\PersonalAccessToken::findToken('sf6ZNnPUIeNkU1d...')
#17 [internal function]: Laravel\\Sanctum\\Guard->__invoke(Object(Illuminate\\Http\\Request), NULL)
#18 D:\\BraineBase - Knowledge base management system\\my-project\\vendor\\laravel\\framework\\src\\Illuminate\\Auth\\RequestGuard.php(57): call_user_func(Object(Laravel\\Sanctum\\Guard), Object(Illuminate\\Http\\Request), NULL)
#19 D:\\BraineBase - Knowledge base management system\\my-project\\vendor\\laravel\\framework\\src\\Illuminate\\Auth\\GuardHelpers.php(56): Illuminate\\Auth\\RequestGuard->user()
#20 D:\\BraineBase - Knowledge base management system\\my-project\\vendor\\laravel\\framework\\src\\Illuminate\\Auth\\Middleware\\Authenticate.php(83): Illuminate\\Auth\\RequestGuard->check()
#21 D:\\BraineBase - Knowledge base management system\\my-project\\vendor\\laravel\\framework\\src\\Illuminate\\Auth\\Middleware\\Authenticate.php(62): Illuminate\\Auth\\Middleware\\Authenticate->authenticate(Object(Illuminate\\Http\\Request), Array)
#22 D:\\BraineBase - Knowledge base management system\\my-project\\vendor\\laravel\\framework\\src\\Illuminate\\Pipeline\\Pipeline.php(209): Illuminate\\Auth\\Middleware\\Authenticate->handle(Object(Illuminate\\Http\\Request), Object(Closure), 'sanctum')
#23 D:\\BraineBase - Knowledge base management system\\my-project\\vendor\\laravel\\framework\\src\\Illuminate\\Pipeline\\Pipeline.php(127): Illuminate\\Pipeline\\Pipeline->Illuminate\\Pipeline\\{closure}(Object(Illuminate\\Http\\Request))
#24 D:\\BraineBase - Knowledge base management system\\my-project\\vendor\\laravel\\framework\\src\\Illuminate\\Routing\\Router.php(807): Illuminate\\Pipeline\\Pipeline->then(Object(Closure))
#25 D:\\BraineBase - Knowledge base management system\\my-project\\vendor\\laravel\\framework\\src\\Illuminate\\Routing\\Router.php(786): Illuminate\\Routing\\Router->runRouteWithinStack(Object(Illuminate\\Routing\\Route), Object(Illuminate\\Http\\Request))
#26 D:\\BraineBase - Knowledge base management system\\my-project\\vendor\\laravel\\framework\\src\\Illuminate\\Routing\\Router.php(750): Illuminate\\Routing\\Router->runRoute(Object(Illuminate\\Http\\Request), Object(Illuminate\\Routing\\Route))
#27 D:\\BraineBase - Knowledge base management system\\my-project\\vendor\\laravel\\framework\\src\\Illuminate\\Routing\\Router.php(739): Illuminate\\Routing\\Router->dispatchToRoute(Object(Illuminate\\Http\\Request))
#28 D:\\BraineBase - Knowledge base management system\\my-project\\vendor\\laravel\\framework\\src\\Illuminate\\Foundation\\Http\\Kernel.php(201): Illuminate\\Routing\\Router->dispatch(Object(Illuminate\\Http\\Request))
#29 D:\\BraineBase - Knowledge base management system\\my-project\\vendor\\laravel\\framework\\src\\Illuminate\\Pipeline\\Pipeline.php(170): Illuminate\\Foundation\\Http\\Kernel->Illuminate\\Foundation\\Http\\{closure}(Object(Illuminate\\Http\\Request))
#30 D:\\BraineBase - Knowledge base management system\\my-project\\vendor\\laravel\\framework\\src\\Illuminate\\Foundation\\Http\\Middleware\\TransformsRequest.php(21): Illuminate\\Pipeline\\Pipeline->Illuminate\\Pipeline\\{closure}(Object(Illuminate\\Http\\Request))
#31 D:\\BraineBase - Knowledge base management system\\my-project\\vendor\\laravel\\framework\\src\\Illuminate\\Foundation\\Http\\Middleware\\ConvertEmptyStringsToNull.php(31): Illuminate\\Foundation\\Http\\Middleware\\TransformsRequest->handle(Object(Illuminate\\Http\\Request), Object(Closure))
#32 D:\\BraineBase - Knowledge base management system\\my-project\\vendor\\laravel\\framework\\src\\Illuminate\\Pipeline\\Pipeline.php(209): Illuminate\\Foundation\\Http\\Middleware\\ConvertEmptyStringsToNull->handle(Object(Illuminate\\Http\\Request), Object(Closure))
#33 D:\\BraineBase - Knowledge base management system\\my-project\\vendor\\laravel\\framework\\src\\Illuminate\\Foundation\\Http\\Middleware\\TransformsRequest.php(21): Illuminate\\Pipeline\\Pipeline->Illuminate\\Pipeline\\{closure}(Object(Illuminate\\Http\\Request))
#34 D:\\BraineBase - Knowledge base management system\\my-project\\vendor\\laravel\\framework\\src\\Illuminate\\Foundation\\Http\\Middleware\\TrimStrings.php(51): Illuminate\\Foundation\\Http\\Middleware\\TransformsRequest->handle(Object(Illuminate\\Http\\Request), Object(Closure))
#35 D:\\BraineBase - Knowledge base management system\\my-project\\vendor\\laravel\\framework\\src\\Illuminate\\Pipeline\\Pipeline.php(209): Illuminate\\Foundation\\Http\\Middleware\\TrimStrings->handle(Object(Illuminate\\Http\\Request), Object(Closure))
#36 D:\\BraineBase - Knowledge base management system\\my-project\\vendor\\laravel\\framework\\src\\Illuminate\\Http\\Middleware\\ValidatePostSize.php(27): Illuminate\\Pipeline\\Pipeline->Illuminate\\Pipeline\\{closure}(Object(Illuminate\\Http\\Request))
#37 D:\\BraineBase - Knowledge base management system\\my-project\\vendor\\laravel\\framework\\src\\Illuminate\\Pipeline\\Pipeline.php(209): Illuminate\\Http\\Middleware\\ValidatePostSize->handle(Object(Illuminate\\Http\\Request), Object(Closure))
#38 D:\\BraineBase - Knowledge base management system\\my-project\\vendor\\laravel\\framework\\src\\Illuminate\\Foundation\\Http\\Middleware\\PreventRequestsDuringMaintenance.php(110): Illuminate\\Pipeline\\Pipeline->Illuminate\\Pipeline\\{closure}(Object(Illuminate\\Http\\Request))
#39 D:\\BraineBase - Knowledge base management system\\my-project\\vendor\\laravel\\framework\\src\\Illuminate\\Pipeline\\Pipeline.php(209): Illuminate\\Foundation\\Http\\Middleware\\PreventRequestsDuringMaintenance->handle(Object(Illuminate\\Http\\Request), Object(Closure))
#40 D:\\BraineBase - Knowledge base management system\\my-project\\vendor\\laravel\\framework\\src\\Illuminate\\Http\\Middleware\\HandleCors.php(62): Illuminate\\Pipeline\\Pipeline->Illuminate\\Pipeline\\{closure}(Object(Illuminate\\Http\\Request))
#41 D:\\BraineBase - Knowledge base management system\\my-project\\vendor\\laravel\\framework\\src\\Illuminate\\Pipeline\\Pipeline.php(209): Illuminate\\Http\\Middleware\\HandleCors->handle(Object(Illuminate\\Http\\Request), Object(Closure))
#42 D:\\BraineBase - Knowledge base management system\\my-project\\vendor\\laravel\\framework\\src\\Illuminate\\Http\\Middleware\\TrustProxies.php(58): Illuminate\\Pipeline\\Pipeline->Illuminate\\Pipeline\\{closure}(Object(Illuminate\\Http\\Request))
#43 D:\\BraineBase - Knowledge base management system\\my-project\\vendor\\laravel\\framework\\src\\Illuminate\\Pipeline\\Pipeline.php(209): Illuminate\\Http\\Middleware\\TrustProxies->handle(Object(Illuminate\\Http\\Request), Object(Closure))
#44 D:\\BraineBase - Knowledge base management system\\my-project\\vendor\\laravel\\framework\\src\\Illuminate\\Foundation\\Http\\Middleware\\InvokeDeferredCallbacks.php(22): Illuminate\\Pipeline\\Pipeline->Illuminate\\Pipeline\\{closure}(Object(Illuminate\\Http\\Request))
#45 D:\\BraineBase - Knowledge base management system\\my-project\\vendor\\laravel\\framework\\src\\Illuminate\\Pipeline\\Pipeline.php(209): Illuminate\\Foundation\\Http\\Middleware\\InvokeDeferredCallbacks->handle(Object(Illuminate\\Http\\Request), Object(Closure))
#46 D:\\BraineBase - Knowledge base management system\\my-project\\vendor\\laravel\\framework\\src\\Illuminate\\Pipeline\\Pipeline.php(127): Illuminate\\Pipeline\\Pipeline->Illuminate\\Pipeline\\{closure}(Object(Illuminate\\Http\\Request))
#47 D:\\BraineBase - Knowledge base management system\\my-project\\vendor\\laravel\\framework\\src\\Illuminate\\Foundation\\Http\\Kernel.php(176): Illuminate\\Pipeline\\Pipeline->then(Object(Closure))
#48 D:\\BraineBase - Knowledge base management system\\my-project\\vendor\\laravel\\framework\\src\\Illuminate\\Foundation\\Http\\Kernel.php(145): Illuminate\\Foundation\\Http\\Kernel->sendRequestThroughRouter(Object(Illuminate\\Http\\Request))
#49 D:\\BraineBase - Knowledge base management system\\my-project\\vendor\\laravel\\framework\\src\\Illuminate\\Foundation\\Application.php(1220): Illuminate\\Foundation\\Http\\Kernel->handle(Object(Illuminate\\Http\\Request))
#50 D:\\BraineBase - Knowledge base management system\\my-project\\public\\index.php(17): Illuminate\\Foundation\\Application->handleRequest(Object(Illuminate\\Http\\Request))
#51 D:\\BraineBase - Knowledge base management system\\my-project\\vendor\\laravel\\framework\\src\\Illuminate\\Foundation\\resources\\server.php(23): require_once('D:\\\\BraineBase -...')
#52 {main}
"} 
[2025-05-11 13:50:40] local.ERROR: SQLSTATE[HY000]: General error: 1 no such table: personal_access_tokens (Connection: sqlite, SQL: select * from "personal_access_tokens" where "personal_access_tokens"."id" = 1 limit 1) {"exception":"[object] (Illuminate\\Database\\QueryException(code: HY000): SQLSTATE[HY000]: General error: 1 no such table: personal_access_tokens (Connection: sqlite, SQL: select * from \"personal_access_tokens\" where \"personal_access_tokens\".\"id\" = 1 limit 1) at D:\\BraineBase - Knowledge base management system\\my-project\\vendor\\laravel\\framework\\src\\Illuminate\\Database\\Connection.php:825)
[stacktrace]
#0 D:\\BraineBase - Knowledge base management system\\my-project\\vendor\\laravel\\framework\\src\\Illuminate\\Database\\Connection.php(779): Illuminate\\Database\\Connection->runQueryCallback('select * from \"...', Array, Object(Closure))
#1 D:\\BraineBase - Knowledge base management system\\my-project\\vendor\\laravel\\framework\\src\\Illuminate\\Database\\Connection.php(398): Illuminate\\Database\\Connection->run('select * from \"...', Array, Object(Closure))
#2 D:\\BraineBase - Knowledge base management system\\my-project\\vendor\\laravel\\framework\\src\\Illuminate\\Database\\Query\\Builder.php(3106): Illuminate\\Database\\Connection->select('select * from \"...', Array, true)
#3 D:\\BraineBase - Knowledge base management system\\my-project\\vendor\\laravel\\framework\\src\\Illuminate\\Database\\Query\\Builder.php(3091): Illuminate\\Database\\Query\\Builder->runSelect()
#4 D:\\BraineBase - Knowledge base management system\\my-project\\vendor\\laravel\\framework\\src\\Illuminate\\Database\\Query\\Builder.php(3676): Illuminate\\Database\\Query\\Builder->Illuminate\\Database\\Query\\{closure}()
#5 D:\\BraineBase - Knowledge base management system\\my-project\\vendor\\laravel\\framework\\src\\Illuminate\\Database\\Query\\Builder.php(3090): Illuminate\\Database\\Query\\Builder->onceWithColumns(Array, Object(Closure))
#6 D:\\BraineBase - Knowledge base management system\\my-project\\vendor\\laravel\\framework\\src\\Illuminate\\Database\\Eloquent\\Builder.php(811): Illuminate\\Database\\Query\\Builder->get(Array)
#7 D:\\BraineBase - Knowledge base management system\\my-project\\vendor\\laravel\\framework\\src\\Illuminate\\Database\\Eloquent\\Builder.php(793): Illuminate\\Database\\Eloquent\\Builder->getModels(Array)
#8 D:\\BraineBase - Knowledge base management system\\my-project\\vendor\\laravel\\framework\\src\\Illuminate\\Database\\Concerns\\BuildsQueries.php(343): Illuminate\\Database\\Eloquent\\Builder->get(Array)
#9 D:\\BraineBase - Knowledge base management system\\my-project\\vendor\\laravel\\framework\\src\\Illuminate\\Database\\Eloquent\\Builder.php(477): Illuminate\\Database\\Eloquent\\Builder->first(Array)
#10 D:\\BraineBase - Knowledge base management system\\my-project\\vendor\\laravel\\framework\\src\\Illuminate\\Support\\Traits\\ForwardsCalls.php(23): Illuminate\\Database\\Eloquent\\Builder->find('1')
#11 D:\\BraineBase - Knowledge base management system\\my-project\\vendor\\laravel\\framework\\src\\Illuminate\\Database\\Eloquent\\Model.php(2372): Illuminate\\Database\\Eloquent\\Model->forwardCallTo(Object(Illuminate\\Database\\Eloquent\\Builder), 'find', Array)
#12 D:\\BraineBase - Knowledge base management system\\my-project\\vendor\\laravel\\framework\\src\\Illuminate\\Database\\Eloquent\\Model.php(2384): Illuminate\\Database\\Eloquent\\Model->__call('find', Array)
#13 D:\\BraineBase - Knowledge base management system\\my-project\\vendor\\laravel\\sanctum\\src\\PersonalAccessToken.php(66): Illuminate\\Database\\Eloquent\\Model::__callStatic('find', Array)
#14 D:\\BraineBase - Knowledge base management system\\my-project\\vendor\\laravel\\sanctum\\src\\Guard.php(67): Laravel\\Sanctum\\PersonalAccessToken::findToken('sf6ZNnPUIeNkU1d...')
#15 [internal function]: Laravel\\Sanctum\\Guard->__invoke(Object(Illuminate\\Http\\Request), NULL)
#16 D:\\BraineBase - Knowledge base management system\\my-project\\vendor\\laravel\\framework\\src\\Illuminate\\Auth\\RequestGuard.php(57): call_user_func(Object(Laravel\\Sanctum\\Guard), Object(Illuminate\\Http\\Request), NULL)
#17 D:\\BraineBase - Knowledge base management system\\my-project\\vendor\\laravel\\framework\\src\\Illuminate\\Auth\\GuardHelpers.php(56): Illuminate\\Auth\\RequestGuard->user()
#18 D:\\BraineBase - Knowledge base management system\\my-project\\vendor\\laravel\\framework\\src\\Illuminate\\Auth\\Middleware\\Authenticate.php(83): Illuminate\\Auth\\RequestGuard->check()
#19 D:\\BraineBase - Knowledge base management system\\my-project\\vendor\\laravel\\framework\\src\\Illuminate\\Auth\\Middleware\\Authenticate.php(62): Illuminate\\Auth\\Middleware\\Authenticate->authenticate(Object(Illuminate\\Http\\Request), Array)
#20 D:\\BraineBase - Knowledge base management system\\my-project\\vendor\\laravel\\framework\\src\\Illuminate\\Pipeline\\Pipeline.php(209): Illuminate\\Auth\\Middleware\\Authenticate->handle(Object(Illuminate\\Http\\Request), Object(Closure), 'sanctum')
#21 D:\\BraineBase - Knowledge base management system\\my-project\\vendor\\laravel\\framework\\src\\Illuminate\\Pipeline\\Pipeline.php(127): Illuminate\\Pipeline\\Pipeline->Illuminate\\Pipeline\\{closure}(Object(Illuminate\\Http\\Request))
#22 D:\\BraineBase - Knowledge base management system\\my-project\\vendor\\laravel\\framework\\src\\Illuminate\\Routing\\Router.php(807): Illuminate\\Pipeline\\Pipeline->then(Object(Closure))
#23 D:\\BraineBase - Knowledge base management system\\my-project\\vendor\\laravel\\framework\\src\\Illuminate\\Routing\\Router.php(786): Illuminate\\Routing\\Router->runRouteWithinStack(Object(Illuminate\\Routing\\Route), Object(Illuminate\\Http\\Request))
#24 D:\\BraineBase - Knowledge base management system\\my-project\\vendor\\laravel\\framework\\src\\Illuminate\\Routing\\Router.php(750): Illuminate\\Routing\\Router->runRoute(Object(Illuminate\\Http\\Request), Object(Illuminate\\Routing\\Route))
#25 D:\\BraineBase - Knowledge base management system\\my-project\\vendor\\laravel\\framework\\src\\Illuminate\\Routing\\Router.php(739): Illuminate\\Routing\\Router->dispatchToRoute(Object(Illuminate\\Http\\Request))
#26 D:\\BraineBase - Knowledge base management system\\my-project\\vendor\\laravel\\framework\\src\\Illuminate\\Foundation\\Http\\Kernel.php(201): Illuminate\\Routing\\Router->dispatch(Object(Illuminate\\Http\\Request))
#27 D:\\BraineBase - Knowledge base management system\\my-project\\vendor\\laravel\\framework\\src\\Illuminate\\Pipeline\\Pipeline.php(170): Illuminate\\Foundation\\Http\\Kernel->Illuminate\\Foundation\\Http\\{closure}(Object(Illuminate\\Http\\Request))
#28 D:\\BraineBase - Knowledge base management system\\my-project\\vendor\\laravel\\framework\\src\\Illuminate\\Foundation\\Http\\Middleware\\TransformsRequest.php(21): Illuminate\\Pipeline\\Pipeline->Illuminate\\Pipeline\\{closure}(Object(Illuminate\\Http\\Request))
#29 D:\\BraineBase - Knowledge base management system\\my-project\\vendor\\laravel\\framework\\src\\Illuminate\\Foundation\\Http\\Middleware\\ConvertEmptyStringsToNull.php(31): Illuminate\\Foundation\\Http\\Middleware\\TransformsRequest->handle(Object(Illuminate\\Http\\Request), Object(Closure))
#30 D:\\BraineBase - Knowledge base management system\\my-project\\vendor\\laravel\\framework\\src\\Illuminate\\Pipeline\\Pipeline.php(209): Illuminate\\Foundation\\Http\\Middleware\\ConvertEmptyStringsToNull->handle(Object(Illuminate\\Http\\Request), Object(Closure))
#31 D:\\BraineBase - Knowledge base management system\\my-project\\vendor\\laravel\\framework\\src\\Illuminate\\Foundation\\Http\\Middleware\\TransformsRequest.php(21): Illuminate\\Pipeline\\Pipeline->Illuminate\\Pipeline\\{closure}(Object(Illuminate\\Http\\Request))
#32 D:\\BraineBase - Knowledge base management system\\my-project\\vendor\\laravel\\framework\\src\\Illuminate\\Foundation\\Http\\Middleware\\TrimStrings.php(51): Illuminate\\Foundation\\Http\\Middleware\\TransformsRequest->handle(Object(Illuminate\\Http\\Request), Object(Closure))
#33 D:\\BraineBase - Knowledge base management system\\my-project\\vendor\\laravel\\framework\\src\\Illuminate\\Pipeline\\Pipeline.php(209): Illuminate\\Foundation\\Http\\Middleware\\TrimStrings->handle(Object(Illuminate\\Http\\Request), Object(Closure))
#34 D:\\BraineBase - Knowledge base management system\\my-project\\vendor\\laravel\\framework\\src\\Illuminate\\Http\\Middleware\\ValidatePostSize.php(27): Illuminate\\Pipeline\\Pipeline->Illuminate\\Pipeline\\{closure}(Object(Illuminate\\Http\\Request))
#35 D:\\BraineBase - Knowledge base management system\\my-project\\vendor\\laravel\\framework\\src\\Illuminate\\Pipeline\\Pipeline.php(209): Illuminate\\Http\\Middleware\\ValidatePostSize->handle(Object(Illuminate\\Http\\Request), Object(Closure))
#36 D:\\BraineBase - Knowledge base management system\\my-project\\vendor\\laravel\\framework\\src\\Illuminate\\Foundation\\Http\\Middleware\\PreventRequestsDuringMaintenance.php(110): Illuminate\\Pipeline\\Pipeline->Illuminate\\Pipeline\\{closure}(Object(Illuminate\\Http\\Request))
#37 D:\\BraineBase - Knowledge base management system\\my-project\\vendor\\laravel\\framework\\src\\Illuminate\\Pipeline\\Pipeline.php(209): Illuminate\\Foundation\\Http\\Middleware\\PreventRequestsDuringMaintenance->handle(Object(Illuminate\\Http\\Request), Object(Closure))
#38 D:\\BraineBase - Knowledge base management system\\my-project\\vendor\\laravel\\framework\\src\\Illuminate\\Http\\Middleware\\HandleCors.php(62): Illuminate\\Pipeline\\Pipeline->Illuminate\\Pipeline\\{closure}(Object(Illuminate\\Http\\Request))
#39 D:\\BraineBase - Knowledge base management system\\my-project\\vendor\\laravel\\framework\\src\\Illuminate\\Pipeline\\Pipeline.php(209): Illuminate\\Http\\Middleware\\HandleCors->handle(Object(Illuminate\\Http\\Request), Object(Closure))
#40 D:\\BraineBase - Knowledge base management system\\my-project\\vendor\\laravel\\framework\\src\\Illuminate\\Http\\Middleware\\TrustProxies.php(58): Illuminate\\Pipeline\\Pipeline->Illuminate\\Pipeline\\{closure}(Object(Illuminate\\Http\\Request))
#41 D:\\BraineBase - Knowledge base management system\\my-project\\vendor\\laravel\\framework\\src\\Illuminate\\Pipeline\\Pipeline.php(209): Illuminate\\Http\\Middleware\\TrustProxies->handle(Object(Illuminate\\Http\\Request), Object(Closure))
#42 D:\\BraineBase - Knowledge base management system\\my-project\\vendor\\laravel\\framework\\src\\Illuminate\\Foundation\\Http\\Middleware\\InvokeDeferredCallbacks.php(22): Illuminate\\Pipeline\\Pipeline->Illuminate\\Pipeline\\{closure}(Object(Illuminate\\Http\\Request))
#43 D:\\BraineBase - Knowledge base management system\\my-project\\vendor\\laravel\\framework\\src\\Illuminate\\Pipeline\\Pipeline.php(209): Illuminate\\Foundation\\Http\\Middleware\\InvokeDeferredCallbacks->handle(Object(Illuminate\\Http\\Request), Object(Closure))
#44 D:\\BraineBase - Knowledge base management system\\my-project\\vendor\\laravel\\framework\\src\\Illuminate\\Pipeline\\Pipeline.php(127): Illuminate\\Pipeline\\Pipeline->Illuminate\\Pipeline\\{closure}(Object(Illuminate\\Http\\Request))
#45 D:\\BraineBase - Knowledge base management system\\my-project\\vendor\\laravel\\framework\\src\\Illuminate\\Foundation\\Http\\Kernel.php(176): Illuminate\\Pipeline\\Pipeline->then(Object(Closure))
#46 D:\\BraineBase - Knowledge base management system\\my-project\\vendor\\laravel\\framework\\src\\Illuminate\\Foundation\\Http\\Kernel.php(145): Illuminate\\Foundation\\Http\\Kernel->sendRequestThroughRouter(Object(Illuminate\\Http\\Request))
#47 D:\\BraineBase - Knowledge base management system\\my-project\\vendor\\laravel\\framework\\src\\Illuminate\\Foundation\\Application.php(1220): Illuminate\\Foundation\\Http\\Kernel->handle(Object(Illuminate\\Http\\Request))
#48 D:\\BraineBase - Knowledge base management system\\my-project\\public\\index.php(17): Illuminate\\Foundation\\Application->handleRequest(Object(Illuminate\\Http\\Request))
#49 D:\\BraineBase - Knowledge base management system\\my-project\\vendor\\laravel\\framework\\src\\Illuminate\\Foundation\\resources\\server.php(23): require_once('D:\\\\BraineBase -...')
#50 {main}

[previous exception] [object] (PDOException(code: HY000): SQLSTATE[HY000]: General error: 1 no such table: personal_access_tokens at D:\\BraineBase - Knowledge base management system\\my-project\\vendor\\laravel\\framework\\src\\Illuminate\\Database\\Connection.php:407)
[stacktrace]
#0 D:\\BraineBase - Knowledge base management system\\my-project\\vendor\\laravel\\framework\\src\\Illuminate\\Database\\Connection.php(407): PDO->prepare('select * from \"...')
#1 D:\\BraineBase - Knowledge base management system\\my-project\\vendor\\laravel\\framework\\src\\Illuminate\\Database\\Connection.php(812): Illuminate\\Database\\Connection->Illuminate\\Database\\{closure}('select * from \"...', Array)
#2 D:\\BraineBase - Knowledge base management system\\my-project\\vendor\\laravel\\framework\\src\\Illuminate\\Database\\Connection.php(779): Illuminate\\Database\\Connection->runQueryCallback('select * from \"...', Array, Object(Closure))
#3 D:\\BraineBase - Knowledge base management system\\my-project\\vendor\\laravel\\framework\\src\\Illuminate\\Database\\Connection.php(398): Illuminate\\Database\\Connection->run('select * from \"...', Array, Object(Closure))
#4 D:\\BraineBase - Knowledge base management system\\my-project\\vendor\\laravel\\framework\\src\\Illuminate\\Database\\Query\\Builder.php(3106): Illuminate\\Database\\Connection->select('select * from \"...', Array, true)
#5 D:\\BraineBase - Knowledge base management system\\my-project\\vendor\\laravel\\framework\\src\\Illuminate\\Database\\Query\\Builder.php(3091): Illuminate\\Database\\Query\\Builder->runSelect()
#6 D:\\BraineBase - Knowledge base management system\\my-project\\vendor\\laravel\\framework\\src\\Illuminate\\Database\\Query\\Builder.php(3676): Illuminate\\Database\\Query\\Builder->Illuminate\\Database\\Query\\{closure}()
#7 D:\\BraineBase - Knowledge base management system\\my-project\\vendor\\laravel\\framework\\src\\Illuminate\\Database\\Query\\Builder.php(3090): Illuminate\\Database\\Query\\Builder->onceWithColumns(Array, Object(Closure))
#8 D:\\BraineBase - Knowledge base management system\\my-project\\vendor\\laravel\\framework\\src\\Illuminate\\Database\\Eloquent\\Builder.php(811): Illuminate\\Database\\Query\\Builder->get(Array)
#9 D:\\BraineBase - Knowledge base management system\\my-project\\vendor\\laravel\\framework\\src\\Illuminate\\Database\\Eloquent\\Builder.php(793): Illuminate\\Database\\Eloquent\\Builder->getModels(Array)
#10 D:\\BraineBase - Knowledge base management system\\my-project\\vendor\\laravel\\framework\\src\\Illuminate\\Database\\Concerns\\BuildsQueries.php(343): Illuminate\\Database\\Eloquent\\Builder->get(Array)
#11 D:\\BraineBase - Knowledge base management system\\my-project\\vendor\\laravel\\framework\\src\\Illuminate\\Database\\Eloquent\\Builder.php(477): Illuminate\\Database\\Eloquent\\Builder->first(Array)
#12 D:\\BraineBase - Knowledge base management system\\my-project\\vendor\\laravel\\framework\\src\\Illuminate\\Support\\Traits\\ForwardsCalls.php(23): Illuminate\\Database\\Eloquent\\Builder->find('1')
#13 D:\\BraineBase - Knowledge base management system\\my-project\\vendor\\laravel\\framework\\src\\Illuminate\\Database\\Eloquent\\Model.php(2372): Illuminate\\Database\\Eloquent\\Model->forwardCallTo(Object(Illuminate\\Database\\Eloquent\\Builder), 'find', Array)
#14 D:\\BraineBase - Knowledge base management system\\my-project\\vendor\\laravel\\framework\\src\\Illuminate\\Database\\Eloquent\\Model.php(2384): Illuminate\\Database\\Eloquent\\Model->__call('find', Array)
#15 D:\\BraineBase - Knowledge base management system\\my-project\\vendor\\laravel\\sanctum\\src\\PersonalAccessToken.php(66): Illuminate\\Database\\Eloquent\\Model::__callStatic('find', Array)
#16 D:\\BraineBase - Knowledge base management system\\my-project\\vendor\\laravel\\sanctum\\src\\Guard.php(67): Laravel\\Sanctum\\PersonalAccessToken::findToken('sf6ZNnPUIeNkU1d...')
#17 [internal function]: Laravel\\Sanctum\\Guard->__invoke(Object(Illuminate\\Http\\Request), NULL)
#18 D:\\BraineBase - Knowledge base management system\\my-project\\vendor\\laravel\\framework\\src\\Illuminate\\Auth\\RequestGuard.php(57): call_user_func(Object(Laravel\\Sanctum\\Guard), Object(Illuminate\\Http\\Request), NULL)
#19 D:\\BraineBase - Knowledge base management system\\my-project\\vendor\\laravel\\framework\\src\\Illuminate\\Auth\\GuardHelpers.php(56): Illuminate\\Auth\\RequestGuard->user()
#20 D:\\BraineBase - Knowledge base management system\\my-project\\vendor\\laravel\\framework\\src\\Illuminate\\Auth\\Middleware\\Authenticate.php(83): Illuminate\\Auth\\RequestGuard->check()
#21 D:\\BraineBase - Knowledge base management system\\my-project\\vendor\\laravel\\framework\\src\\Illuminate\\Auth\\Middleware\\Authenticate.php(62): Illuminate\\Auth\\Middleware\\Authenticate->authenticate(Object(Illuminate\\Http\\Request), Array)
#22 D:\\BraineBase - Knowledge base management system\\my-project\\vendor\\laravel\\framework\\src\\Illuminate\\Pipeline\\Pipeline.php(209): Illuminate\\Auth\\Middleware\\Authenticate->handle(Object(Illuminate\\Http\\Request), Object(Closure), 'sanctum')
#23 D:\\BraineBase - Knowledge base management system\\my-project\\vendor\\laravel\\framework\\src\\Illuminate\\Pipeline\\Pipeline.php(127): Illuminate\\Pipeline\\Pipeline->Illuminate\\Pipeline\\{closure}(Object(Illuminate\\Http\\Request))
#24 D:\\BraineBase - Knowledge base management system\\my-project\\vendor\\laravel\\framework\\src\\Illuminate\\Routing\\Router.php(807): Illuminate\\Pipeline\\Pipeline->then(Object(Closure))
#25 D:\\BraineBase - Knowledge base management system\\my-project\\vendor\\laravel\\framework\\src\\Illuminate\\Routing\\Router.php(786): Illuminate\\Routing\\Router->runRouteWithinStack(Object(Illuminate\\Routing\\Route), Object(Illuminate\\Http\\Request))
#26 D:\\BraineBase - Knowledge base management system\\my-project\\vendor\\laravel\\framework\\src\\Illuminate\\Routing\\Router.php(750): Illuminate\\Routing\\Router->runRoute(Object(Illuminate\\Http\\Request), Object(Illuminate\\Routing\\Route))
#27 D:\\BraineBase - Knowledge base management system\\my-project\\vendor\\laravel\\framework\\src\\Illuminate\\Routing\\Router.php(739): Illuminate\\Routing\\Router->dispatchToRoute(Object(Illuminate\\Http\\Request))
#28 D:\\BraineBase - Knowledge base management system\\my-project\\vendor\\laravel\\framework\\src\\Illuminate\\Foundation\\Http\\Kernel.php(201): Illuminate\\Routing\\Router->dispatch(Object(Illuminate\\Http\\Request))
#29 D:\\BraineBase - Knowledge base management system\\my-project\\vendor\\laravel\\framework\\src\\Illuminate\\Pipeline\\Pipeline.php(170): Illuminate\\Foundation\\Http\\Kernel->Illuminate\\Foundation\\Http\\{closure}(Object(Illuminate\\Http\\Request))
#30 D:\\BraineBase - Knowledge base management system\\my-project\\vendor\\laravel\\framework\\src\\Illuminate\\Foundation\\Http\\Middleware\\TransformsRequest.php(21): Illuminate\\Pipeline\\Pipeline->Illuminate\\Pipeline\\{closure}(Object(Illuminate\\Http\\Request))
#31 D:\\BraineBase - Knowledge base management system\\my-project\\vendor\\laravel\\framework\\src\\Illuminate\\Foundation\\Http\\Middleware\\ConvertEmptyStringsToNull.php(31): Illuminate\\Foundation\\Http\\Middleware\\TransformsRequest->handle(Object(Illuminate\\Http\\Request), Object(Closure))
#32 D:\\BraineBase - Knowledge base management system\\my-project\\vendor\\laravel\\framework\\src\\Illuminate\\Pipeline\\Pipeline.php(209): Illuminate\\Foundation\\Http\\Middleware\\ConvertEmptyStringsToNull->handle(Object(Illuminate\\Http\\Request), Object(Closure))
#33 D:\\BraineBase - Knowledge base management system\\my-project\\vendor\\laravel\\framework\\src\\Illuminate\\Foundation\\Http\\Middleware\\TransformsRequest.php(21): Illuminate\\Pipeline\\Pipeline->Illuminate\\Pipeline\\{closure}(Object(Illuminate\\Http\\Request))
#34 D:\\BraineBase - Knowledge base management system\\my-project\\vendor\\laravel\\framework\\src\\Illuminate\\Foundation\\Http\\Middleware\\TrimStrings.php(51): Illuminate\\Foundation\\Http\\Middleware\\TransformsRequest->handle(Object(Illuminate\\Http\\Request), Object(Closure))
#35 D:\\BraineBase - Knowledge base management system\\my-project\\vendor\\laravel\\framework\\src\\Illuminate\\Pipeline\\Pipeline.php(209): Illuminate\\Foundation\\Http\\Middleware\\TrimStrings->handle(Object(Illuminate\\Http\\Request), Object(Closure))
#36 D:\\BraineBase - Knowledge base management system\\my-project\\vendor\\laravel\\framework\\src\\Illuminate\\Http\\Middleware\\ValidatePostSize.php(27): Illuminate\\Pipeline\\Pipeline->Illuminate\\Pipeline\\{closure}(Object(Illuminate\\Http\\Request))
#37 D:\\BraineBase - Knowledge base management system\\my-project\\vendor\\laravel\\framework\\src\\Illuminate\\Pipeline\\Pipeline.php(209): Illuminate\\Http\\Middleware\\ValidatePostSize->handle(Object(Illuminate\\Http\\Request), Object(Closure))
#38 D:\\BraineBase - Knowledge base management system\\my-project\\vendor\\laravel\\framework\\src\\Illuminate\\Foundation\\Http\\Middleware\\PreventRequestsDuringMaintenance.php(110): Illuminate\\Pipeline\\Pipeline->Illuminate\\Pipeline\\{closure}(Object(Illuminate\\Http\\Request))
#39 D:\\BraineBase - Knowledge base management system\\my-project\\vendor\\laravel\\framework\\src\\Illuminate\\Pipeline\\Pipeline.php(209): Illuminate\\Foundation\\Http\\Middleware\\PreventRequestsDuringMaintenance->handle(Object(Illuminate\\Http\\Request), Object(Closure))
#40 D:\\BraineBase - Knowledge base management system\\my-project\\vendor\\laravel\\framework\\src\\Illuminate\\Http\\Middleware\\HandleCors.php(62): Illuminate\\Pipeline\\Pipeline->Illuminate\\Pipeline\\{closure}(Object(Illuminate\\Http\\Request))
#41 D:\\BraineBase - Knowledge base management system\\my-project\\vendor\\laravel\\framework\\src\\Illuminate\\Pipeline\\Pipeline.php(209): Illuminate\\Http\\Middleware\\HandleCors->handle(Object(Illuminate\\Http\\Request), Object(Closure))
#42 D:\\BraineBase - Knowledge base management system\\my-project\\vendor\\laravel\\framework\\src\\Illuminate\\Http\\Middleware\\TrustProxies.php(58): Illuminate\\Pipeline\\Pipeline->Illuminate\\Pipeline\\{closure}(Object(Illuminate\\Http\\Request))
#43 D:\\BraineBase - Knowledge base management system\\my-project\\vendor\\laravel\\framework\\src\\Illuminate\\Pipeline\\Pipeline.php(209): Illuminate\\Http\\Middleware\\TrustProxies->handle(Object(Illuminate\\Http\\Request), Object(Closure))
#44 D:\\BraineBase - Knowledge base management system\\my-project\\vendor\\laravel\\framework\\src\\Illuminate\\Foundation\\Http\\Middleware\\InvokeDeferredCallbacks.php(22): Illuminate\\Pipeline\\Pipeline->Illuminate\\Pipeline\\{closure}(Object(Illuminate\\Http\\Request))
#45 D:\\BraineBase - Knowledge base management system\\my-project\\vendor\\laravel\\framework\\src\\Illuminate\\Pipeline\\Pipeline.php(209): Illuminate\\Foundation\\Http\\Middleware\\InvokeDeferredCallbacks->handle(Object(Illuminate\\Http\\Request), Object(Closure))
#46 D:\\BraineBase - Knowledge base management system\\my-project\\vendor\\laravel\\framework\\src\\Illuminate\\Pipeline\\Pipeline.php(127): Illuminate\\Pipeline\\Pipeline->Illuminate\\Pipeline\\{closure}(Object(Illuminate\\Http\\Request))
#47 D:\\BraineBase - Knowledge base management system\\my-project\\vendor\\laravel\\framework\\src\\Illuminate\\Foundation\\Http\\Kernel.php(176): Illuminate\\Pipeline\\Pipeline->then(Object(Closure))
#48 D:\\BraineBase - Knowledge base management system\\my-project\\vendor\\laravel\\framework\\src\\Illuminate\\Foundation\\Http\\Kernel.php(145): Illuminate\\Foundation\\Http\\Kernel->sendRequestThroughRouter(Object(Illuminate\\Http\\Request))
#49 D:\\BraineBase - Knowledge base management system\\my-project\\vendor\\laravel\\framework\\src\\Illuminate\\Foundation\\Application.php(1220): Illuminate\\Foundation\\Http\\Kernel->handle(Object(Illuminate\\Http\\Request))
#50 D:\\BraineBase - Knowledge base management system\\my-project\\public\\index.php(17): Illuminate\\Foundation\\Application->handleRequest(Object(Illuminate\\Http\\Request))
#51 D:\\BraineBase - Knowledge base management system\\my-project\\vendor\\laravel\\framework\\src\\Illuminate\\Foundation\\resources\\server.php(23): require_once('D:\\\\BraineBase -...')
#52 {main}
"} 
[2025-05-11 13:55:33] local.ERROR: SQLSTATE[HY000]: General error: 1 no such table: personal_access_tokens (Connection: sqlite, SQL: select * from "personal_access_tokens" where "personal_access_tokens"."id" = 1 limit 1) {"exception":"[object] (Illuminate\\Database\\QueryException(code: HY000): SQLSTATE[HY000]: General error: 1 no such table: personal_access_tokens (Connection: sqlite, SQL: select * from \"personal_access_tokens\" where \"personal_access_tokens\".\"id\" = 1 limit 1) at D:\\BraineBase - Knowledge base management system\\my-project\\vendor\\laravel\\framework\\src\\Illuminate\\Database\\Connection.php:825)
[stacktrace]
#0 D:\\BraineBase - Knowledge base management system\\my-project\\vendor\\laravel\\framework\\src\\Illuminate\\Database\\Connection.php(779): Illuminate\\Database\\Connection->runQueryCallback('select * from \"...', Array, Object(Closure))
#1 D:\\BraineBase - Knowledge base management system\\my-project\\vendor\\laravel\\framework\\src\\Illuminate\\Database\\Connection.php(398): Illuminate\\Database\\Connection->run('select * from \"...', Array, Object(Closure))
#2 D:\\BraineBase - Knowledge base management system\\my-project\\vendor\\laravel\\framework\\src\\Illuminate\\Database\\Query\\Builder.php(3106): Illuminate\\Database\\Connection->select('select * from \"...', Array, true)
#3 D:\\BraineBase - Knowledge base management system\\my-project\\vendor\\laravel\\framework\\src\\Illuminate\\Database\\Query\\Builder.php(3091): Illuminate\\Database\\Query\\Builder->runSelect()
#4 D:\\BraineBase - Knowledge base management system\\my-project\\vendor\\laravel\\framework\\src\\Illuminate\\Database\\Query\\Builder.php(3676): Illuminate\\Database\\Query\\Builder->Illuminate\\Database\\Query\\{closure}()
#5 D:\\BraineBase - Knowledge base management system\\my-project\\vendor\\laravel\\framework\\src\\Illuminate\\Database\\Query\\Builder.php(3090): Illuminate\\Database\\Query\\Builder->onceWithColumns(Array, Object(Closure))
#6 D:\\BraineBase - Knowledge base management system\\my-project\\vendor\\laravel\\framework\\src\\Illuminate\\Database\\Eloquent\\Builder.php(811): Illuminate\\Database\\Query\\Builder->get(Array)
#7 D:\\BraineBase - Knowledge base management system\\my-project\\vendor\\laravel\\framework\\src\\Illuminate\\Database\\Eloquent\\Builder.php(793): Illuminate\\Database\\Eloquent\\Builder->getModels(Array)
#8 D:\\BraineBase - Knowledge base management system\\my-project\\vendor\\laravel\\framework\\src\\Illuminate\\Database\\Concerns\\BuildsQueries.php(343): Illuminate\\Database\\Eloquent\\Builder->get(Array)
#9 D:\\BraineBase - Knowledge base management system\\my-project\\vendor\\laravel\\framework\\src\\Illuminate\\Database\\Eloquent\\Builder.php(477): Illuminate\\Database\\Eloquent\\Builder->first(Array)
#10 D:\\BraineBase - Knowledge base management system\\my-project\\vendor\\laravel\\framework\\src\\Illuminate\\Support\\Traits\\ForwardsCalls.php(23): Illuminate\\Database\\Eloquent\\Builder->find('1')
#11 D:\\BraineBase - Knowledge base management system\\my-project\\vendor\\laravel\\framework\\src\\Illuminate\\Database\\Eloquent\\Model.php(2372): Illuminate\\Database\\Eloquent\\Model->forwardCallTo(Object(Illuminate\\Database\\Eloquent\\Builder), 'find', Array)
#12 D:\\BraineBase - Knowledge base management system\\my-project\\vendor\\laravel\\framework\\src\\Illuminate\\Database\\Eloquent\\Model.php(2384): Illuminate\\Database\\Eloquent\\Model->__call('find', Array)
#13 D:\\BraineBase - Knowledge base management system\\my-project\\vendor\\laravel\\sanctum\\src\\PersonalAccessToken.php(66): Illuminate\\Database\\Eloquent\\Model::__callStatic('find', Array)
#14 D:\\BraineBase - Knowledge base management system\\my-project\\vendor\\laravel\\sanctum\\src\\Guard.php(67): Laravel\\Sanctum\\PersonalAccessToken::findToken('sf6ZNnPUIeNkU1d...')
#15 [internal function]: Laravel\\Sanctum\\Guard->__invoke(Object(Illuminate\\Http\\Request), NULL)
#16 D:\\BraineBase - Knowledge base management system\\my-project\\vendor\\laravel\\framework\\src\\Illuminate\\Auth\\RequestGuard.php(57): call_user_func(Object(Laravel\\Sanctum\\Guard), Object(Illuminate\\Http\\Request), NULL)
#17 D:\\BraineBase - Knowledge base management system\\my-project\\vendor\\laravel\\framework\\src\\Illuminate\\Auth\\GuardHelpers.php(56): Illuminate\\Auth\\RequestGuard->user()
#18 D:\\BraineBase - Knowledge base management system\\my-project\\vendor\\laravel\\framework\\src\\Illuminate\\Auth\\Middleware\\Authenticate.php(83): Illuminate\\Auth\\RequestGuard->check()
#19 D:\\BraineBase - Knowledge base management system\\my-project\\vendor\\laravel\\framework\\src\\Illuminate\\Auth\\Middleware\\Authenticate.php(62): Illuminate\\Auth\\Middleware\\Authenticate->authenticate(Object(Illuminate\\Http\\Request), Array)
#20 D:\\BraineBase - Knowledge base management system\\my-project\\vendor\\laravel\\framework\\src\\Illuminate\\Pipeline\\Pipeline.php(209): Illuminate\\Auth\\Middleware\\Authenticate->handle(Object(Illuminate\\Http\\Request), Object(Closure), 'sanctum')
#21 D:\\BraineBase - Knowledge base management system\\my-project\\vendor\\laravel\\framework\\src\\Illuminate\\Pipeline\\Pipeline.php(127): Illuminate\\Pipeline\\Pipeline->Illuminate\\Pipeline\\{closure}(Object(Illuminate\\Http\\Request))
#22 D:\\BraineBase - Knowledge base management system\\my-project\\vendor\\laravel\\framework\\src\\Illuminate\\Routing\\Router.php(807): Illuminate\\Pipeline\\Pipeline->then(Object(Closure))
#23 D:\\BraineBase - Knowledge base management system\\my-project\\vendor\\laravel\\framework\\src\\Illuminate\\Routing\\Router.php(786): Illuminate\\Routing\\Router->runRouteWithinStack(Object(Illuminate\\Routing\\Route), Object(Illuminate\\Http\\Request))
#24 D:\\BraineBase - Knowledge base management system\\my-project\\vendor\\laravel\\framework\\src\\Illuminate\\Routing\\Router.php(750): Illuminate\\Routing\\Router->runRoute(Object(Illuminate\\Http\\Request), Object(Illuminate\\Routing\\Route))
#25 D:\\BraineBase - Knowledge base management system\\my-project\\vendor\\laravel\\framework\\src\\Illuminate\\Routing\\Router.php(739): Illuminate\\Routing\\Router->dispatchToRoute(Object(Illuminate\\Http\\Request))
#26 D:\\BraineBase - Knowledge base management system\\my-project\\vendor\\laravel\\framework\\src\\Illuminate\\Foundation\\Http\\Kernel.php(201): Illuminate\\Routing\\Router->dispatch(Object(Illuminate\\Http\\Request))
#27 D:\\BraineBase - Knowledge base management system\\my-project\\vendor\\laravel\\framework\\src\\Illuminate\\Pipeline\\Pipeline.php(170): Illuminate\\Foundation\\Http\\Kernel->Illuminate\\Foundation\\Http\\{closure}(Object(Illuminate\\Http\\Request))
#28 D:\\BraineBase - Knowledge base management system\\my-project\\vendor\\laravel\\framework\\src\\Illuminate\\Foundation\\Http\\Middleware\\TransformsRequest.php(21): Illuminate\\Pipeline\\Pipeline->Illuminate\\Pipeline\\{closure}(Object(Illuminate\\Http\\Request))
#29 D:\\BraineBase - Knowledge base management system\\my-project\\vendor\\laravel\\framework\\src\\Illuminate\\Foundation\\Http\\Middleware\\ConvertEmptyStringsToNull.php(31): Illuminate\\Foundation\\Http\\Middleware\\TransformsRequest->handle(Object(Illuminate\\Http\\Request), Object(Closure))
#30 D:\\BraineBase - Knowledge base management system\\my-project\\vendor\\laravel\\framework\\src\\Illuminate\\Pipeline\\Pipeline.php(209): Illuminate\\Foundation\\Http\\Middleware\\ConvertEmptyStringsToNull->handle(Object(Illuminate\\Http\\Request), Object(Closure))
#31 D:\\BraineBase - Knowledge base management system\\my-project\\vendor\\laravel\\framework\\src\\Illuminate\\Foundation\\Http\\Middleware\\TransformsRequest.php(21): Illuminate\\Pipeline\\Pipeline->Illuminate\\Pipeline\\{closure}(Object(Illuminate\\Http\\Request))
#32 D:\\BraineBase - Knowledge base management system\\my-project\\vendor\\laravel\\framework\\src\\Illuminate\\Foundation\\Http\\Middleware\\TrimStrings.php(51): Illuminate\\Foundation\\Http\\Middleware\\TransformsRequest->handle(Object(Illuminate\\Http\\Request), Object(Closure))
#33 D:\\BraineBase - Knowledge base management system\\my-project\\vendor\\laravel\\framework\\src\\Illuminate\\Pipeline\\Pipeline.php(209): Illuminate\\Foundation\\Http\\Middleware\\TrimStrings->handle(Object(Illuminate\\Http\\Request), Object(Closure))
#34 D:\\BraineBase - Knowledge base management system\\my-project\\vendor\\laravel\\framework\\src\\Illuminate\\Http\\Middleware\\ValidatePostSize.php(27): Illuminate\\Pipeline\\Pipeline->Illuminate\\Pipeline\\{closure}(Object(Illuminate\\Http\\Request))
#35 D:\\BraineBase - Knowledge base management system\\my-project\\vendor\\laravel\\framework\\src\\Illuminate\\Pipeline\\Pipeline.php(209): Illuminate\\Http\\Middleware\\ValidatePostSize->handle(Object(Illuminate\\Http\\Request), Object(Closure))
#36 D:\\BraineBase - Knowledge base management system\\my-project\\vendor\\laravel\\framework\\src\\Illuminate\\Foundation\\Http\\Middleware\\PreventRequestsDuringMaintenance.php(110): Illuminate\\Pipeline\\Pipeline->Illuminate\\Pipeline\\{closure}(Object(Illuminate\\Http\\Request))
#37 D:\\BraineBase - Knowledge base management system\\my-project\\vendor\\laravel\\framework\\src\\Illuminate\\Pipeline\\Pipeline.php(209): Illuminate\\Foundation\\Http\\Middleware\\PreventRequestsDuringMaintenance->handle(Object(Illuminate\\Http\\Request), Object(Closure))
#38 D:\\BraineBase - Knowledge base management system\\my-project\\vendor\\laravel\\framework\\src\\Illuminate\\Http\\Middleware\\HandleCors.php(62): Illuminate\\Pipeline\\Pipeline->Illuminate\\Pipeline\\{closure}(Object(Illuminate\\Http\\Request))
#39 D:\\BraineBase - Knowledge base management system\\my-project\\vendor\\laravel\\framework\\src\\Illuminate\\Pipeline\\Pipeline.php(209): Illuminate\\Http\\Middleware\\HandleCors->handle(Object(Illuminate\\Http\\Request), Object(Closure))
#40 D:\\BraineBase - Knowledge base management system\\my-project\\vendor\\laravel\\framework\\src\\Illuminate\\Http\\Middleware\\TrustProxies.php(58): Illuminate\\Pipeline\\Pipeline->Illuminate\\Pipeline\\{closure}(Object(Illuminate\\Http\\Request))
#41 D:\\BraineBase - Knowledge base management system\\my-project\\vendor\\laravel\\framework\\src\\Illuminate\\Pipeline\\Pipeline.php(209): Illuminate\\Http\\Middleware\\TrustProxies->handle(Object(Illuminate\\Http\\Request), Object(Closure))
#42 D:\\BraineBase - Knowledge base management system\\my-project\\vendor\\laravel\\framework\\src\\Illuminate\\Foundation\\Http\\Middleware\\InvokeDeferredCallbacks.php(22): Illuminate\\Pipeline\\Pipeline->Illuminate\\Pipeline\\{closure}(Object(Illuminate\\Http\\Request))
#43 D:\\BraineBase - Knowledge base management system\\my-project\\vendor\\laravel\\framework\\src\\Illuminate\\Pipeline\\Pipeline.php(209): Illuminate\\Foundation\\Http\\Middleware\\InvokeDeferredCallbacks->handle(Object(Illuminate\\Http\\Request), Object(Closure))
#44 D:\\BraineBase - Knowledge base management system\\my-project\\vendor\\laravel\\framework\\src\\Illuminate\\Pipeline\\Pipeline.php(127): Illuminate\\Pipeline\\Pipeline->Illuminate\\Pipeline\\{closure}(Object(Illuminate\\Http\\Request))
#45 D:\\BraineBase - Knowledge base management system\\my-project\\vendor\\laravel\\framework\\src\\Illuminate\\Foundation\\Http\\Kernel.php(176): Illuminate\\Pipeline\\Pipeline->then(Object(Closure))
#46 D:\\BraineBase - Knowledge base management system\\my-project\\vendor\\laravel\\framework\\src\\Illuminate\\Foundation\\Http\\Kernel.php(145): Illuminate\\Foundation\\Http\\Kernel->sendRequestThroughRouter(Object(Illuminate\\Http\\Request))
#47 D:\\BraineBase - Knowledge base management system\\my-project\\vendor\\laravel\\framework\\src\\Illuminate\\Foundation\\Application.php(1220): Illuminate\\Foundation\\Http\\Kernel->handle(Object(Illuminate\\Http\\Request))
#48 D:\\BraineBase - Knowledge base management system\\my-project\\public\\index.php(17): Illuminate\\Foundation\\Application->handleRequest(Object(Illuminate\\Http\\Request))
#49 D:\\BraineBase - Knowledge base management system\\my-project\\vendor\\laravel\\framework\\src\\Illuminate\\Foundation\\resources\\server.php(23): require_once('D:\\\\BraineBase -...')
#50 {main}

[previous exception] [object] (PDOException(code: HY000): SQLSTATE[HY000]: General error: 1 no such table: personal_access_tokens at D:\\BraineBase - Knowledge base management system\\my-project\\vendor\\laravel\\framework\\src\\Illuminate\\Database\\Connection.php:407)
[stacktrace]
#0 D:\\BraineBase - Knowledge base management system\\my-project\\vendor\\laravel\\framework\\src\\Illuminate\\Database\\Connection.php(407): PDO->prepare('select * from \"...')
#1 D:\\BraineBase - Knowledge base management system\\my-project\\vendor\\laravel\\framework\\src\\Illuminate\\Database\\Connection.php(812): Illuminate\\Database\\Connection->Illuminate\\Database\\{closure}('select * from \"...', Array)
#2 D:\\BraineBase - Knowledge base management system\\my-project\\vendor\\laravel\\framework\\src\\Illuminate\\Database\\Connection.php(779): Illuminate\\Database\\Connection->runQueryCallback('select * from \"...', Array, Object(Closure))
#3 D:\\BraineBase - Knowledge base management system\\my-project\\vendor\\laravel\\framework\\src\\Illuminate\\Database\\Connection.php(398): Illuminate\\Database\\Connection->run('select * from \"...', Array, Object(Closure))
#4 D:\\BraineBase - Knowledge base management system\\my-project\\vendor\\laravel\\framework\\src\\Illuminate\\Database\\Query\\Builder.php(3106): Illuminate\\Database\\Connection->select('select * from \"...', Array, true)
#5 D:\\BraineBase - Knowledge base management system\\my-project\\vendor\\laravel\\framework\\src\\Illuminate\\Database\\Query\\Builder.php(3091): Illuminate\\Database\\Query\\Builder->runSelect()
#6 D:\\BraineBase - Knowledge base management system\\my-project\\vendor\\laravel\\framework\\src\\Illuminate\\Database\\Query\\Builder.php(3676): Illuminate\\Database\\Query\\Builder->Illuminate\\Database\\Query\\{closure}()
#7 D:\\BraineBase - Knowledge base management system\\my-project\\vendor\\laravel\\framework\\src\\Illuminate\\Database\\Query\\Builder.php(3090): Illuminate\\Database\\Query\\Builder->onceWithColumns(Array, Object(Closure))
#8 D:\\BraineBase - Knowledge base management system\\my-project\\vendor\\laravel\\framework\\src\\Illuminate\\Database\\Eloquent\\Builder.php(811): Illuminate\\Database\\Query\\Builder->get(Array)
#9 D:\\BraineBase - Knowledge base management system\\my-project\\vendor\\laravel\\framework\\src\\Illuminate\\Database\\Eloquent\\Builder.php(793): Illuminate\\Database\\Eloquent\\Builder->getModels(Array)
#10 D:\\BraineBase - Knowledge base management system\\my-project\\vendor\\laravel\\framework\\src\\Illuminate\\Database\\Concerns\\BuildsQueries.php(343): Illuminate\\Database\\Eloquent\\Builder->get(Array)
#11 D:\\BraineBase - Knowledge base management system\\my-project\\vendor\\laravel\\framework\\src\\Illuminate\\Database\\Eloquent\\Builder.php(477): Illuminate\\Database\\Eloquent\\Builder->first(Array)
#12 D:\\BraineBase - Knowledge base management system\\my-project\\vendor\\laravel\\framework\\src\\Illuminate\\Support\\Traits\\ForwardsCalls.php(23): Illuminate\\Database\\Eloquent\\Builder->find('1')
#13 D:\\BraineBase - Knowledge base management system\\my-project\\vendor\\laravel\\framework\\src\\Illuminate\\Database\\Eloquent\\Model.php(2372): Illuminate\\Database\\Eloquent\\Model->forwardCallTo(Object(Illuminate\\Database\\Eloquent\\Builder), 'find', Array)
#14 D:\\BraineBase - Knowledge base management system\\my-project\\vendor\\laravel\\framework\\src\\Illuminate\\Database\\Eloquent\\Model.php(2384): Illuminate\\Database\\Eloquent\\Model->__call('find', Array)
#15 D:\\BraineBase - Knowledge base management system\\my-project\\vendor\\laravel\\sanctum\\src\\PersonalAccessToken.php(66): Illuminate\\Database\\Eloquent\\Model::__callStatic('find', Array)
#16 D:\\BraineBase - Knowledge base management system\\my-project\\vendor\\laravel\\sanctum\\src\\Guard.php(67): Laravel\\Sanctum\\PersonalAccessToken::findToken('sf6ZNnPUIeNkU1d...')
#17 [internal function]: Laravel\\Sanctum\\Guard->__invoke(Object(Illuminate\\Http\\Request), NULL)
#18 D:\\BraineBase - Knowledge base management system\\my-project\\vendor\\laravel\\framework\\src\\Illuminate\\Auth\\RequestGuard.php(57): call_user_func(Object(Laravel\\Sanctum\\Guard), Object(Illuminate\\Http\\Request), NULL)
#19 D:\\BraineBase - Knowledge base management system\\my-project\\vendor\\laravel\\framework\\src\\Illuminate\\Auth\\GuardHelpers.php(56): Illuminate\\Auth\\RequestGuard->user()
#20 D:\\BraineBase - Knowledge base management system\\my-project\\vendor\\laravel\\framework\\src\\Illuminate\\Auth\\Middleware\\Authenticate.php(83): Illuminate\\Auth\\RequestGuard->check()
#21 D:\\BraineBase - Knowledge base management system\\my-project\\vendor\\laravel\\framework\\src\\Illuminate\\Auth\\Middleware\\Authenticate.php(62): Illuminate\\Auth\\Middleware\\Authenticate->authenticate(Object(Illuminate\\Http\\Request), Array)
#22 D:\\BraineBase - Knowledge base management system\\my-project\\vendor\\laravel\\framework\\src\\Illuminate\\Pipeline\\Pipeline.php(209): Illuminate\\Auth\\Middleware\\Authenticate->handle(Object(Illuminate\\Http\\Request), Object(Closure), 'sanctum')
#23 D:\\BraineBase - Knowledge base management system\\my-project\\vendor\\laravel\\framework\\src\\Illuminate\\Pipeline\\Pipeline.php(127): Illuminate\\Pipeline\\Pipeline->Illuminate\\Pipeline\\{closure}(Object(Illuminate\\Http\\Request))
#24 D:\\BraineBase - Knowledge base management system\\my-project\\vendor\\laravel\\framework\\src\\Illuminate\\Routing\\Router.php(807): Illuminate\\Pipeline\\Pipeline->then(Object(Closure))
#25 D:\\BraineBase - Knowledge base management system\\my-project\\vendor\\laravel\\framework\\src\\Illuminate\\Routing\\Router.php(786): Illuminate\\Routing\\Router->runRouteWithinStack(Object(Illuminate\\Routing\\Route), Object(Illuminate\\Http\\Request))
#26 D:\\BraineBase - Knowledge base management system\\my-project\\vendor\\laravel\\framework\\src\\Illuminate\\Routing\\Router.php(750): Illuminate\\Routing\\Router->runRoute(Object(Illuminate\\Http\\Request), Object(Illuminate\\Routing\\Route))
#27 D:\\BraineBase - Knowledge base management system\\my-project\\vendor\\laravel\\framework\\src\\Illuminate\\Routing\\Router.php(739): Illuminate\\Routing\\Router->dispatchToRoute(Object(Illuminate\\Http\\Request))
#28 D:\\BraineBase - Knowledge base management system\\my-project\\vendor\\laravel\\framework\\src\\Illuminate\\Foundation\\Http\\Kernel.php(201): Illuminate\\Routing\\Router->dispatch(Object(Illuminate\\Http\\Request))
#29 D:\\BraineBase - Knowledge base management system\\my-project\\vendor\\laravel\\framework\\src\\Illuminate\\Pipeline\\Pipeline.php(170): Illuminate\\Foundation\\Http\\Kernel->Illuminate\\Foundation\\Http\\{closure}(Object(Illuminate\\Http\\Request))
#30 D:\\BraineBase - Knowledge base management system\\my-project\\vendor\\laravel\\framework\\src\\Illuminate\\Foundation\\Http\\Middleware\\TransformsRequest.php(21): Illuminate\\Pipeline\\Pipeline->Illuminate\\Pipeline\\{closure}(Object(Illuminate\\Http\\Request))
#31 D:\\BraineBase - Knowledge base management system\\my-project\\vendor\\laravel\\framework\\src\\Illuminate\\Foundation\\Http\\Middleware\\ConvertEmptyStringsToNull.php(31): Illuminate\\Foundation\\Http\\Middleware\\TransformsRequest->handle(Object(Illuminate\\Http\\Request), Object(Closure))
#32 D:\\BraineBase - Knowledge base management system\\my-project\\vendor\\laravel\\framework\\src\\Illuminate\\Pipeline\\Pipeline.php(209): Illuminate\\Foundation\\Http\\Middleware\\ConvertEmptyStringsToNull->handle(Object(Illuminate\\Http\\Request), Object(Closure))
#33 D:\\BraineBase - Knowledge base management system\\my-project\\vendor\\laravel\\framework\\src\\Illuminate\\Foundation\\Http\\Middleware\\TransformsRequest.php(21): Illuminate\\Pipeline\\Pipeline->Illuminate\\Pipeline\\{closure}(Object(Illuminate\\Http\\Request))
#34 D:\\BraineBase - Knowledge base management system\\my-project\\vendor\\laravel\\framework\\src\\Illuminate\\Foundation\\Http\\Middleware\\TrimStrings.php(51): Illuminate\\Foundation\\Http\\Middleware\\TransformsRequest->handle(Object(Illuminate\\Http\\Request), Object(Closure))
#35 D:\\BraineBase - Knowledge base management system\\my-project\\vendor\\laravel\\framework\\src\\Illuminate\\Pipeline\\Pipeline.php(209): Illuminate\\Foundation\\Http\\Middleware\\TrimStrings->handle(Object(Illuminate\\Http\\Request), Object(Closure))
#36 D:\\BraineBase - Knowledge base management system\\my-project\\vendor\\laravel\\framework\\src\\Illuminate\\Http\\Middleware\\ValidatePostSize.php(27): Illuminate\\Pipeline\\Pipeline->Illuminate\\Pipeline\\{closure}(Object(Illuminate\\Http\\Request))
#37 D:\\BraineBase - Knowledge base management system\\my-project\\vendor\\laravel\\framework\\src\\Illuminate\\Pipeline\\Pipeline.php(209): Illuminate\\Http\\Middleware\\ValidatePostSize->handle(Object(Illuminate\\Http\\Request), Object(Closure))
#38 D:\\BraineBase - Knowledge base management system\\my-project\\vendor\\laravel\\framework\\src\\Illuminate\\Foundation\\Http\\Middleware\\PreventRequestsDuringMaintenance.php(110): Illuminate\\Pipeline\\Pipeline->Illuminate\\Pipeline\\{closure}(Object(Illuminate\\Http\\Request))
#39 D:\\BraineBase - Knowledge base management system\\my-project\\vendor\\laravel\\framework\\src\\Illuminate\\Pipeline\\Pipeline.php(209): Illuminate\\Foundation\\Http\\Middleware\\PreventRequestsDuringMaintenance->handle(Object(Illuminate\\Http\\Request), Object(Closure))
#40 D:\\BraineBase - Knowledge base management system\\my-project\\vendor\\laravel\\framework\\src\\Illuminate\\Http\\Middleware\\HandleCors.php(62): Illuminate\\Pipeline\\Pipeline->Illuminate\\Pipeline\\{closure}(Object(Illuminate\\Http\\Request))
#41 D:\\BraineBase - Knowledge base management system\\my-project\\vendor\\laravel\\framework\\src\\Illuminate\\Pipeline\\Pipeline.php(209): Illuminate\\Http\\Middleware\\HandleCors->handle(Object(Illuminate\\Http\\Request), Object(Closure))
#42 D:\\BraineBase - Knowledge base management system\\my-project\\vendor\\laravel\\framework\\src\\Illuminate\\Http\\Middleware\\TrustProxies.php(58): Illuminate\\Pipeline\\Pipeline->Illuminate\\Pipeline\\{closure}(Object(Illuminate\\Http\\Request))
#43 D:\\BraineBase - Knowledge base management system\\my-project\\vendor\\laravel\\framework\\src\\Illuminate\\Pipeline\\Pipeline.php(209): Illuminate\\Http\\Middleware\\TrustProxies->handle(Object(Illuminate\\Http\\Request), Object(Closure))
#44 D:\\BraineBase - Knowledge base management system\\my-project\\vendor\\laravel\\framework\\src\\Illuminate\\Foundation\\Http\\Middleware\\InvokeDeferredCallbacks.php(22): Illuminate\\Pipeline\\Pipeline->Illuminate\\Pipeline\\{closure}(Object(Illuminate\\Http\\Request))
#45 D:\\BraineBase - Knowledge base management system\\my-project\\vendor\\laravel\\framework\\src\\Illuminate\\Pipeline\\Pipeline.php(209): Illuminate\\Foundation\\Http\\Middleware\\InvokeDeferredCallbacks->handle(Object(Illuminate\\Http\\Request), Object(Closure))
#46 D:\\BraineBase - Knowledge base management system\\my-project\\vendor\\laravel\\framework\\src\\Illuminate\\Pipeline\\Pipeline.php(127): Illuminate\\Pipeline\\Pipeline->Illuminate\\Pipeline\\{closure}(Object(Illuminate\\Http\\Request))
#47 D:\\BraineBase - Knowledge base management system\\my-project\\vendor\\laravel\\framework\\src\\Illuminate\\Foundation\\Http\\Kernel.php(176): Illuminate\\Pipeline\\Pipeline->then(Object(Closure))
#48 D:\\BraineBase - Knowledge base management system\\my-project\\vendor\\laravel\\framework\\src\\Illuminate\\Foundation\\Http\\Kernel.php(145): Illuminate\\Foundation\\Http\\Kernel->sendRequestThroughRouter(Object(Illuminate\\Http\\Request))
#49 D:\\BraineBase - Knowledge base management system\\my-project\\vendor\\laravel\\framework\\src\\Illuminate\\Foundation\\Application.php(1220): Illuminate\\Foundation\\Http\\Kernel->handle(Object(Illuminate\\Http\\Request))
#50 D:\\BraineBase - Knowledge base management system\\my-project\\public\\index.php(17): Illuminate\\Foundation\\Application->handleRequest(Object(Illuminate\\Http\\Request))
#51 D:\\BraineBase - Knowledge base management system\\my-project\\vendor\\laravel\\framework\\src\\Illuminate\\Foundation\\resources\\server.php(23): require_once('D:\\\\BraineBase -...')
#52 {main}
"} 
[2025-05-11 13:56:17] local.ERROR: SQLSTATE[HY000]: General error: 1 table "users" already exists (Connection: sqlite, SQL: create table "users" ("id_profile" varchar not null, "name" varchar not null, "email" varchar not null, "email_verified_at" datetime, "user_type" varchar check ("user_type" in ('ADMIN', 'EDITOR', 'VIEWER')) not null default 'VIEWER', "password" varchar not null, "remember_token" varchar, "created_at" datetime, "updated_at" datetime, primary key ("id_profile"))) {"exception":"[object] (Illuminate\\Database\\QueryException(code: HY000): SQLSTATE[HY000]: General error: 1 table \"users\" already exists (Connection: sqlite, SQL: create table \"users\" (\"id_profile\" varchar not null, \"name\" varchar not null, \"email\" varchar not null, \"email_verified_at\" datetime, \"user_type\" varchar check (\"user_type\" in ('ADMIN', 'EDITOR', 'VIEWER')) not null default 'VIEWER', \"password\" varchar not null, \"remember_token\" varchar, \"created_at\" datetime, \"updated_at\" datetime, primary key (\"id_profile\"))) at D:\\BraineBase - Knowledge base management system\\my-project\\vendor\\laravel\\framework\\src\\Illuminate\\Database\\Connection.php:825)
[stacktrace]
#0 D:\\BraineBase - Knowledge base management system\\my-project\\vendor\\laravel\\framework\\src\\Illuminate\\Database\\Connection.php(779): Illuminate\\Database\\Connection->runQueryCallback('create table \"u...', Array, Object(Closure))
#1 D:\\BraineBase - Knowledge base management system\\my-project\\vendor\\laravel\\framework\\src\\Illuminate\\Database\\Connection.php(560): Illuminate\\Database\\Connection->run('create table \"u...', Array, Object(Closure))
#2 D:\\BraineBase - Knowledge base management system\\my-project\\vendor\\laravel\\framework\\src\\Illuminate\\Database\\Schema\\Blueprint.php(118): Illuminate\\Database\\Connection->statement('create table \"u...')
#3 D:\\BraineBase - Knowledge base management system\\my-project\\vendor\\laravel\\framework\\src\\Illuminate\\Database\\Schema\\Builder.php(564): Illuminate\\Database\\Schema\\Blueprint->build(Object(Illuminate\\Database\\SQLiteConnection), Object(Illuminate\\Database\\Schema\\Grammars\\SQLiteGrammar))
#4 D:\\BraineBase - Knowledge base management system\\my-project\\vendor\\laravel\\framework\\src\\Illuminate\\Database\\Schema\\Builder.php(418): Illuminate\\Database\\Schema\\Builder->build(Object(Illuminate\\Database\\Schema\\Blueprint))
#5 D:\\BraineBase - Knowledge base management system\\my-project\\vendor\\laravel\\framework\\src\\Illuminate\\Support\\Facades\\Facade.php(361): Illuminate\\Database\\Schema\\Builder->create('users', Object(Closure))
#6 D:\\BraineBase - Knowledge base management system\\my-project\\database\\migrations\\2024_05_01_000000_create_users_table.php(14): Illuminate\\Support\\Facades\\Facade::__callStatic('create', Array)
#7 D:\\BraineBase - Knowledge base management system\\my-project\\vendor\\laravel\\framework\\src\\Illuminate\\Database\\Migrations\\Migrator.php(507): Illuminate\\Database\\Migrations\\Migration@anonymous->up()
#8 D:\\BraineBase - Knowledge base management system\\my-project\\vendor\\laravel\\framework\\src\\Illuminate\\Database\\Migrations\\Migrator.php(432): Illuminate\\Database\\Migrations\\Migrator->runMethod(Object(Illuminate\\Database\\SQLiteConnection), Object(Illuminate\\Database\\Migrations\\Migration@anonymous), 'up')
#9 D:\\BraineBase - Knowledge base management system\\my-project\\vendor\\laravel\\framework\\src\\Illuminate\\Database\\Migrations\\Migrator.php(441): Illuminate\\Database\\Migrations\\Migrator->Illuminate\\Database\\Migrations\\{closure}()
#10 D:\\BraineBase - Knowledge base management system\\my-project\\vendor\\laravel\\framework\\src\\Illuminate\\Database\\Migrations\\Migrator.php(244): Illuminate\\Database\\Migrations\\Migrator->runMigration(Object(Illuminate\\Database\\Migrations\\Migration@anonymous), 'up')
#11 D:\\BraineBase - Knowledge base management system\\my-project\\vendor\\laravel\\framework\\src\\Illuminate\\Console\\View\\Components\\Task.php(40): Illuminate\\Database\\Migrations\\Migrator->Illuminate\\Database\\Migrations\\{closure}()
#12 D:\\BraineBase - Knowledge base management system\\my-project\\vendor\\laravel\\framework\\src\\Illuminate\\Database\\Migrations\\Migrator.php(798): Illuminate\\Console\\View\\Components\\Task->render('2024_05_01_0000...', Object(Closure))
#13 D:\\BraineBase - Knowledge base management system\\my-project\\vendor\\laravel\\framework\\src\\Illuminate\\Database\\Migrations\\Migrator.php(244): Illuminate\\Database\\Migrations\\Migrator->write('Illuminate\\\\Cons...', '2024_05_01_0000...', Object(Closure))
#14 D:\\BraineBase - Knowledge base management system\\my-project\\vendor\\laravel\\framework\\src\\Illuminate\\Database\\Migrations\\Migrator.php(211): Illuminate\\Database\\Migrations\\Migrator->runUp('D:\\\\BraineBase -...', 2, false)
#15 D:\\BraineBase - Knowledge base management system\\my-project\\vendor\\laravel\\framework\\src\\Illuminate\\Database\\Migrations\\Migrator.php(138): Illuminate\\Database\\Migrations\\Migrator->runPending(Array, Array)
#16 D:\\BraineBase - Knowledge base management system\\my-project\\vendor\\laravel\\framework\\src\\Illuminate\\Database\\Console\\Migrations\\MigrateCommand.php(117): Illuminate\\Database\\Migrations\\Migrator->run(Array, Array)
#17 D:\\BraineBase - Knowledge base management system\\my-project\\vendor\\laravel\\framework\\src\\Illuminate\\Database\\Migrations\\Migrator.php(658): Illuminate\\Database\\Console\\Migrations\\MigrateCommand->Illuminate\\Database\\Console\\Migrations\\{closure}()
#18 D:\\BraineBase - Knowledge base management system\\my-project\\vendor\\laravel\\framework\\src\\Illuminate\\Database\\Console\\Migrations\\MigrateCommand.php(110): Illuminate\\Database\\Migrations\\Migrator->usingConnection(NULL, Object(Closure))
#19 D:\\BraineBase - Knowledge base management system\\my-project\\vendor\\laravel\\framework\\src\\Illuminate\\Database\\Console\\Migrations\\MigrateCommand.php(89): Illuminate\\Database\\Console\\Migrations\\MigrateCommand->runMigrations()
#20 D:\\BraineBase - Knowledge base management system\\my-project\\vendor\\laravel\\framework\\src\\Illuminate\\Container\\BoundMethod.php(36): Illuminate\\Database\\Console\\Migrations\\MigrateCommand->handle()
#21 D:\\BraineBase - Knowledge base management system\\my-project\\vendor\\laravel\\framework\\src\\Illuminate\\Container\\Util.php(43): Illuminate\\Container\\BoundMethod::Illuminate\\Container\\{closure}()
#22 D:\\BraineBase - Knowledge base management system\\my-project\\vendor\\laravel\\framework\\src\\Illuminate\\Container\\BoundMethod.php(95): Illuminate\\Container\\Util::unwrapIfClosure(Object(Closure))
#23 D:\\BraineBase - Knowledge base management system\\my-project\\vendor\\laravel\\framework\\src\\Illuminate\\Container\\BoundMethod.php(35): Illuminate\\Container\\BoundMethod::callBoundMethod(Object(Illuminate\\Foundation\\Application), Array, Object(Closure))
#24 D:\\BraineBase - Knowledge base management system\\my-project\\vendor\\laravel\\framework\\src\\Illuminate\\Container\\Container.php(696): Illuminate\\Container\\BoundMethod::call(Object(Illuminate\\Foundation\\Application), Array, Array, NULL)
#25 D:\\BraineBase - Knowledge base management system\\my-project\\vendor\\laravel\\framework\\src\\Illuminate\\Console\\Command.php(213): Illuminate\\Container\\Container->call(Array)
#26 D:\\BraineBase - Knowledge base management system\\my-project\\vendor\\symfony\\console\\Command\\Command.php(279): Illuminate\\Console\\Command->execute(Object(Symfony\\Component\\Console\\Input\\ArgvInput), Object(Illuminate\\Console\\OutputStyle))
#27 D:\\BraineBase - Knowledge base management system\\my-project\\vendor\\laravel\\framework\\src\\Illuminate\\Console\\Command.php(182): Symfony\\Component\\Console\\Command\\Command->run(Object(Symfony\\Component\\Console\\Input\\ArgvInput), Object(Illuminate\\Console\\OutputStyle))
#28 D:\\BraineBase - Knowledge base management system\\my-project\\vendor\\symfony\\console\\Application.php(1094): Illuminate\\Console\\Command->run(Object(Symfony\\Component\\Console\\Input\\ArgvInput), Object(Symfony\\Component\\Console\\Output\\ConsoleOutput))
#29 D:\\BraineBase - Knowledge base management system\\my-project\\vendor\\symfony\\console\\Application.php(342): Symfony\\Component\\Console\\Application->doRunCommand(Object(Illuminate\\Database\\Console\\Migrations\\MigrateCommand), Object(Symfony\\Component\\Console\\Input\\ArgvInput), Object(Symfony\\Component\\Console\\Output\\ConsoleOutput))
#30 D:\\BraineBase - Knowledge base management system\\my-project\\vendor\\symfony\\console\\Application.php(193): Symfony\\Component\\Console\\Application->doRun(Object(Symfony\\Component\\Console\\Input\\ArgvInput), Object(Symfony\\Component\\Console\\Output\\ConsoleOutput))
#31 D:\\BraineBase - Knowledge base management system\\my-project\\vendor\\laravel\\framework\\src\\Illuminate\\Foundation\\Console\\Kernel.php(198): Symfony\\Component\\Console\\Application->run(Object(Symfony\\Component\\Console\\Input\\ArgvInput), Object(Symfony\\Component\\Console\\Output\\ConsoleOutput))
#32 D:\\BraineBase - Knowledge base management system\\my-project\\vendor\\laravel\\framework\\src\\Illuminate\\Foundation\\Application.php(1235): Illuminate\\Foundation\\Console\\Kernel->handle(Object(Symfony\\Component\\Console\\Input\\ArgvInput), Object(Symfony\\Component\\Console\\Output\\ConsoleOutput))
#33 D:\\BraineBase - Knowledge base management system\\my-project\\artisan(13): Illuminate\\Foundation\\Application->handleCommand(Object(Symfony\\Component\\Console\\Input\\ArgvInput))
#34 {main}

[previous exception] [object] (PDOException(code: HY000): SQLSTATE[HY000]: General error: 1 table \"users\" already exists at D:\\BraineBase - Knowledge base management system\\my-project\\vendor\\laravel\\framework\\src\\Illuminate\\Database\\Connection.php:565)
[stacktrace]
#0 D:\\BraineBase - Knowledge base management system\\my-project\\vendor\\laravel\\framework\\src\\Illuminate\\Database\\Connection.php(565): PDO->prepare('create table \"u...')
#1 D:\\BraineBase - Knowledge base management system\\my-project\\vendor\\laravel\\framework\\src\\Illuminate\\Database\\Connection.php(812): Illuminate\\Database\\Connection->Illuminate\\Database\\{closure}('create table \"u...', Array)
#2 D:\\BraineBase - Knowledge base management system\\my-project\\vendor\\laravel\\framework\\src\\Illuminate\\Database\\Connection.php(779): Illuminate\\Database\\Connection->runQueryCallback('create table \"u...', Array, Object(Closure))
#3 D:\\BraineBase - Knowledge base management system\\my-project\\vendor\\laravel\\framework\\src\\Illuminate\\Database\\Connection.php(560): Illuminate\\Database\\Connection->run('create table \"u...', Array, Object(Closure))
#4 D:\\BraineBase - Knowledge base management system\\my-project\\vendor\\laravel\\framework\\src\\Illuminate\\Database\\Schema\\Blueprint.php(118): Illuminate\\Database\\Connection->statement('create table \"u...')
#5 D:\\BraineBase - Knowledge base management system\\my-project\\vendor\\laravel\\framework\\src\\Illuminate\\Database\\Schema\\Builder.php(564): Illuminate\\Database\\Schema\\Blueprint->build(Object(Illuminate\\Database\\SQLiteConnection), Object(Illuminate\\Database\\Schema\\Grammars\\SQLiteGrammar))
#6 D:\\BraineBase - Knowledge base management system\\my-project\\vendor\\laravel\\framework\\src\\Illuminate\\Database\\Schema\\Builder.php(418): Illuminate\\Database\\Schema\\Builder->build(Object(Illuminate\\Database\\Schema\\Blueprint))
#7 D:\\BraineBase - Knowledge base management system\\my-project\\vendor\\laravel\\framework\\src\\Illuminate\\Support\\Facades\\Facade.php(361): Illuminate\\Database\\Schema\\Builder->create('users', Object(Closure))
#8 D:\\BraineBase - Knowledge base management system\\my-project\\database\\migrations\\2024_05_01_000000_create_users_table.php(14): Illuminate\\Support\\Facades\\Facade::__callStatic('create', Array)
#9 D:\\BraineBase - Knowledge base management system\\my-project\\vendor\\laravel\\framework\\src\\Illuminate\\Database\\Migrations\\Migrator.php(507): Illuminate\\Database\\Migrations\\Migration@anonymous->up()
#10 D:\\BraineBase - Knowledge base management system\\my-project\\vendor\\laravel\\framework\\src\\Illuminate\\Database\\Migrations\\Migrator.php(432): Illuminate\\Database\\Migrations\\Migrator->runMethod(Object(Illuminate\\Database\\SQLiteConnection), Object(Illuminate\\Database\\Migrations\\Migration@anonymous), 'up')
#11 D:\\BraineBase - Knowledge base management system\\my-project\\vendor\\laravel\\framework\\src\\Illuminate\\Database\\Migrations\\Migrator.php(441): Illuminate\\Database\\Migrations\\Migrator->Illuminate\\Database\\Migrations\\{closure}()
#12 D:\\BraineBase - Knowledge base management system\\my-project\\vendor\\laravel\\framework\\src\\Illuminate\\Database\\Migrations\\Migrator.php(244): Illuminate\\Database\\Migrations\\Migrator->runMigration(Object(Illuminate\\Database\\Migrations\\Migration@anonymous), 'up')
#13 D:\\BraineBase - Knowledge base management system\\my-project\\vendor\\laravel\\framework\\src\\Illuminate\\Console\\View\\Components\\Task.php(40): Illuminate\\Database\\Migrations\\Migrator->Illuminate\\Database\\Migrations\\{closure}()
#14 D:\\BraineBase - Knowledge base management system\\my-project\\vendor\\laravel\\framework\\src\\Illuminate\\Database\\Migrations\\Migrator.php(798): Illuminate\\Console\\View\\Components\\Task->render('2024_05_01_0000...', Object(Closure))
#15 D:\\BraineBase - Knowledge base management system\\my-project\\vendor\\laravel\\framework\\src\\Illuminate\\Database\\Migrations\\Migrator.php(244): Illuminate\\Database\\Migrations\\Migrator->write('Illuminate\\\\Cons...', '2024_05_01_0000...', Object(Closure))
#16 D:\\BraineBase - Knowledge base management system\\my-project\\vendor\\laravel\\framework\\src\\Illuminate\\Database\\Migrations\\Migrator.php(211): Illuminate\\Database\\Migrations\\Migrator->runUp('D:\\\\BraineBase -...', 2, false)
#17 D:\\BraineBase - Knowledge base management system\\my-project\\vendor\\laravel\\framework\\src\\Illuminate\\Database\\Migrations\\Migrator.php(138): Illuminate\\Database\\Migrations\\Migrator->runPending(Array, Array)
#18 D:\\BraineBase - Knowledge base management system\\my-project\\vendor\\laravel\\framework\\src\\Illuminate\\Database\\Console\\Migrations\\MigrateCommand.php(117): Illuminate\\Database\\Migrations\\Migrator->run(Array, Array)
#19 D:\\BraineBase - Knowledge base management system\\my-project\\vendor\\laravel\\framework\\src\\Illuminate\\Database\\Migrations\\Migrator.php(658): Illuminate\\Database\\Console\\Migrations\\MigrateCommand->Illuminate\\Database\\Console\\Migrations\\{closure}()
#20 D:\\BraineBase - Knowledge base management system\\my-project\\vendor\\laravel\\framework\\src\\Illuminate\\Database\\Console\\Migrations\\MigrateCommand.php(110): Illuminate\\Database\\Migrations\\Migrator->usingConnection(NULL, Object(Closure))
#21 D:\\BraineBase - Knowledge base management system\\my-project\\vendor\\laravel\\framework\\src\\Illuminate\\Database\\Console\\Migrations\\MigrateCommand.php(89): Illuminate\\Database\\Console\\Migrations\\MigrateCommand->runMigrations()
#22 D:\\BraineBase - Knowledge base management system\\my-project\\vendor\\laravel\\framework\\src\\Illuminate\\Container\\BoundMethod.php(36): Illuminate\\Database\\Console\\Migrations\\MigrateCommand->handle()
#23 D:\\BraineBase - Knowledge base management system\\my-project\\vendor\\laravel\\framework\\src\\Illuminate\\Container\\Util.php(43): Illuminate\\Container\\BoundMethod::Illuminate\\Container\\{closure}()
#24 D:\\BraineBase - Knowledge base management system\\my-project\\vendor\\laravel\\framework\\src\\Illuminate\\Container\\BoundMethod.php(95): Illuminate\\Container\\Util::unwrapIfClosure(Object(Closure))
#25 D:\\BraineBase - Knowledge base management system\\my-project\\vendor\\laravel\\framework\\src\\Illuminate\\Container\\BoundMethod.php(35): Illuminate\\Container\\BoundMethod::callBoundMethod(Object(Illuminate\\Foundation\\Application), Array, Object(Closure))
#26 D:\\BraineBase - Knowledge base management system\\my-project\\vendor\\laravel\\framework\\src\\Illuminate\\Container\\Container.php(696): Illuminate\\Container\\BoundMethod::call(Object(Illuminate\\Foundation\\Application), Array, Array, NULL)
#27 D:\\BraineBase - Knowledge base management system\\my-project\\vendor\\laravel\\framework\\src\\Illuminate\\Console\\Command.php(213): Illuminate\\Container\\Container->call(Array)
#28 D:\\BraineBase - Knowledge base management system\\my-project\\vendor\\symfony\\console\\Command\\Command.php(279): Illuminate\\Console\\Command->execute(Object(Symfony\\Component\\Console\\Input\\ArgvInput), Object(Illuminate\\Console\\OutputStyle))
#29 D:\\BraineBase - Knowledge base management system\\my-project\\vendor\\laravel\\framework\\src\\Illuminate\\Console\\Command.php(182): Symfony\\Component\\Console\\Command\\Command->run(Object(Symfony\\Component\\Console\\Input\\ArgvInput), Object(Illuminate\\Console\\OutputStyle))
#30 D:\\BraineBase - Knowledge base management system\\my-project\\vendor\\symfony\\console\\Application.php(1094): Illuminate\\Console\\Command->run(Object(Symfony\\Component\\Console\\Input\\ArgvInput), Object(Symfony\\Component\\Console\\Output\\ConsoleOutput))
#31 D:\\BraineBase - Knowledge base management system\\my-project\\vendor\\symfony\\console\\Application.php(342): Symfony\\Component\\Console\\Application->doRunCommand(Object(Illuminate\\Database\\Console\\Migrations\\MigrateCommand), Object(Symfony\\Component\\Console\\Input\\ArgvInput), Object(Symfony\\Component\\Console\\Output\\ConsoleOutput))
#32 D:\\BraineBase - Knowledge base management system\\my-project\\vendor\\symfony\\console\\Application.php(193): Symfony\\Component\\Console\\Application->doRun(Object(Symfony\\Component\\Console\\Input\\ArgvInput), Object(Symfony\\Component\\Console\\Output\\ConsoleOutput))
#33 D:\\BraineBase - Knowledge base management system\\my-project\\vendor\\laravel\\framework\\src\\Illuminate\\Foundation\\Console\\Kernel.php(198): Symfony\\Component\\Console\\Application->run(Object(Symfony\\Component\\Console\\Input\\ArgvInput), Object(Symfony\\Component\\Console\\Output\\ConsoleOutput))
#34 D:\\BraineBase - Knowledge base management system\\my-project\\vendor\\laravel\\framework\\src\\Illuminate\\Foundation\\Application.php(1235): Illuminate\\Foundation\\Console\\Kernel->handle(Object(Symfony\\Component\\Console\\Input\\ArgvInput), Object(Symfony\\Component\\Console\\Output\\ConsoleOutput))
#35 D:\\BraineBase - Knowledge base management system\\my-project\\artisan(13): Illuminate\\Foundation\\Application->handleCommand(Object(Symfony\\Component\\Console\\Input\\ArgvInput))
#36 {main}
"} 
[2025-05-11 14:07:22] local.ERROR: SQLSTATE[HY000]: General error: 1 table users has no column named user_type (Connection: sqlite, SQL: insert into "users" ("name", "email", "password", "user_type", "id_profile", "updated_at", "created_at") values (Ouafik, ouafik1@gmail.com, $2y$12$C9dlOt6cNeyRUwLUUwomremh7iTkTrxjuZmnF0jDtn4OkE0/H6J.., ADMIN, 83216cc3-460b-43d7-834b-97f73c0e6c56, 2025-05-11 14:07:22, 2025-05-11 14:07:22)) {"exception":"[object] (Illuminate\\Database\\QueryException(code: HY000): SQLSTATE[HY000]: General error: 1 table users has no column named user_type (Connection: sqlite, SQL: insert into \"users\" (\"name\", \"email\", \"password\", \"user_type\", \"id_profile\", \"updated_at\", \"created_at\") values (Ouafik, ouafik1@gmail.com, $2y$12$C9dlOt6cNeyRUwLUUwomremh7iTkTrxjuZmnF0jDtn4OkE0/H6J.., ADMIN, 83216cc3-460b-43d7-834b-97f73c0e6c56, 2025-05-11 14:07:22, 2025-05-11 14:07:22)) at D:\\BraineBase - Knowledge base management system\\my-project\\vendor\\laravel\\framework\\src\\Illuminate\\Database\\Connection.php:825)
[stacktrace]
#0 D:\\BraineBase - Knowledge base management system\\my-project\\vendor\\laravel\\framework\\src\\Illuminate\\Database\\Connection.php(779): Illuminate\\Database\\Connection->runQueryCallback('insert into \"us...', Array, Object(Closure))
#1 D:\\BraineBase - Knowledge base management system\\my-project\\vendor\\laravel\\framework\\src\\Illuminate\\Database\\Connection.php(560): Illuminate\\Database\\Connection->run('insert into \"us...', Array, Object(Closure))
#2 D:\\BraineBase - Knowledge base management system\\my-project\\vendor\\laravel\\framework\\src\\Illuminate\\Database\\Connection.php(524): Illuminate\\Database\\Connection->statement('insert into \"us...', Array)
#3 D:\\BraineBase - Knowledge base management system\\my-project\\vendor\\laravel\\framework\\src\\Illuminate\\Database\\Query\\Builder.php(3717): Illuminate\\Database\\Connection->insert('insert into \"us...', Array)
#4 D:\\BraineBase - Knowledge base management system\\my-project\\vendor\\laravel\\framework\\src\\Illuminate\\Database\\Eloquent\\Builder.php(2120): Illuminate\\Database\\Query\\Builder->insert(Array)
#5 D:\\BraineBase - Knowledge base management system\\my-project\\vendor\\laravel\\framework\\src\\Illuminate\\Database\\Eloquent\\Model.php(1335): Illuminate\\Database\\Eloquent\\Builder->__call('insert', Array)
#6 D:\\BraineBase - Knowledge base management system\\my-project\\vendor\\laravel\\framework\\src\\Illuminate\\Database\\Eloquent\\Model.php(1163): Illuminate\\Database\\Eloquent\\Model->performInsert(Object(Illuminate\\Database\\Eloquent\\Builder))
#7 D:\\BraineBase - Knowledge base management system\\my-project\\vendor\\laravel\\framework\\src\\Illuminate\\Database\\Eloquent\\Builder.php(1128): Illuminate\\Database\\Eloquent\\Model->save()
#8 D:\\BraineBase - Knowledge base management system\\my-project\\vendor\\laravel\\framework\\src\\Illuminate\\Support\\helpers.php(399): Illuminate\\Database\\Eloquent\\Builder->Illuminate\\Database\\Eloquent\\{closure}(Object(App\\Models\\User))
#9 D:\\BraineBase - Knowledge base management system\\my-project\\vendor\\laravel\\framework\\src\\Illuminate\\Database\\Eloquent\\Builder.php(1127): tap(Object(App\\Models\\User), Object(Closure))
#10 D:\\BraineBase - Knowledge base management system\\my-project\\vendor\\laravel\\framework\\src\\Illuminate\\Support\\Traits\\ForwardsCalls.php(23): Illuminate\\Database\\Eloquent\\Builder->create(Array)
#11 D:\\BraineBase - Knowledge base management system\\my-project\\vendor\\laravel\\framework\\src\\Illuminate\\Database\\Eloquent\\Model.php(2372): Illuminate\\Database\\Eloquent\\Model->forwardCallTo(Object(Illuminate\\Database\\Eloquent\\Builder), 'create', Array)
#12 D:\\BraineBase - Knowledge base management system\\my-project\\vendor\\laravel\\framework\\src\\Illuminate\\Database\\Eloquent\\Model.php(2384): Illuminate\\Database\\Eloquent\\Model->__call('create', Array)
#13 D:\\BraineBase - Knowledge base management system\\my-project\\app\\Http\\Controllers\\API\\ControllerApi.php(47): Illuminate\\Database\\Eloquent\\Model::__callStatic('create', Array)
#14 D:\\BraineBase - Knowledge base management system\\my-project\\vendor\\laravel\\framework\\src\\Illuminate\\Routing\\ControllerDispatcher.php(47): App\\Http\\Controllers\\API\\ControllerApi->register(Object(Illuminate\\Http\\Request))
#15 D:\\BraineBase - Knowledge base management system\\my-project\\vendor\\laravel\\framework\\src\\Illuminate\\Routing\\Route.php(266): Illuminate\\Routing\\ControllerDispatcher->dispatch(Object(Illuminate\\Routing\\Route), Object(App\\Http\\Controllers\\API\\ControllerApi), 'register')
#16 D:\\BraineBase - Knowledge base management system\\my-project\\vendor\\laravel\\framework\\src\\Illuminate\\Routing\\Route.php(212): Illuminate\\Routing\\Route->runController()
#17 D:\\BraineBase - Knowledge base management system\\my-project\\vendor\\laravel\\framework\\src\\Illuminate\\Routing\\Router.php(808): Illuminate\\Routing\\Route->run()
#18 D:\\BraineBase - Knowledge base management system\\my-project\\vendor\\laravel\\framework\\src\\Illuminate\\Pipeline\\Pipeline.php(170): Illuminate\\Routing\\Router->Illuminate\\Routing\\{closure}(Object(Illuminate\\Http\\Request))
#19 D:\\BraineBase - Knowledge base management system\\my-project\\vendor\\laravel\\framework\\src\\Illuminate\\Routing\\Middleware\\SubstituteBindings.php(51): Illuminate\\Pipeline\\Pipeline->Illuminate\\Pipeline\\{closure}(Object(Illuminate\\Http\\Request))
#20 D:\\BraineBase - Knowledge base management system\\my-project\\vendor\\laravel\\framework\\src\\Illuminate\\Pipeline\\Pipeline.php(209): Illuminate\\Routing\\Middleware\\SubstituteBindings->handle(Object(Illuminate\\Http\\Request), Object(Closure))
#21 D:\\BraineBase - Knowledge base management system\\my-project\\vendor\\laravel\\framework\\src\\Illuminate\\Pipeline\\Pipeline.php(127): Illuminate\\Pipeline\\Pipeline->Illuminate\\Pipeline\\{closure}(Object(Illuminate\\Http\\Request))
#22 D:\\BraineBase - Knowledge base management system\\my-project\\vendor\\laravel\\framework\\src\\Illuminate\\Routing\\Router.php(807): Illuminate\\Pipeline\\Pipeline->then(Object(Closure))
#23 D:\\BraineBase - Knowledge base management system\\my-project\\vendor\\laravel\\framework\\src\\Illuminate\\Routing\\Router.php(786): Illuminate\\Routing\\Router->runRouteWithinStack(Object(Illuminate\\Routing\\Route), Object(Illuminate\\Http\\Request))
#24 D:\\BraineBase - Knowledge base management system\\my-project\\vendor\\laravel\\framework\\src\\Illuminate\\Routing\\Router.php(750): Illuminate\\Routing\\Router->runRoute(Object(Illuminate\\Http\\Request), Object(Illuminate\\Routing\\Route))
#25 D:\\BraineBase - Knowledge base management system\\my-project\\vendor\\laravel\\framework\\src\\Illuminate\\Routing\\Router.php(739): Illuminate\\Routing\\Router->dispatchToRoute(Object(Illuminate\\Http\\Request))
#26 D:\\BraineBase - Knowledge base management system\\my-project\\vendor\\laravel\\framework\\src\\Illuminate\\Foundation\\Http\\Kernel.php(201): Illuminate\\Routing\\Router->dispatch(Object(Illuminate\\Http\\Request))
#27 D:\\BraineBase - Knowledge base management system\\my-project\\vendor\\laravel\\framework\\src\\Illuminate\\Pipeline\\Pipeline.php(170): Illuminate\\Foundation\\Http\\Kernel->Illuminate\\Foundation\\Http\\{closure}(Object(Illuminate\\Http\\Request))
#28 D:\\BraineBase - Knowledge base management system\\my-project\\vendor\\laravel\\framework\\src\\Illuminate\\Foundation\\Http\\Middleware\\TransformsRequest.php(21): Illuminate\\Pipeline\\Pipeline->Illuminate\\Pipeline\\{closure}(Object(Illuminate\\Http\\Request))
#29 D:\\BraineBase - Knowledge base management system\\my-project\\vendor\\laravel\\framework\\src\\Illuminate\\Foundation\\Http\\Middleware\\ConvertEmptyStringsToNull.php(31): Illuminate\\Foundation\\Http\\Middleware\\TransformsRequest->handle(Object(Illuminate\\Http\\Request), Object(Closure))
#30 D:\\BraineBase - Knowledge base management system\\my-project\\vendor\\laravel\\framework\\src\\Illuminate\\Pipeline\\Pipeline.php(209): Illuminate\\Foundation\\Http\\Middleware\\ConvertEmptyStringsToNull->handle(Object(Illuminate\\Http\\Request), Object(Closure))
#31 D:\\BraineBase - Knowledge base management system\\my-project\\vendor\\laravel\\framework\\src\\Illuminate\\Foundation\\Http\\Middleware\\TransformsRequest.php(21): Illuminate\\Pipeline\\Pipeline->Illuminate\\Pipeline\\{closure}(Object(Illuminate\\Http\\Request))
#32 D:\\BraineBase - Knowledge base management system\\my-project\\vendor\\laravel\\framework\\src\\Illuminate\\Foundation\\Http\\Middleware\\TrimStrings.php(51): Illuminate\\Foundation\\Http\\Middleware\\TransformsRequest->handle(Object(Illuminate\\Http\\Request), Object(Closure))
#33 D:\\BraineBase - Knowledge base management system\\my-project\\vendor\\laravel\\framework\\src\\Illuminate\\Pipeline\\Pipeline.php(209): Illuminate\\Foundation\\Http\\Middleware\\TrimStrings->handle(Object(Illuminate\\Http\\Request), Object(Closure))
#34 D:\\BraineBase - Knowledge base management system\\my-project\\vendor\\laravel\\framework\\src\\Illuminate\\Http\\Middleware\\ValidatePostSize.php(27): Illuminate\\Pipeline\\Pipeline->Illuminate\\Pipeline\\{closure}(Object(Illuminate\\Http\\Request))
#35 D:\\BraineBase - Knowledge base management system\\my-project\\vendor\\laravel\\framework\\src\\Illuminate\\Pipeline\\Pipeline.php(209): Illuminate\\Http\\Middleware\\ValidatePostSize->handle(Object(Illuminate\\Http\\Request), Object(Closure))
#36 D:\\BraineBase - Knowledge base management system\\my-project\\vendor\\laravel\\framework\\src\\Illuminate\\Foundation\\Http\\Middleware\\PreventRequestsDuringMaintenance.php(110): Illuminate\\Pipeline\\Pipeline->Illuminate\\Pipeline\\{closure}(Object(Illuminate\\Http\\Request))
#37 D:\\BraineBase - Knowledge base management system\\my-project\\vendor\\laravel\\framework\\src\\Illuminate\\Pipeline\\Pipeline.php(209): Illuminate\\Foundation\\Http\\Middleware\\PreventRequestsDuringMaintenance->handle(Object(Illuminate\\Http\\Request), Object(Closure))
#38 D:\\BraineBase - Knowledge base management system\\my-project\\vendor\\laravel\\framework\\src\\Illuminate\\Http\\Middleware\\HandleCors.php(62): Illuminate\\Pipeline\\Pipeline->Illuminate\\Pipeline\\{closure}(Object(Illuminate\\Http\\Request))
#39 D:\\BraineBase - Knowledge base management system\\my-project\\vendor\\laravel\\framework\\src\\Illuminate\\Pipeline\\Pipeline.php(209): Illuminate\\Http\\Middleware\\HandleCors->handle(Object(Illuminate\\Http\\Request), Object(Closure))
#40 D:\\BraineBase - Knowledge base management system\\my-project\\vendor\\laravel\\framework\\src\\Illuminate\\Http\\Middleware\\TrustProxies.php(58): Illuminate\\Pipeline\\Pipeline->Illuminate\\Pipeline\\{closure}(Object(Illuminate\\Http\\Request))
#41 D:\\BraineBase - Knowledge base management system\\my-project\\vendor\\laravel\\framework\\src\\Illuminate\\Pipeline\\Pipeline.php(209): Illuminate\\Http\\Middleware\\TrustProxies->handle(Object(Illuminate\\Http\\Request), Object(Closure))
#42 D:\\BraineBase - Knowledge base management system\\my-project\\vendor\\laravel\\framework\\src\\Illuminate\\Foundation\\Http\\Middleware\\InvokeDeferredCallbacks.php(22): Illuminate\\Pipeline\\Pipeline->Illuminate\\Pipeline\\{closure}(Object(Illuminate\\Http\\Request))
#43 D:\\BraineBase - Knowledge base management system\\my-project\\vendor\\laravel\\framework\\src\\Illuminate\\Pipeline\\Pipeline.php(209): Illuminate\\Foundation\\Http\\Middleware\\InvokeDeferredCallbacks->handle(Object(Illuminate\\Http\\Request), Object(Closure))
#44 D:\\BraineBase - Knowledge base management system\\my-project\\vendor\\laravel\\framework\\src\\Illuminate\\Pipeline\\Pipeline.php(127): Illuminate\\Pipeline\\Pipeline->Illuminate\\Pipeline\\{closure}(Object(Illuminate\\Http\\Request))
#45 D:\\BraineBase - Knowledge base management system\\my-project\\vendor\\laravel\\framework\\src\\Illuminate\\Foundation\\Http\\Kernel.php(176): Illuminate\\Pipeline\\Pipeline->then(Object(Closure))
#46 D:\\BraineBase - Knowledge base management system\\my-project\\vendor\\laravel\\framework\\src\\Illuminate\\Foundation\\Http\\Kernel.php(145): Illuminate\\Foundation\\Http\\Kernel->sendRequestThroughRouter(Object(Illuminate\\Http\\Request))
#47 D:\\BraineBase - Knowledge base management system\\my-project\\vendor\\laravel\\framework\\src\\Illuminate\\Foundation\\Application.php(1220): Illuminate\\Foundation\\Http\\Kernel->handle(Object(Illuminate\\Http\\Request))
#48 D:\\BraineBase - Knowledge base management system\\my-project\\public\\index.php(17): Illuminate\\Foundation\\Application->handleRequest(Object(Illuminate\\Http\\Request))
#49 D:\\BraineBase - Knowledge base management system\\my-project\\vendor\\laravel\\framework\\src\\Illuminate\\Foundation\\resources\\server.php(23): require_once('D:\\\\BraineBase -...')
#50 {main}

[previous exception] [object] (PDOException(code: HY000): SQLSTATE[HY000]: General error: 1 table users has no column named user_type at D:\\BraineBase - Knowledge base management system\\my-project\\vendor\\laravel\\framework\\src\\Illuminate\\Database\\Connection.php:565)
[stacktrace]
#0 D:\\BraineBase - Knowledge base management system\\my-project\\vendor\\laravel\\framework\\src\\Illuminate\\Database\\Connection.php(565): PDO->prepare('insert into \"us...')
#1 D:\\BraineBase - Knowledge base management system\\my-project\\vendor\\laravel\\framework\\src\\Illuminate\\Database\\Connection.php(812): Illuminate\\Database\\Connection->Illuminate\\Database\\{closure}('insert into \"us...', Array)
#2 D:\\BraineBase - Knowledge base management system\\my-project\\vendor\\laravel\\framework\\src\\Illuminate\\Database\\Connection.php(779): Illuminate\\Database\\Connection->runQueryCallback('insert into \"us...', Array, Object(Closure))
#3 D:\\BraineBase - Knowledge base management system\\my-project\\vendor\\laravel\\framework\\src\\Illuminate\\Database\\Connection.php(560): Illuminate\\Database\\Connection->run('insert into \"us...', Array, Object(Closure))
#4 D:\\BraineBase - Knowledge base management system\\my-project\\vendor\\laravel\\framework\\src\\Illuminate\\Database\\Connection.php(524): Illuminate\\Database\\Connection->statement('insert into \"us...', Array)
#5 D:\\BraineBase - Knowledge base management system\\my-project\\vendor\\laravel\\framework\\src\\Illuminate\\Database\\Query\\Builder.php(3717): Illuminate\\Database\\Connection->insert('insert into \"us...', Array)
#6 D:\\BraineBase - Knowledge base management system\\my-project\\vendor\\laravel\\framework\\src\\Illuminate\\Database\\Eloquent\\Builder.php(2120): Illuminate\\Database\\Query\\Builder->insert(Array)
#7 D:\\BraineBase - Knowledge base management system\\my-project\\vendor\\laravel\\framework\\src\\Illuminate\\Database\\Eloquent\\Model.php(1335): Illuminate\\Database\\Eloquent\\Builder->__call('insert', Array)
#8 D:\\BraineBase - Knowledge base management system\\my-project\\vendor\\laravel\\framework\\src\\Illuminate\\Database\\Eloquent\\Model.php(1163): Illuminate\\Database\\Eloquent\\Model->performInsert(Object(Illuminate\\Database\\Eloquent\\Builder))
#9 D:\\BraineBase - Knowledge base management system\\my-project\\vendor\\laravel\\framework\\src\\Illuminate\\Database\\Eloquent\\Builder.php(1128): Illuminate\\Database\\Eloquent\\Model->save()
#10 D:\\BraineBase - Knowledge base management system\\my-project\\vendor\\laravel\\framework\\src\\Illuminate\\Support\\helpers.php(399): Illuminate\\Database\\Eloquent\\Builder->Illuminate\\Database\\Eloquent\\{closure}(Object(App\\Models\\User))
#11 D:\\BraineBase - Knowledge base management system\\my-project\\vendor\\laravel\\framework\\src\\Illuminate\\Database\\Eloquent\\Builder.php(1127): tap(Object(App\\Models\\User), Object(Closure))
#12 D:\\BraineBase - Knowledge base management system\\my-project\\vendor\\laravel\\framework\\src\\Illuminate\\Support\\Traits\\ForwardsCalls.php(23): Illuminate\\Database\\Eloquent\\Builder->create(Array)
#13 D:\\BraineBase - Knowledge base management system\\my-project\\vendor\\laravel\\framework\\src\\Illuminate\\Database\\Eloquent\\Model.php(2372): Illuminate\\Database\\Eloquent\\Model->forwardCallTo(Object(Illuminate\\Database\\Eloquent\\Builder), 'create', Array)
#14 D:\\BraineBase - Knowledge base management system\\my-project\\vendor\\laravel\\framework\\src\\Illuminate\\Database\\Eloquent\\Model.php(2384): Illuminate\\Database\\Eloquent\\Model->__call('create', Array)
#15 D:\\BraineBase - Knowledge base management system\\my-project\\app\\Http\\Controllers\\API\\ControllerApi.php(47): Illuminate\\Database\\Eloquent\\Model::__callStatic('create', Array)
#16 D:\\BraineBase - Knowledge base management system\\my-project\\vendor\\laravel\\framework\\src\\Illuminate\\Routing\\ControllerDispatcher.php(47): App\\Http\\Controllers\\API\\ControllerApi->register(Object(Illuminate\\Http\\Request))
#17 D:\\BraineBase - Knowledge base management system\\my-project\\vendor\\laravel\\framework\\src\\Illuminate\\Routing\\Route.php(266): Illuminate\\Routing\\ControllerDispatcher->dispatch(Object(Illuminate\\Routing\\Route), Object(App\\Http\\Controllers\\API\\ControllerApi), 'register')
#18 D:\\BraineBase - Knowledge base management system\\my-project\\vendor\\laravel\\framework\\src\\Illuminate\\Routing\\Route.php(212): Illuminate\\Routing\\Route->runController()
#19 D:\\BraineBase - Knowledge base management system\\my-project\\vendor\\laravel\\framework\\src\\Illuminate\\Routing\\Router.php(808): Illuminate\\Routing\\Route->run()
#20 D:\\BraineBase - Knowledge base management system\\my-project\\vendor\\laravel\\framework\\src\\Illuminate\\Pipeline\\Pipeline.php(170): Illuminate\\Routing\\Router->Illuminate\\Routing\\{closure}(Object(Illuminate\\Http\\Request))
#21 D:\\BraineBase - Knowledge base management system\\my-project\\vendor\\laravel\\framework\\src\\Illuminate\\Routing\\Middleware\\SubstituteBindings.php(51): Illuminate\\Pipeline\\Pipeline->Illuminate\\Pipeline\\{closure}(Object(Illuminate\\Http\\Request))
#22 D:\\BraineBase - Knowledge base management system\\my-project\\vendor\\laravel\\framework\\src\\Illuminate\\Pipeline\\Pipeline.php(209): Illuminate\\Routing\\Middleware\\SubstituteBindings->handle(Object(Illuminate\\Http\\Request), Object(Closure))
#23 D:\\BraineBase - Knowledge base management system\\my-project\\vendor\\laravel\\framework\\src\\Illuminate\\Pipeline\\Pipeline.php(127): Illuminate\\Pipeline\\Pipeline->Illuminate\\Pipeline\\{closure}(Object(Illuminate\\Http\\Request))
#24 D:\\BraineBase - Knowledge base management system\\my-project\\vendor\\laravel\\framework\\src\\Illuminate\\Routing\\Router.php(807): Illuminate\\Pipeline\\Pipeline->then(Object(Closure))
#25 D:\\BraineBase - Knowledge base management system\\my-project\\vendor\\laravel\\framework\\src\\Illuminate\\Routing\\Router.php(786): Illuminate\\Routing\\Router->runRouteWithinStack(Object(Illuminate\\Routing\\Route), Object(Illuminate\\Http\\Request))
#26 D:\\BraineBase - Knowledge base management system\\my-project\\vendor\\laravel\\framework\\src\\Illuminate\\Routing\\Router.php(750): Illuminate\\Routing\\Router->runRoute(Object(Illuminate\\Http\\Request), Object(Illuminate\\Routing\\Route))
#27 D:\\BraineBase - Knowledge base management system\\my-project\\vendor\\laravel\\framework\\src\\Illuminate\\Routing\\Router.php(739): Illuminate\\Routing\\Router->dispatchToRoute(Object(Illuminate\\Http\\Request))
#28 D:\\BraineBase - Knowledge base management system\\my-project\\vendor\\laravel\\framework\\src\\Illuminate\\Foundation\\Http\\Kernel.php(201): Illuminate\\Routing\\Router->dispatch(Object(Illuminate\\Http\\Request))
#29 D:\\BraineBase - Knowledge base management system\\my-project\\vendor\\laravel\\framework\\src\\Illuminate\\Pipeline\\Pipeline.php(170): Illuminate\\Foundation\\Http\\Kernel->Illuminate\\Foundation\\Http\\{closure}(Object(Illuminate\\Http\\Request))
#30 D:\\BraineBase - Knowledge base management system\\my-project\\vendor\\laravel\\framework\\src\\Illuminate\\Foundation\\Http\\Middleware\\TransformsRequest.php(21): Illuminate\\Pipeline\\Pipeline->Illuminate\\Pipeline\\{closure}(Object(Illuminate\\Http\\Request))
#31 D:\\BraineBase - Knowledge base management system\\my-project\\vendor\\laravel\\framework\\src\\Illuminate\\Foundation\\Http\\Middleware\\ConvertEmptyStringsToNull.php(31): Illuminate\\Foundation\\Http\\Middleware\\TransformsRequest->handle(Object(Illuminate\\Http\\Request), Object(Closure))
#32 D:\\BraineBase - Knowledge base management system\\my-project\\vendor\\laravel\\framework\\src\\Illuminate\\Pipeline\\Pipeline.php(209): Illuminate\\Foundation\\Http\\Middleware\\ConvertEmptyStringsToNull->handle(Object(Illuminate\\Http\\Request), Object(Closure))
#33 D:\\BraineBase - Knowledge base management system\\my-project\\vendor\\laravel\\framework\\src\\Illuminate\\Foundation\\Http\\Middleware\\TransformsRequest.php(21): Illuminate\\Pipeline\\Pipeline->Illuminate\\Pipeline\\{closure}(Object(Illuminate\\Http\\Request))
#34 D:\\BraineBase - Knowledge base management system\\my-project\\vendor\\laravel\\framework\\src\\Illuminate\\Foundation\\Http\\Middleware\\TrimStrings.php(51): Illuminate\\Foundation\\Http\\Middleware\\TransformsRequest->handle(Object(Illuminate\\Http\\Request), Object(Closure))
#35 D:\\BraineBase - Knowledge base management system\\my-project\\vendor\\laravel\\framework\\src\\Illuminate\\Pipeline\\Pipeline.php(209): Illuminate\\Foundation\\Http\\Middleware\\TrimStrings->handle(Object(Illuminate\\Http\\Request), Object(Closure))
#36 D:\\BraineBase - Knowledge base management system\\my-project\\vendor\\laravel\\framework\\src\\Illuminate\\Http\\Middleware\\ValidatePostSize.php(27): Illuminate\\Pipeline\\Pipeline->Illuminate\\Pipeline\\{closure}(Object(Illuminate\\Http\\Request))
#37 D:\\BraineBase - Knowledge base management system\\my-project\\vendor\\laravel\\framework\\src\\Illuminate\\Pipeline\\Pipeline.php(209): Illuminate\\Http\\Middleware\\ValidatePostSize->handle(Object(Illuminate\\Http\\Request), Object(Closure))
#38 D:\\BraineBase - Knowledge base management system\\my-project\\vendor\\laravel\\framework\\src\\Illuminate\\Foundation\\Http\\Middleware\\PreventRequestsDuringMaintenance.php(110): Illuminate\\Pipeline\\Pipeline->Illuminate\\Pipeline\\{closure}(Object(Illuminate\\Http\\Request))
#39 D:\\BraineBase - Knowledge base management system\\my-project\\vendor\\laravel\\framework\\src\\Illuminate\\Pipeline\\Pipeline.php(209): Illuminate\\Foundation\\Http\\Middleware\\PreventRequestsDuringMaintenance->handle(Object(Illuminate\\Http\\Request), Object(Closure))
#40 D:\\BraineBase - Knowledge base management system\\my-project\\vendor\\laravel\\framework\\src\\Illuminate\\Http\\Middleware\\HandleCors.php(62): Illuminate\\Pipeline\\Pipeline->Illuminate\\Pipeline\\{closure}(Object(Illuminate\\Http\\Request))
#41 D:\\BraineBase - Knowledge base management system\\my-project\\vendor\\laravel\\framework\\src\\Illuminate\\Pipeline\\Pipeline.php(209): Illuminate\\Http\\Middleware\\HandleCors->handle(Object(Illuminate\\Http\\Request), Object(Closure))
#42 D:\\BraineBase - Knowledge base management system\\my-project\\vendor\\laravel\\framework\\src\\Illuminate\\Http\\Middleware\\TrustProxies.php(58): Illuminate\\Pipeline\\Pipeline->Illuminate\\Pipeline\\{closure}(Object(Illuminate\\Http\\Request))
#43 D:\\BraineBase - Knowledge base management system\\my-project\\vendor\\laravel\\framework\\src\\Illuminate\\Pipeline\\Pipeline.php(209): Illuminate\\Http\\Middleware\\TrustProxies->handle(Object(Illuminate\\Http\\Request), Object(Closure))
#44 D:\\BraineBase - Knowledge base management system\\my-project\\vendor\\laravel\\framework\\src\\Illuminate\\Foundation\\Http\\Middleware\\InvokeDeferredCallbacks.php(22): Illuminate\\Pipeline\\Pipeline->Illuminate\\Pipeline\\{closure}(Object(Illuminate\\Http\\Request))
#45 D:\\BraineBase - Knowledge base management system\\my-project\\vendor\\laravel\\framework\\src\\Illuminate\\Pipeline\\Pipeline.php(209): Illuminate\\Foundation\\Http\\Middleware\\InvokeDeferredCallbacks->handle(Object(Illuminate\\Http\\Request), Object(Closure))
#46 D:\\BraineBase - Knowledge base management system\\my-project\\vendor\\laravel\\framework\\src\\Illuminate\\Pipeline\\Pipeline.php(127): Illuminate\\Pipeline\\Pipeline->Illuminate\\Pipeline\\{closure}(Object(Illuminate\\Http\\Request))
#47 D:\\BraineBase - Knowledge base management system\\my-project\\vendor\\laravel\\framework\\src\\Illuminate\\Foundation\\Http\\Kernel.php(176): Illuminate\\Pipeline\\Pipeline->then(Object(Closure))
#48 D:\\BraineBase - Knowledge base management system\\my-project\\vendor\\laravel\\framework\\src\\Illuminate\\Foundation\\Http\\Kernel.php(145): Illuminate\\Foundation\\Http\\Kernel->sendRequestThroughRouter(Object(Illuminate\\Http\\Request))
#49 D:\\BraineBase - Knowledge base management system\\my-project\\vendor\\laravel\\framework\\src\\Illuminate\\Foundation\\Application.php(1220): Illuminate\\Foundation\\Http\\Kernel->handle(Object(Illuminate\\Http\\Request))
#50 D:\\BraineBase - Knowledge base management system\\my-project\\public\\index.php(17): Illuminate\\Foundation\\Application->handleRequest(Object(Illuminate\\Http\\Request))
#51 D:\\BraineBase - Knowledge base management system\\my-project\\vendor\\laravel\\framework\\src\\Illuminate\\Foundation\\resources\\server.php(23): require_once('D:\\\\BraineBase -...')
#52 {main}
"} 
[2025-05-11 14:07:38] local.ERROR: SQLSTATE[HY000]: General error: 1 table users has no column named user_type (Connection: sqlite, SQL: insert into "users" ("name", "email", "password", "user_type", "id_profile", "updated_at", "created_at") values (Ouafik, ouafik1@gmail.com, $2y$12$729xvq9EHrpmJQSFv54QBu7P2eYgX004Bo2mK1kvupClov2ZJKF8a, ADMIN, 2ffd16a9-f8c4-492a-967f-f5534875d3ff, 2025-05-11 14:07:38, 2025-05-11 14:07:38)) {"exception":"[object] (Illuminate\\Database\\QueryException(code: HY000): SQLSTATE[HY000]: General error: 1 table users has no column named user_type (Connection: sqlite, SQL: insert into \"users\" (\"name\", \"email\", \"password\", \"user_type\", \"id_profile\", \"updated_at\", \"created_at\") values (Ouafik, ouafik1@gmail.com, $2y$12$729xvq9EHrpmJQSFv54QBu7P2eYgX004Bo2mK1kvupClov2ZJKF8a, ADMIN, 2ffd16a9-f8c4-492a-967f-f5534875d3ff, 2025-05-11 14:07:38, 2025-05-11 14:07:38)) at D:\\BraineBase - Knowledge base management system\\my-project\\vendor\\laravel\\framework\\src\\Illuminate\\Database\\Connection.php:825)
[stacktrace]
#0 D:\\BraineBase - Knowledge base management system\\my-project\\vendor\\laravel\\framework\\src\\Illuminate\\Database\\Connection.php(779): Illuminate\\Database\\Connection->runQueryCallback('insert into \"us...', Array, Object(Closure))
#1 D:\\BraineBase - Knowledge base management system\\my-project\\vendor\\laravel\\framework\\src\\Illuminate\\Database\\Connection.php(560): Illuminate\\Database\\Connection->run('insert into \"us...', Array, Object(Closure))
#2 D:\\BraineBase - Knowledge base management system\\my-project\\vendor\\laravel\\framework\\src\\Illuminate\\Database\\Connection.php(524): Illuminate\\Database\\Connection->statement('insert into \"us...', Array)
#3 D:\\BraineBase - Knowledge base management system\\my-project\\vendor\\laravel\\framework\\src\\Illuminate\\Database\\Query\\Builder.php(3717): Illuminate\\Database\\Connection->insert('insert into \"us...', Array)
#4 D:\\BraineBase - Knowledge base management system\\my-project\\vendor\\laravel\\framework\\src\\Illuminate\\Database\\Eloquent\\Builder.php(2120): Illuminate\\Database\\Query\\Builder->insert(Array)
#5 D:\\BraineBase - Knowledge base management system\\my-project\\vendor\\laravel\\framework\\src\\Illuminate\\Database\\Eloquent\\Model.php(1335): Illuminate\\Database\\Eloquent\\Builder->__call('insert', Array)
#6 D:\\BraineBase - Knowledge base management system\\my-project\\vendor\\laravel\\framework\\src\\Illuminate\\Database\\Eloquent\\Model.php(1163): Illuminate\\Database\\Eloquent\\Model->performInsert(Object(Illuminate\\Database\\Eloquent\\Builder))
#7 D:\\BraineBase - Knowledge base management system\\my-project\\vendor\\laravel\\framework\\src\\Illuminate\\Database\\Eloquent\\Builder.php(1128): Illuminate\\Database\\Eloquent\\Model->save()
#8 D:\\BraineBase - Knowledge base management system\\my-project\\vendor\\laravel\\framework\\src\\Illuminate\\Support\\helpers.php(399): Illuminate\\Database\\Eloquent\\Builder->Illuminate\\Database\\Eloquent\\{closure}(Object(App\\Models\\User))
#9 D:\\BraineBase - Knowledge base management system\\my-project\\vendor\\laravel\\framework\\src\\Illuminate\\Database\\Eloquent\\Builder.php(1127): tap(Object(App\\Models\\User), Object(Closure))
#10 D:\\BraineBase - Knowledge base management system\\my-project\\vendor\\laravel\\framework\\src\\Illuminate\\Support\\Traits\\ForwardsCalls.php(23): Illuminate\\Database\\Eloquent\\Builder->create(Array)
#11 D:\\BraineBase - Knowledge base management system\\my-project\\vendor\\laravel\\framework\\src\\Illuminate\\Database\\Eloquent\\Model.php(2372): Illuminate\\Database\\Eloquent\\Model->forwardCallTo(Object(Illuminate\\Database\\Eloquent\\Builder), 'create', Array)
#12 D:\\BraineBase - Knowledge base management system\\my-project\\vendor\\laravel\\framework\\src\\Illuminate\\Database\\Eloquent\\Model.php(2384): Illuminate\\Database\\Eloquent\\Model->__call('create', Array)
#13 D:\\BraineBase - Knowledge base management system\\my-project\\app\\Http\\Controllers\\API\\ControllerApi.php(47): Illuminate\\Database\\Eloquent\\Model::__callStatic('create', Array)
#14 D:\\BraineBase - Knowledge base management system\\my-project\\vendor\\laravel\\framework\\src\\Illuminate\\Routing\\ControllerDispatcher.php(47): App\\Http\\Controllers\\API\\ControllerApi->register(Object(Illuminate\\Http\\Request))
#15 D:\\BraineBase - Knowledge base management system\\my-project\\vendor\\laravel\\framework\\src\\Illuminate\\Routing\\Route.php(266): Illuminate\\Routing\\ControllerDispatcher->dispatch(Object(Illuminate\\Routing\\Route), Object(App\\Http\\Controllers\\API\\ControllerApi), 'register')
#16 D:\\BraineBase - Knowledge base management system\\my-project\\vendor\\laravel\\framework\\src\\Illuminate\\Routing\\Route.php(212): Illuminate\\Routing\\Route->runController()
#17 D:\\BraineBase - Knowledge base management system\\my-project\\vendor\\laravel\\framework\\src\\Illuminate\\Routing\\Router.php(808): Illuminate\\Routing\\Route->run()
#18 D:\\BraineBase - Knowledge base management system\\my-project\\vendor\\laravel\\framework\\src\\Illuminate\\Pipeline\\Pipeline.php(170): Illuminate\\Routing\\Router->Illuminate\\Routing\\{closure}(Object(Illuminate\\Http\\Request))
#19 D:\\BraineBase - Knowledge base management system\\my-project\\vendor\\laravel\\framework\\src\\Illuminate\\Routing\\Middleware\\SubstituteBindings.php(51): Illuminate\\Pipeline\\Pipeline->Illuminate\\Pipeline\\{closure}(Object(Illuminate\\Http\\Request))
#20 D:\\BraineBase - Knowledge base management system\\my-project\\vendor\\laravel\\framework\\src\\Illuminate\\Pipeline\\Pipeline.php(209): Illuminate\\Routing\\Middleware\\SubstituteBindings->handle(Object(Illuminate\\Http\\Request), Object(Closure))
#21 D:\\BraineBase - Knowledge base management system\\my-project\\vendor\\laravel\\framework\\src\\Illuminate\\Pipeline\\Pipeline.php(127): Illuminate\\Pipeline\\Pipeline->Illuminate\\Pipeline\\{closure}(Object(Illuminate\\Http\\Request))
#22 D:\\BraineBase - Knowledge base management system\\my-project\\vendor\\laravel\\framework\\src\\Illuminate\\Routing\\Router.php(807): Illuminate\\Pipeline\\Pipeline->then(Object(Closure))
#23 D:\\BraineBase - Knowledge base management system\\my-project\\vendor\\laravel\\framework\\src\\Illuminate\\Routing\\Router.php(786): Illuminate\\Routing\\Router->runRouteWithinStack(Object(Illuminate\\Routing\\Route), Object(Illuminate\\Http\\Request))
#24 D:\\BraineBase - Knowledge base management system\\my-project\\vendor\\laravel\\framework\\src\\Illuminate\\Routing\\Router.php(750): Illuminate\\Routing\\Router->runRoute(Object(Illuminate\\Http\\Request), Object(Illuminate\\Routing\\Route))
#25 D:\\BraineBase - Knowledge base management system\\my-project\\vendor\\laravel\\framework\\src\\Illuminate\\Routing\\Router.php(739): Illuminate\\Routing\\Router->dispatchToRoute(Object(Illuminate\\Http\\Request))
#26 D:\\BraineBase - Knowledge base management system\\my-project\\vendor\\laravel\\framework\\src\\Illuminate\\Foundation\\Http\\Kernel.php(201): Illuminate\\Routing\\Router->dispatch(Object(Illuminate\\Http\\Request))
#27 D:\\BraineBase - Knowledge base management system\\my-project\\vendor\\laravel\\framework\\src\\Illuminate\\Pipeline\\Pipeline.php(170): Illuminate\\Foundation\\Http\\Kernel->Illuminate\\Foundation\\Http\\{closure}(Object(Illuminate\\Http\\Request))
#28 D:\\BraineBase - Knowledge base management system\\my-project\\vendor\\laravel\\framework\\src\\Illuminate\\Foundation\\Http\\Middleware\\TransformsRequest.php(21): Illuminate\\Pipeline\\Pipeline->Illuminate\\Pipeline\\{closure}(Object(Illuminate\\Http\\Request))
#29 D:\\BraineBase - Knowledge base management system\\my-project\\vendor\\laravel\\framework\\src\\Illuminate\\Foundation\\Http\\Middleware\\ConvertEmptyStringsToNull.php(31): Illuminate\\Foundation\\Http\\Middleware\\TransformsRequest->handle(Object(Illuminate\\Http\\Request), Object(Closure))
#30 D:\\BraineBase - Knowledge base management system\\my-project\\vendor\\laravel\\framework\\src\\Illuminate\\Pipeline\\Pipeline.php(209): Illuminate\\Foundation\\Http\\Middleware\\ConvertEmptyStringsToNull->handle(Object(Illuminate\\Http\\Request), Object(Closure))
#31 D:\\BraineBase - Knowledge base management system\\my-project\\vendor\\laravel\\framework\\src\\Illuminate\\Foundation\\Http\\Middleware\\TransformsRequest.php(21): Illuminate\\Pipeline\\Pipeline->Illuminate\\Pipeline\\{closure}(Object(Illuminate\\Http\\Request))
#32 D:\\BraineBase - Knowledge base management system\\my-project\\vendor\\laravel\\framework\\src\\Illuminate\\Foundation\\Http\\Middleware\\TrimStrings.php(51): Illuminate\\Foundation\\Http\\Middleware\\TransformsRequest->handle(Object(Illuminate\\Http\\Request), Object(Closure))
#33 D:\\BraineBase - Knowledge base management system\\my-project\\vendor\\laravel\\framework\\src\\Illuminate\\Pipeline\\Pipeline.php(209): Illuminate\\Foundation\\Http\\Middleware\\TrimStrings->handle(Object(Illuminate\\Http\\Request), Object(Closure))
#34 D:\\BraineBase - Knowledge base management system\\my-project\\vendor\\laravel\\framework\\src\\Illuminate\\Http\\Middleware\\ValidatePostSize.php(27): Illuminate\\Pipeline\\Pipeline->Illuminate\\Pipeline\\{closure}(Object(Illuminate\\Http\\Request))
#35 D:\\BraineBase - Knowledge base management system\\my-project\\vendor\\laravel\\framework\\src\\Illuminate\\Pipeline\\Pipeline.php(209): Illuminate\\Http\\Middleware\\ValidatePostSize->handle(Object(Illuminate\\Http\\Request), Object(Closure))
#36 D:\\BraineBase - Knowledge base management system\\my-project\\vendor\\laravel\\framework\\src\\Illuminate\\Foundation\\Http\\Middleware\\PreventRequestsDuringMaintenance.php(110): Illuminate\\Pipeline\\Pipeline->Illuminate\\Pipeline\\{closure}(Object(Illuminate\\Http\\Request))
#37 D:\\BraineBase - Knowledge base management system\\my-project\\vendor\\laravel\\framework\\src\\Illuminate\\Pipeline\\Pipeline.php(209): Illuminate\\Foundation\\Http\\Middleware\\PreventRequestsDuringMaintenance->handle(Object(Illuminate\\Http\\Request), Object(Closure))
#38 D:\\BraineBase - Knowledge base management system\\my-project\\vendor\\laravel\\framework\\src\\Illuminate\\Http\\Middleware\\HandleCors.php(62): Illuminate\\Pipeline\\Pipeline->Illuminate\\Pipeline\\{closure}(Object(Illuminate\\Http\\Request))
#39 D:\\BraineBase - Knowledge base management system\\my-project\\vendor\\laravel\\framework\\src\\Illuminate\\Pipeline\\Pipeline.php(209): Illuminate\\Http\\Middleware\\HandleCors->handle(Object(Illuminate\\Http\\Request), Object(Closure))
#40 D:\\BraineBase - Knowledge base management system\\my-project\\vendor\\laravel\\framework\\src\\Illuminate\\Http\\Middleware\\TrustProxies.php(58): Illuminate\\Pipeline\\Pipeline->Illuminate\\Pipeline\\{closure}(Object(Illuminate\\Http\\Request))
#41 D:\\BraineBase - Knowledge base management system\\my-project\\vendor\\laravel\\framework\\src\\Illuminate\\Pipeline\\Pipeline.php(209): Illuminate\\Http\\Middleware\\TrustProxies->handle(Object(Illuminate\\Http\\Request), Object(Closure))
#42 D:\\BraineBase - Knowledge base management system\\my-project\\vendor\\laravel\\framework\\src\\Illuminate\\Foundation\\Http\\Middleware\\InvokeDeferredCallbacks.php(22): Illuminate\\Pipeline\\Pipeline->Illuminate\\Pipeline\\{closure}(Object(Illuminate\\Http\\Request))
#43 D:\\BraineBase - Knowledge base management system\\my-project\\vendor\\laravel\\framework\\src\\Illuminate\\Pipeline\\Pipeline.php(209): Illuminate\\Foundation\\Http\\Middleware\\InvokeDeferredCallbacks->handle(Object(Illuminate\\Http\\Request), Object(Closure))
#44 D:\\BraineBase - Knowledge base management system\\my-project\\vendor\\laravel\\framework\\src\\Illuminate\\Pipeline\\Pipeline.php(127): Illuminate\\Pipeline\\Pipeline->Illuminate\\Pipeline\\{closure}(Object(Illuminate\\Http\\Request))
#45 D:\\BraineBase - Knowledge base management system\\my-project\\vendor\\laravel\\framework\\src\\Illuminate\\Foundation\\Http\\Kernel.php(176): Illuminate\\Pipeline\\Pipeline->then(Object(Closure))
#46 D:\\BraineBase - Knowledge base management system\\my-project\\vendor\\laravel\\framework\\src\\Illuminate\\Foundation\\Http\\Kernel.php(145): Illuminate\\Foundation\\Http\\Kernel->sendRequestThroughRouter(Object(Illuminate\\Http\\Request))
#47 D:\\BraineBase - Knowledge base management system\\my-project\\vendor\\laravel\\framework\\src\\Illuminate\\Foundation\\Application.php(1220): Illuminate\\Foundation\\Http\\Kernel->handle(Object(Illuminate\\Http\\Request))
#48 D:\\BraineBase - Knowledge base management system\\my-project\\public\\index.php(17): Illuminate\\Foundation\\Application->handleRequest(Object(Illuminate\\Http\\Request))
#49 D:\\BraineBase - Knowledge base management system\\my-project\\vendor\\laravel\\framework\\src\\Illuminate\\Foundation\\resources\\server.php(23): require_once('D:\\\\BraineBase -...')
#50 {main}

[previous exception] [object] (PDOException(code: HY000): SQLSTATE[HY000]: General error: 1 table users has no column named user_type at D:\\BraineBase - Knowledge base management system\\my-project\\vendor\\laravel\\framework\\src\\Illuminate\\Database\\Connection.php:565)
[stacktrace]
#0 D:\\BraineBase - Knowledge base management system\\my-project\\vendor\\laravel\\framework\\src\\Illuminate\\Database\\Connection.php(565): PDO->prepare('insert into \"us...')
#1 D:\\BraineBase - Knowledge base management system\\my-project\\vendor\\laravel\\framework\\src\\Illuminate\\Database\\Connection.php(812): Illuminate\\Database\\Connection->Illuminate\\Database\\{closure}('insert into \"us...', Array)
#2 D:\\BraineBase - Knowledge base management system\\my-project\\vendor\\laravel\\framework\\src\\Illuminate\\Database\\Connection.php(779): Illuminate\\Database\\Connection->runQueryCallback('insert into \"us...', Array, Object(Closure))
#3 D:\\BraineBase - Knowledge base management system\\my-project\\vendor\\laravel\\framework\\src\\Illuminate\\Database\\Connection.php(560): Illuminate\\Database\\Connection->run('insert into \"us...', Array, Object(Closure))
#4 D:\\BraineBase - Knowledge base management system\\my-project\\vendor\\laravel\\framework\\src\\Illuminate\\Database\\Connection.php(524): Illuminate\\Database\\Connection->statement('insert into \"us...', Array)
#5 D:\\BraineBase - Knowledge base management system\\my-project\\vendor\\laravel\\framework\\src\\Illuminate\\Database\\Query\\Builder.php(3717): Illuminate\\Database\\Connection->insert('insert into \"us...', Array)
#6 D:\\BraineBase - Knowledge base management system\\my-project\\vendor\\laravel\\framework\\src\\Illuminate\\Database\\Eloquent\\Builder.php(2120): Illuminate\\Database\\Query\\Builder->insert(Array)
#7 D:\\BraineBase - Knowledge base management system\\my-project\\vendor\\laravel\\framework\\src\\Illuminate\\Database\\Eloquent\\Model.php(1335): Illuminate\\Database\\Eloquent\\Builder->__call('insert', Array)
#8 D:\\BraineBase - Knowledge base management system\\my-project\\vendor\\laravel\\framework\\src\\Illuminate\\Database\\Eloquent\\Model.php(1163): Illuminate\\Database\\Eloquent\\Model->performInsert(Object(Illuminate\\Database\\Eloquent\\Builder))
#9 D:\\BraineBase - Knowledge base management system\\my-project\\vendor\\laravel\\framework\\src\\Illuminate\\Database\\Eloquent\\Builder.php(1128): Illuminate\\Database\\Eloquent\\Model->save()
#10 D:\\BraineBase - Knowledge base management system\\my-project\\vendor\\laravel\\framework\\src\\Illuminate\\Support\\helpers.php(399): Illuminate\\Database\\Eloquent\\Builder->Illuminate\\Database\\Eloquent\\{closure}(Object(App\\Models\\User))
#11 D:\\BraineBase - Knowledge base management system\\my-project\\vendor\\laravel\\framework\\src\\Illuminate\\Database\\Eloquent\\Builder.php(1127): tap(Object(App\\Models\\User), Object(Closure))
#12 D:\\BraineBase - Knowledge base management system\\my-project\\vendor\\laravel\\framework\\src\\Illuminate\\Support\\Traits\\ForwardsCalls.php(23): Illuminate\\Database\\Eloquent\\Builder->create(Array)
#13 D:\\BraineBase - Knowledge base management system\\my-project\\vendor\\laravel\\framework\\src\\Illuminate\\Database\\Eloquent\\Model.php(2372): Illuminate\\Database\\Eloquent\\Model->forwardCallTo(Object(Illuminate\\Database\\Eloquent\\Builder), 'create', Array)
#14 D:\\BraineBase - Knowledge base management system\\my-project\\vendor\\laravel\\framework\\src\\Illuminate\\Database\\Eloquent\\Model.php(2384): Illuminate\\Database\\Eloquent\\Model->__call('create', Array)
#15 D:\\BraineBase - Knowledge base management system\\my-project\\app\\Http\\Controllers\\API\\ControllerApi.php(47): Illuminate\\Database\\Eloquent\\Model::__callStatic('create', Array)
#16 D:\\BraineBase - Knowledge base management system\\my-project\\vendor\\laravel\\framework\\src\\Illuminate\\Routing\\ControllerDispatcher.php(47): App\\Http\\Controllers\\API\\ControllerApi->register(Object(Illuminate\\Http\\Request))
#17 D:\\BraineBase - Knowledge base management system\\my-project\\vendor\\laravel\\framework\\src\\Illuminate\\Routing\\Route.php(266): Illuminate\\Routing\\ControllerDispatcher->dispatch(Object(Illuminate\\Routing\\Route), Object(App\\Http\\Controllers\\API\\ControllerApi), 'register')
#18 D:\\BraineBase - Knowledge base management system\\my-project\\vendor\\laravel\\framework\\src\\Illuminate\\Routing\\Route.php(212): Illuminate\\Routing\\Route->runController()
#19 D:\\BraineBase - Knowledge base management system\\my-project\\vendor\\laravel\\framework\\src\\Illuminate\\Routing\\Router.php(808): Illuminate\\Routing\\Route->run()
#20 D:\\BraineBase - Knowledge base management system\\my-project\\vendor\\laravel\\framework\\src\\Illuminate\\Pipeline\\Pipeline.php(170): Illuminate\\Routing\\Router->Illuminate\\Routing\\{closure}(Object(Illuminate\\Http\\Request))
#21 D:\\BraineBase - Knowledge base management system\\my-project\\vendor\\laravel\\framework\\src\\Illuminate\\Routing\\Middleware\\SubstituteBindings.php(51): Illuminate\\Pipeline\\Pipeline->Illuminate\\Pipeline\\{closure}(Object(Illuminate\\Http\\Request))
#22 D:\\BraineBase - Knowledge base management system\\my-project\\vendor\\laravel\\framework\\src\\Illuminate\\Pipeline\\Pipeline.php(209): Illuminate\\Routing\\Middleware\\SubstituteBindings->handle(Object(Illuminate\\Http\\Request), Object(Closure))
#23 D:\\BraineBase - Knowledge base management system\\my-project\\vendor\\laravel\\framework\\src\\Illuminate\\Pipeline\\Pipeline.php(127): Illuminate\\Pipeline\\Pipeline->Illuminate\\Pipeline\\{closure}(Object(Illuminate\\Http\\Request))
#24 D:\\BraineBase - Knowledge base management system\\my-project\\vendor\\laravel\\framework\\src\\Illuminate\\Routing\\Router.php(807): Illuminate\\Pipeline\\Pipeline->then(Object(Closure))
#25 D:\\BraineBase - Knowledge base management system\\my-project\\vendor\\laravel\\framework\\src\\Illuminate\\Routing\\Router.php(786): Illuminate\\Routing\\Router->runRouteWithinStack(Object(Illuminate\\Routing\\Route), Object(Illuminate\\Http\\Request))
#26 D:\\BraineBase - Knowledge base management system\\my-project\\vendor\\laravel\\framework\\src\\Illuminate\\Routing\\Router.php(750): Illuminate\\Routing\\Router->runRoute(Object(Illuminate\\Http\\Request), Object(Illuminate\\Routing\\Route))
#27 D:\\BraineBase - Knowledge base management system\\my-project\\vendor\\laravel\\framework\\src\\Illuminate\\Routing\\Router.php(739): Illuminate\\Routing\\Router->dispatchToRoute(Object(Illuminate\\Http\\Request))
#28 D:\\BraineBase - Knowledge base management system\\my-project\\vendor\\laravel\\framework\\src\\Illuminate\\Foundation\\Http\\Kernel.php(201): Illuminate\\Routing\\Router->dispatch(Object(Illuminate\\Http\\Request))
#29 D:\\BraineBase - Knowledge base management system\\my-project\\vendor\\laravel\\framework\\src\\Illuminate\\Pipeline\\Pipeline.php(170): Illuminate\\Foundation\\Http\\Kernel->Illuminate\\Foundation\\Http\\{closure}(Object(Illuminate\\Http\\Request))
#30 D:\\BraineBase - Knowledge base management system\\my-project\\vendor\\laravel\\framework\\src\\Illuminate\\Foundation\\Http\\Middleware\\TransformsRequest.php(21): Illuminate\\Pipeline\\Pipeline->Illuminate\\Pipeline\\{closure}(Object(Illuminate\\Http\\Request))
#31 D:\\BraineBase - Knowledge base management system\\my-project\\vendor\\laravel\\framework\\src\\Illuminate\\Foundation\\Http\\Middleware\\ConvertEmptyStringsToNull.php(31): Illuminate\\Foundation\\Http\\Middleware\\TransformsRequest->handle(Object(Illuminate\\Http\\Request), Object(Closure))
#32 D:\\BraineBase - Knowledge base management system\\my-project\\vendor\\laravel\\framework\\src\\Illuminate\\Pipeline\\Pipeline.php(209): Illuminate\\Foundation\\Http\\Middleware\\ConvertEmptyStringsToNull->handle(Object(Illuminate\\Http\\Request), Object(Closure))
#33 D:\\BraineBase - Knowledge base management system\\my-project\\vendor\\laravel\\framework\\src\\Illuminate\\Foundation\\Http\\Middleware\\TransformsRequest.php(21): Illuminate\\Pipeline\\Pipeline->Illuminate\\Pipeline\\{closure}(Object(Illuminate\\Http\\Request))
#34 D:\\BraineBase - Knowledge base management system\\my-project\\vendor\\laravel\\framework\\src\\Illuminate\\Foundation\\Http\\Middleware\\TrimStrings.php(51): Illuminate\\Foundation\\Http\\Middleware\\TransformsRequest->handle(Object(Illuminate\\Http\\Request), Object(Closure))
#35 D:\\BraineBase - Knowledge base management system\\my-project\\vendor\\laravel\\framework\\src\\Illuminate\\Pipeline\\Pipeline.php(209): Illuminate\\Foundation\\Http\\Middleware\\TrimStrings->handle(Object(Illuminate\\Http\\Request), Object(Closure))
#36 D:\\BraineBase - Knowledge base management system\\my-project\\vendor\\laravel\\framework\\src\\Illuminate\\Http\\Middleware\\ValidatePostSize.php(27): Illuminate\\Pipeline\\Pipeline->Illuminate\\Pipeline\\{closure}(Object(Illuminate\\Http\\Request))
#37 D:\\BraineBase - Knowledge base management system\\my-project\\vendor\\laravel\\framework\\src\\Illuminate\\Pipeline\\Pipeline.php(209): Illuminate\\Http\\Middleware\\ValidatePostSize->handle(Object(Illuminate\\Http\\Request), Object(Closure))
#38 D:\\BraineBase - Knowledge base management system\\my-project\\vendor\\laravel\\framework\\src\\Illuminate\\Foundation\\Http\\Middleware\\PreventRequestsDuringMaintenance.php(110): Illuminate\\Pipeline\\Pipeline->Illuminate\\Pipeline\\{closure}(Object(Illuminate\\Http\\Request))
#39 D:\\BraineBase - Knowledge base management system\\my-project\\vendor\\laravel\\framework\\src\\Illuminate\\Pipeline\\Pipeline.php(209): Illuminate\\Foundation\\Http\\Middleware\\PreventRequestsDuringMaintenance->handle(Object(Illuminate\\Http\\Request), Object(Closure))
#40 D:\\BraineBase - Knowledge base management system\\my-project\\vendor\\laravel\\framework\\src\\Illuminate\\Http\\Middleware\\HandleCors.php(62): Illuminate\\Pipeline\\Pipeline->Illuminate\\Pipeline\\{closure}(Object(Illuminate\\Http\\Request))
#41 D:\\BraineBase - Knowledge base management system\\my-project\\vendor\\laravel\\framework\\src\\Illuminate\\Pipeline\\Pipeline.php(209): Illuminate\\Http\\Middleware\\HandleCors->handle(Object(Illuminate\\Http\\Request), Object(Closure))
#42 D:\\BraineBase - Knowledge base management system\\my-project\\vendor\\laravel\\framework\\src\\Illuminate\\Http\\Middleware\\TrustProxies.php(58): Illuminate\\Pipeline\\Pipeline->Illuminate\\Pipeline\\{closure}(Object(Illuminate\\Http\\Request))
#43 D:\\BraineBase - Knowledge base management system\\my-project\\vendor\\laravel\\framework\\src\\Illuminate\\Pipeline\\Pipeline.php(209): Illuminate\\Http\\Middleware\\TrustProxies->handle(Object(Illuminate\\Http\\Request), Object(Closure))
#44 D:\\BraineBase - Knowledge base management system\\my-project\\vendor\\laravel\\framework\\src\\Illuminate\\Foundation\\Http\\Middleware\\InvokeDeferredCallbacks.php(22): Illuminate\\Pipeline\\Pipeline->Illuminate\\Pipeline\\{closure}(Object(Illuminate\\Http\\Request))
#45 D:\\BraineBase - Knowledge base management system\\my-project\\vendor\\laravel\\framework\\src\\Illuminate\\Pipeline\\Pipeline.php(209): Illuminate\\Foundation\\Http\\Middleware\\InvokeDeferredCallbacks->handle(Object(Illuminate\\Http\\Request), Object(Closure))
#46 D:\\BraineBase - Knowledge base management system\\my-project\\vendor\\laravel\\framework\\src\\Illuminate\\Pipeline\\Pipeline.php(127): Illuminate\\Pipeline\\Pipeline->Illuminate\\Pipeline\\{closure}(Object(Illuminate\\Http\\Request))
#47 D:\\BraineBase - Knowledge base management system\\my-project\\vendor\\laravel\\framework\\src\\Illuminate\\Foundation\\Http\\Kernel.php(176): Illuminate\\Pipeline\\Pipeline->then(Object(Closure))
#48 D:\\BraineBase - Knowledge base management system\\my-project\\vendor\\laravel\\framework\\src\\Illuminate\\Foundation\\Http\\Kernel.php(145): Illuminate\\Foundation\\Http\\Kernel->sendRequestThroughRouter(Object(Illuminate\\Http\\Request))
#49 D:\\BraineBase - Knowledge base management system\\my-project\\vendor\\laravel\\framework\\src\\Illuminate\\Foundation\\Application.php(1220): Illuminate\\Foundation\\Http\\Kernel->handle(Object(Illuminate\\Http\\Request))
#50 D:\\BraineBase - Knowledge base management system\\my-project\\public\\index.php(17): Illuminate\\Foundation\\Application->handleRequest(Object(Illuminate\\Http\\Request))
#51 D:\\BraineBase - Knowledge base management system\\my-project\\vendor\\laravel\\framework\\src\\Illuminate\\Foundation\\resources\\server.php(23): require_once('D:\\\\BraineBase -...')
#52 {main}
"} 
